game_id,date,timestamp,home_team_id,away_team_id,home_team_name,away_team_name,predicted_winner,predicted_home_prob,predicted_away_prob,confidence,actual_winner,actual_home_score,actual_away_score,correct,elo_diff,is_close_game,is_toss_up,home_back_to_back,away_back_to_back,rest_fatigue_active,close_game_enhancement_active,momentum_active,home_momentum_adjustment,away_momentum_adjustment,home_elo,away_elo,margin_of_victory,upset,predicted_home_score,predicted_away_score,predicted_margin,predicted_home_q1,predicted_home_q2,predicted_home_q3,predicted_home_q4,predicted_away_q1,predicted_away_q2,predicted_away_q3,predicted_away_q4
20260510_16_24,20260510,2026-05-11T07:03:41.445143,16,24,Minnesota Timberwolves,San Antonio Spurs,away,0.3159113911583967,0.6840886088416033,0.6840886088416033,home,114,109,False,-128.92517185823976,False,False,False,False,True,False,True,-26.0,57.0,1607.4400575705129,1736.3652294287526,5,False,113.0,115.0,-1.6,,,,,,,,
20260510_20_18,20260510,2026-05-11T07:03:41.424909,20,18,Philadelphia 76ers,New York Knicks,away,0.2904220657357974,0.7095779342642026,0.7095779342642026,away,114,144,True,-156.01553383017108,False,False,False,False,True,False,True,-80.0,168.0,1523.6909951521427,1679.7065289823138,30,False,113.0,115.0,-2.5,,,,,,,,
20260509_5_8,20260509,2026-05-10T07:03:36.654567,5,8,Cleveland Cavaliers,Detroit Pistons,home,0.55,0.44999999999999996,0.55,home,116,109,True,-61.68492674158915,True,False,False,False,True,True,True,-3.0,49.0,1613.394962800176,1675.0798895417652,7,True,115.0,114.0,0.7,,,,,,,,
20260509_13_25,20260509,2026-05-10T07:03:36.671840,13,25,Los Angeles Lakers,Oklahoma City Thunder,away,0.3353722600727318,0.6646277399272682,0.6646277399272682,away,108,131,True,-181.86820014092245,False,False,False,False,True,False,True,-45.0,96.0,1598.0511354065145,1779.9193355474367,23,False,112.0,116.0,-3.4,,,,,,,,
20260508_16_24,20260508,2026-05-09T07:03:08.894447,16,24,Minnesota Timberwolves,San Antonio Spurs,away,0.3512591992222764,0.6487408007777236,0.6487408007777236,away,108,115,True,-147.41927627494465,False,False,False,False,True,False,True,-43.0,83.0,1598.1930053621604,1745.612281637105,7,False,113.0,115.0,-2.2,,,,,,,,
20260508_20_18,20260508,2026-05-09T07:03:08.874034,20,18,Philadelphia 76ers,New York Knicks,away,0.3163809657018215,0.6836190342981785,0.6836190342981785,away,94,108,True,-138.64704183844833,False,False,False,False,True,False,True,-37.0,166.79999999999998,1532.375241148004,1671.0222829864524,14,False,113.0,115.0,-1.9,,,,,,,,
20260507_8_5,20260507,2026-05-08T07:03:03.412672,8,5,Detroit Pistons,Cleveland Cavaliers,home,0.5784250361742544,0.42157496382574555,0.5784250361742544,home,107,97,True,80.19592664173524,True,True,False,False,True,True,True,75.6,-5.0,1684.3353894918382,1604.139462850103,10,False,117.0,111.0,5.6,,,,,,,,
20260507_25_13,20260507,2026-05-08T07:03:03.434126,25,13,Oklahoma City Thunder,Los Angeles Lakers,home,0.9,0.09999999999999998,0.9,home,125,107,True,167.25713161658678,False,False,False,False,True,False,True,84.0,-41.0,1772.613801285269,1605.356669668682,18,False,118.0,110.0,8.6,,,,,,,,
20260506_24_16,20260506,2026-05-07T07:03:05.000114,24,16,San Antonio Spurs,Minnesota Timberwolves,home,0.65,0.35,0.65,home,133,95,True,136.67660286667092,False,False,False,False,True,False,True,88.0,-20.0,1740.2409449329682,1603.5643420662973,38,False,118.0,110.0,7.6,,,,,,,,
20260506_18_20,20260506,2026-05-07T07:03:04.977576,18,20,New York Knicks,Philadelphia 76ers,home,0.9,0.09999999999999998,0.9,home,108,102,True,124.18240908569668,False,False,False,False,True,False,True,169.2,-7.0,1663.7899666100766,1539.60755752438,6,False,118.0,111.0,7.1,,,,,,,,
20260505_8_5,20260505,2026-05-06T07:03:05.708706,8,5,Detroit Pistons,Cleveland Cavaliers,home,0.5572970924947993,0.4427029075052007,0.5572970924947993,home,111,101,True,66.4163268036491,True,True,False,False,True,True,True,47.0,1.0,1677.4455895727951,1611.029262769146,10,False,117.0,112.0,5.1,,,,,,,,
20260505_25_13,20260505,2026-05-06T07:03:05.730149,25,13,Oklahoma City Thunder,Los Angeles Lakers,home,0.8352318791011628,0.1647681208988372,0.8352318791011628,home,108,90,True,155.19356583552553,False,False,False,False,True,False,True,104.4,-19.0,1766.5820183947385,1611.3884525592127,18,False,118.0,110.0,8.2,,,,,,,,
20260504_24_16,20260504,2026-05-05T07:02:52.884352,24,16,San Antonio Spurs,Minnesota Timberwolves,home,0.7203721783933508,0.27962782160664923,0.7203721783933508,away,102,104,False,119.34902506866706,False,False,False,False,True,False,True,47.0,35.0,1731.5771560339665,1612.2281309652992,2,False,118.0,111.0,7.0,,,,,,,,
20260504_18_20,20260504,2026-05-05T07:02:52.869050,18,20,New York Knicks,Philadelphia 76ers,home,0.8605959851558044,0.13940401484419562,0.8605959851558044,home,137,98,True,114.9440453191578,False,False,False,False,True,False,True,134.0,-33.0,1659.1707847268071,1544.2267394076491,39,False,118.0,111.0,6.8,,,,,,,,
20260503_8_19,20260503,2026-05-04T07:02:56.291652,8,19,Detroit Pistons,Orlando Magic,home,0.7937961219936129,0.20620387800638706,0.7937961219936129,home,116,94,True,124.06142314504972,False,False,False,False,True,False,True,29.0,-29.0,1670.1946585078117,1546.1332353627618,22,False,118.0,111.0,7.1,,,,,,,,
20260503_5_28,20260503,2026-05-04T07:02:56.307750,5,28,Cleveland Cavaliers,Toronto Raptors,home,0.8431276322531083,0.15687236774689173,0.8431276322531083,home,114,102,True,87.3917452776418,True,False,False,False,True,True,True,-11.0,11.0,1618.2801938341297,1530.888448556488,12,False,117.0,111.0,5.9,,,,,,,,
20260502_2_20,20260502,2026-05-03T07:02:57.132532,2,20,Boston Celtics,Philadelphia 76ers,home,0.851053791444667,0.14894620855533303,0.851053791444667,away,100,109,False,104.53037006542309,False,False,False,False,True,False,True,2.0,-2.0,1658.176888970046,1553.6465189046228,9,False,117.0,111.0,6.5,,,,,,,,
20260501_28_5,20260501,2026-05-02T07:03:23.414287,28,5,Toronto Raptors,Cleveland Cavaliers,away,0.3831617947964263,0.6168382052035737,0.6168382052035737,home,112,110,False,-73.20327300599956,True,False,False,False,True,True,True,13.0,-13.0,1537.982684692309,1611.1859576983086,2,False,114.0,114.0,0.3,,,,,,,,
20260501_19_8,20260501,2026-05-02T07:03:23.395457,19,8,Orlando Magic,Detroit Pistons,away,0.4673662998389184,0.5326337001610816,0.5326337001610816,away,79,93,True,-108.7926777023597,False,False,False,False,True,False,True,-22.0,22.0,1553.7676080841068,1662.5602857864665,14,False,114.0,115.0,-0.9,,,,,,,,
20260501_10_13,20260501,2026-05-02T07:03:23.434873,10,13,Houston Rockets,Los Angeles Lakers,away,0.4659887941599077,0.5340112058400923,0.5340112058400923,away,78,98,True,-19.17572674994358,True,False,False,False,True,True,True,-6.0,6.0,1598.5736329823062,1617.7493597322498,20,False,115.0,113.0,2.2,,,,,,,,
20260430_16_7,20260430,2026-05-01T07:02:52.441742,16,7,Minnesota Timberwolves,Denver Nuggets,away,0.3387607361405087,0.6612392638594913,0.6612392638594913,home,110,98,False,-29.31232608739083,True,False,False,False,True,True,True,38.0,-38.0,1606.3130109288932,1635.625337016284,12,False,115.0,113.0,1.8,,,,,,,,
20260430_20_2,20260430,2026-05-01T07:02:52.414594,20,2,Philadelphia 76ers,Boston Celtics,away,0.3010289601680771,0.6989710398319229,0.6989710398319229,home,106,93,False,-128.91458183307213,False,False,False,False,True,False,True,3.0,-3.0,1541.4544130207985,1670.3689948538704,13,False,113.0,115.0,-1.6,,,,,,,,
20260430_1_18,20260430,2026-05-01T07:02:52.428385,1,18,Atlanta Hawks,New York Knicks,away,0.3545889499485669,0.6454110500514332,0.6454110500514332,away,89,140,True,-112.49793106333914,False,False,False,False,True,False,True,-94.0,94.0,1537.2530741664946,1649.7510052298337,51,False,114.0,115.0,-1.0,,,,,,,,
20260429_8_19,20260429,2026-04-30T07:03:05.728056,8,19,Detroit Pistons,Orlando Magic,home,0.65,0.35,0.65,home,116,109,True,92.56666806939916,True,False,False,False,True,True,True,-3.0,3.0,1654.4472809699862,1561.880612900587,7,False,117.0,111.0,6.0,,,,,,,,
20260429_5_28,20260429,2026-04-30T07:03:05.747529,5,28,Cleveland Cavaliers,Toronto Raptors,home,0.8418582286106839,0.15814177138931607,0.8418582286106839,home,125,120,True,82.91302068608775,True,False,False,False,True,True,True,2.0,-2.0,1616.040831538353,1533.127810852265,5,False,117.0,111.0,5.7,,,,,,,,
20260429_13_10,20260429,2026-04-30T07:03:05.769929,13,10,Los Angeles Lakers,Houston Rockets,home,0.75,0.25,0.75,away,93,99,False,-5.477108731458202,True,False,False,False,True,True,True,-5.0,5.0,1605.422941991549,1610.900050723007,6,True,115.0,113.0,2.7,,,,,,,,
20260428_18_1,20260428,2026-04-29T07:02:59.231426,18,1,New York Knicks,Atlanta Hawks,home,0.840705375298512,0.15929462470148803,0.840705375298512,home,126,97,True,88.56206438916274,True,False,False,False,True,True,True,54.0,-54.0,1637.7830718927455,1549.2210075035828,29,False,117.0,111.0,5.9,,,,,,,,
20260428_2_20,20260428,2026-04-29T07:02:59.208853,2,20,Boston Celtics,Philadelphia 76ers,home,0.9,0.09999999999999998,0.9,away,97,113,False,156.2460150810707,False,False,False,False,True,False,True,42.0,-42.0,1684.0347114778697,1527.788696396799,16,False,118.0,110.0,8.2,,,,,,,,
20260428_24_22,20260428,2026-04-29T07:02:59.253176,24,22,San Antonio Spurs,Portland Trail Blazers,home,0.8811017230078906,0.11889827699210942,0.8811017230078906,home,114,95,True,224.04002297887791,False,False,False,False,True,False,True,62.0,-62.0,1737.4922760703723,1513.4522530914944,19,False,119.0,109.0,10.6,,,,,,,,
20260427_21_25,20260427,2026-04-28T07:02:50.099958,21,25,Phoenix Suns,Oklahoma City Thunder,away,0.2799999999999999,0.7200000000000001,0.7200000000000001,away,122,131,True,-236.3850653761574,False,False,False,False,True,False,True,-54.0,37.0,1523.8360458455438,1760.2211112217012,9,False,111.0,117.0,-5.3,,,,,,,,
20260427_7_16,20260427,2026-04-28T07:02:50.123059,7,16,Denver Nuggets,Minnesota Timberwolves,home,0.8863366118695989,0.11366338813040111,0.8863366118695989,home,125,113,True,50.40746574504374,True,False,False,False,True,True,True,-15.0,15.0,1646.1729068451104,1595.7654411000667,12,False,116.0,112.0,4.6,,,,,,,,
20260427_19_8,20260427,2026-04-28T07:02:50.075926,19,8,Orlando Magic,Detroit Pistons,away,0.4464310601472047,0.5535689398527953,0.5535689398527953,home,94,88,False,-81.32729483944763,True,True,False,False,True,True,True,41.0,2.0,1567.5002995155628,1648.8275943550104,6,False,114.0,114.0,0.0,,,,,,,,
20260426_20_2,20260426,2026-04-27T07:03:32.891410,20,2,Philadelphia 76ers,Boston Celtics,away,0.3114594050395132,0.6885405949604868,0.6885405949604868,away,96,128,True,-189.1177820615576,False,False,False,False,True,False,True,-46.0,63.0,1511.3528129065555,1700.4705949681131,32,False,112.0,116.0,-3.7,,,,,,,,
20260426_22_24,20260426,2026-04-27T07:03:32.919929,22,24,Portland Trail Blazers,San Antonio Spurs,away,0.2964233452809909,0.7035766547190091,0.7035766547190091,away,93,114,True,-214.70995292279576,False,False,False,False,True,False,True,-39.0,33.0,1518.1172881195355,1732.8272410423313,21,False,112.0,116.0,-4.6,,,,,,,,
20260426_10_13,20260426,2026-04-27T07:03:32.934368,10,13,Houston Rockets,Los Angeles Lakers,away,0.3181304800167984,0.6818695199832017,0.6818695199832017,home,115,96,False,-10.49025778929922,True,False,False,False,True,True,True,30.0,25.0,1602.9163674626284,1613.4066252519276,19,False,115.0,113.0,2.5,,,,,,,,
20260426_28_5,20260426,2026-04-27T07:03:32.905322,28,5,Toronto Raptors,Cleveland Cavaliers,away,0.4037599067569912,0.5962400932430088,0.5962400932430088,home,93,89,False,-72.99405189636309,True,False,False,False,True,True,True,38.0,10.0,1538.0872952471273,1611.0813471434903,4,False,114.0,114.0,0.3,,,,,,,,
20260425_1_18,20260425,2026-04-26T07:02:53.989364,1,18,Atlanta Hawks,New York Knicks,away,0.466811146868748,0.5331888531312521,0.5331888531312521,away,98,114,True,-69.41715790328522,True,False,False,False,True,True,True,-51.0,11.0,1558.7934607465215,1628.2106186498067,16,False,114.0,114.0,0.4,,,,,,,,
20260425_21_25,20260425,2026-04-26T07:02:54.003761,21,25,Phoenix Suns,Oklahoma City Thunder,away,0.2799999999999999,0.7200000000000001,0.7200000000000001,away,109,121,True,-228.2823259585816,False,False,False,False,True,False,True,-49.0,8.0,1527.8874155543317,1756.169741512913,12,False,112.0,117.0,-5.0,,,,,,,,
20260425_19_8,20260425,2026-04-26T07:02:53.970013,19,8,Orlando Magic,Detroit Pistons,away,0.3629792237570568,0.6370207762429432,0.6370207762429432,home,113,105,False,-99.30375072490163,True,False,False,False,True,True,True,23.0,26.0,1558.5120715728358,1657.8158222977374,8,False,114.0,114.0,-0.6,,,,,,,,
20260425_16_7,20260425,2026-04-26T07:02:54.018814,16,7,Minnesota Timberwolves,Denver Nuggets,away,0.3174550031601076,0.6825449968398924,0.6825449968398924,home,112,96,False,-33.99727712952381,True,False,False,False,True,True,True,33.0,-17.0,1603.970535407827,1637.9678125373505,16,False,115.0,113.0,1.7,,,,,,,,
20260424_20_2,20260424,2026-04-25T07:02:58.759233,20,2,Philadelphia 76ers,Boston Celtics,away,0.3433967554028708,0.6566032445971293,0.6566032445971293,away,100,108,True,-173.7081250799447,False,False,False,False,True,False,True,6.0,57.0,1519.057641397362,1692.765766477307,8,False,113.0,116.0,-3.2,,,,,,,,
20260424_10_13,20260424,2026-04-25T07:02:58.788888,10,13,Houston Rockets,Los Angeles Lakers,away,0.3326865134164729,0.6673134865835271,0.6673134865835271,away,108,112,True,-34.00408429778986,True,False,False,False,True,True,True,7.0,86.39999999999999,1591.159454208383,1625.163538506173,4,False,115.0,113.0,1.7,,,,,,,,
20260424_22_24,20260424,2026-04-25T07:02:58.774135,22,24,Portland Trail Blazers,San Antonio Spurs,away,0.3464210664230751,0.6535789335769249,0.6535789335769249,away,108,120,True,-202.5869638536324,False,False,False,False,True,False,True,-6.0,31.0,1524.1787826541172,1726.7657465077496,12,False,112.0,116.0,-4.1,,,,,,,,
20260423_28_5,20260423,2026-04-24T07:02:50.917991,28,5,Toronto Raptors,Cleveland Cavaliers,away,0.353525507858591,0.646474492141409,0.646474492141409,home,126,104,False,-87.36794424546451,True,False,False,False,True,True,True,17.0,-8.0,1530.9003490725763,1618.268293318041,22,False,114.0,114.0,-0.2,,,,,,,,
20260423_1_18,20260423,2026-04-24T07:02:50.899319,1,18,Atlanta Hawks,New York Knicks,away,0.4467764355212139,0.5532235644787862,0.5532235644787862,home,109,108,False,-49.93341269877578,True,True,False,False,True,True,True,-13.0,12.0,1568.5353333487762,1618.468746047552,1,False,115.0,114.0,1.1,,,,,,,,
20260423_16_7,20260423,2026-04-24T07:02:50.939236,16,7,Minnesota Timberwolves,Denver Nuggets,away,0.2799999999999999,0.7200000000000001,0.7200000000000001,home,113,96,False,-57.747106048990645,True,False,False,False,True,True,True,21.0,19.0,1592.0956209480933,1649.842726997084,17,False,115.0,114.0,0.9,,,,,,,,
20260422_25_21,20260422,2026-04-23T07:03:00.334191,25,21,Oklahoma City Thunder,Phoenix Suns,home,0.9,0.09999999999999998,0.9,home,120,107,True,218.8753514665541,False,False,False,False,True,False,True,14.0,-5.0,1751.4662542668996,1532.5909028003457,13,False,119.0,109.0,10.4,,,,,,,,
20260422_8_19,20260422,2026-04-23T07:03:00.319019,8,19,Detroit Pistons,Orlando Magic,home,0.7226109316625786,0.2773890683374214,0.7226109316625786,home,98,83,True,120.55044866661116,False,False,False,False,True,False,True,60.0,10.0,1668.4391712685922,1547.888722601981,15,False,118.0,111.0,7.0,,,,,,,,
20260421_13_10,20260421,2026-04-22T07:02:57.646489,13,10,Los Angeles Lakers,Houston Rockets,home,0.75,0.25,0.75,home,101,94,True,21.92802004492728,True,False,False,False,True,True,True,100.8,22.0,1619.1255063797416,1597.1974863348144,7,False,116.0,112.0,3.6,,,,,,,,
20260421_2_20,20260421,2026-04-22T07:02:57.613963,2,20,Boston Celtics,Philadelphia 76ers,home,0.9,0.09999999999999998,0.9,away,97,111,False,163.62190604122634,False,False,False,False,True,False,True,43.0,25.0,1687.7226569579475,1524.1007509167212,14,False,118.0,110.0,8.5,,,,,,,,
20260421_24_22,20260421,2026-04-22T07:02:57.629860,24,22,San Antonio Spurs,Portland Trail Blazers,home,0.8503615099410952,0.14963849005890484,0.8503615099410952,away,103,106,False,192.06946773530308,False,False,False,False,True,False,True,30.0,25.0,1721.506998448585,1529.4375307132818,3,False,119.0,109.0,9.5,,,,,,,,
20260420_7_16,20260420,2026-04-21T07:03:00.300336,7,16,Denver Nuggets,Minnesota Timberwolves,home,0.9,0.09999999999999998,0.9,away,114,119,False,83.5660333873684,True,False,False,False,True,True,True,53.0,-8.0,1662.7521906662728,1579.1861572789044,5,False,117.0,111.0,5.7,,,,,,,,
20260420_18_1,20260420,2026-04-21T07:03:00.200788,18,1,New York Knicks,Atlanta Hawks,home,0.8207856756640117,0.17921432433598827,0.8207856756640117,away,106,107,False,55.6820033298693,True,False,False,False,True,True,True,19.0,-20.0,1621.3430413630988,1565.6610380332295,1,False,117.0,112.0,4.8,,,,,,,,
20260420_5_28,20260420,2026-04-21T07:03:00.250781,5,28,Cleveland Cavaliers,Toronto Raptors,home,0.8696772247119875,0.1303227752880125,0.8696772247119875,home,115,105,True,117.284242069255,False,False,False,False,True,False,True,20.0,9.0,1633.2264422299363,1515.9422001606813,10,False,118.0,111.0,6.9,,,,,,,,
20260419_25_21,20260419,2026-04-20T07:03:01.679879,25,21,Oklahoma City Thunder,Phoenix Suns,home,0.9,0.09999999999999998,0.9,home,119,84,True,210.46851473788183,False,False,False,False,True,False,True,37.0,-20.0,1747.2628359025634,1536.7943211646816,35,False,119.0,109.0,10.1,,,,,,,,
20260419_24_22,20260419,2026-04-20T07:03:01.710539,24,22,San Antonio Spurs,Portland Trail Blazers,home,0.8268720766730371,0.17312792332696292,0.8268720766730371,home,111,98,True,208.62096308270475,False,False,False,False,True,False,True,46.0,11.0,1729.7827461222855,1521.161783039581,13,False,119.0,109.0,10.0,,,,,,,,
20260419_2_20,20260419,2026-04-20T07:03:01.652463,2,20,Boston Celtics,Philadelphia 76ers,home,0.9,0.09999999999999998,0.9,home,123,91,True,195.29696736067763,False,False,False,False,True,False,True,68.0,0.0,1703.5601876176731,1508.2632202569955,32,False,119.0,109.0,9.6,,,,,,,,
20260419_8_19,20260419,2026-04-20T07:03:01.623823,8,19,Detroit Pistons,Orlando Magic,home,0.8017010382336754,0.19829896176632456,0.8017010382336754,away,101,112,False,106.9518403812765,False,False,False,False,True,False,True,29.0,49.0,1661.6398671259249,1554.6880267446484,11,False,117.0,111.0,6.5,,,,,,,,
20260418_5_28,20260418,2026-04-19T07:02:46.106087,5,28,Cleveland Cavaliers,Toronto Raptors,home,0.8598821046495598,0.14011789535044017,0.8598821046495598,home,126,113,True,105.5363408711014,False,False,False,False,True,False,True,26.0,45.0,1627.3524916308595,1521.816150759758,13,False,117.0,111.0,6.5,,,,,,,,
20260418_7_16,20260418,2026-04-19T07:02:46.121673,7,16,Denver Nuggets,Minnesota Timberwolves,home,0.9,0.09999999999999998,0.9,home,116,105,True,101.68062314351346,False,False,False,False,True,False,True,75.6,7.0,1671.8094855443453,1570.1288624008318,11,False,117.0,111.0,6.4,,,,,,,,
20260418_13_10,20260418,2026-04-19T07:02:46.138402,13,10,Los Angeles Lakers,Houston Rockets,home,0.65,0.35,0.65,home,107,98,True,7.476542362624286,True,False,False,False,True,True,True,41.0,43.0,1611.89976753859,1604.423225175966,9,False,116.0,113.0,3.1,,,,,,,,
20260418_18_1,20260418,2026-04-19T07:02:46.089863,18,1,New York Knicks,Atlanta Hawks,home,0.7949905859069523,0.20500941409304774,0.7949905859069523,home,113,102,True,62.10684907949849,True,False,False,False,True,True,True,23.0,-24.0,1624.5554642379134,1562.448615158415,11,False,117.0,112.0,5.0,,,,,,,,
20260417_19_30,20260417,2026-04-18T07:02:50.705673,19,30,Orlando Magic,Charlotte Hornets,home,0.5107752541218397,0.48922474587816034,0.5107752541218397,home,121,90,True,-35.75602795780151,True,True,False,False,True,True,True,50.0,-45.0,1541.4221378523653,1577.1781658101668,31,True,115.0,113.0,1.6,,,,,,,,
20260417_21_9,20260417,2026-04-18T07:02:50.726421,21,9,Phoenix Suns,Golden State Warriors,home,0.5048116317469613,0.4951883682530387,0.5048116317469613,home,111,96,True,89.87137806627561,True,True,False,False,True,True,True,20.0,-37.0,1542.821352554798,1452.9499744885225,15,False,117.0,111.0,5.9,,,,,,,,
20260415_20_19,20260415,2026-04-16T07:02:48.686413,20,19,Philadelphia 76ers,Orlando Magic,home,0.5178518464303292,0.4821481535696708,0.5178518464303292,home,109,97,True,-12.282849860391934,True,True,False,False,True,True,True,19.0,35.0,1514.5220167973314,1526.804866657723,12,True,115.0,113.0,2.4,,,,,,,,
20260415_12_9,20260415,2026-04-16T07:02:48.700499,12,9,Los Angeles Clippers,Golden State Warriors,home,0.55,0.44999999999999996,0.55,away,121,126,False,82.08822750793456,True,True,False,False,True,True,True,-24.0,-17.0,1542.545527182486,1460.4572996745517,5,False,117.0,111.0,5.7,,,,,,,,
20260414_30_14,20260414,2026-04-15T07:02:56.879895,30,14,Charlotte Hornets,Miami Heat,home,0.55,0.44999999999999996,0.55,home,127,126,True,88.51133360802055,True,False,False,False,True,True,True,0.0,8.0,1591.7954370048085,1503.284103396788,1,False,117.0,111.0,5.9,,,,,,,,
20260414_21_22,20260414,2026-04-15T07:02:56.900625,21,22,Phoenix Suns,Portland Trail Blazers,home,0.530019899603587,0.469980100396413,0.530019899603587,away,110,114,False,9.755942831796348,True,True,False,False,True,True,True,-9.0,19.0,1535.314027368769,1525.5580845369727,4,False,116.0,113.0,3.2,,,,,,,,
20260412_18_30,20260412,2026-04-13T07:02:49.818091,18,30,New York Knicks,Charlotte Hornets,home,0.8265549527928525,0.17344504720714748,0.8265549527928525,away,96,110,False,27.019202078703984,True,False,False,False,True,True,True,52.0,20.0,1616.9877137535443,1589.9685116748406,14,False,116.0,112.0,3.8,,,,,,,,
20260412_22_23,20260412,2026-04-13T07:02:50.180087,22,23,Portland Trail Blazers,Sacramento Kings,home,0.75,0.25,0.75,home,122,110,True,186.30029203634425,False,False,False,False,True,False,True,27.0,-36.0,1518.839191588196,1332.5388995518515,12,False,119.0,110.0,9.3,,,,,,,,
20260412_11_8,20260412,2026-04-13T07:02:49.750341,11,8,Indiana Pacers,Detroit Pistons,away,0.2764734492683607,0.7235265507316393,0.7235265507316393,away,121,133,True,-344.6088860375969,False,False,False,False,True,False,True,-23.0,63.0,1330.296869980611,1674.905756018208,12,False,110.0,119.0,-9.0,,,,,,,,
20260412_2_19,20260412,2026-04-13T07:02:49.687824,2,19,Boston Celtics,Orlando Magic,home,0.8992351665646368,0.10076483343536324,0.8992351665646368,home,113,108,True,160.65857913397076,False,False,False,False,True,False,True,50.0,51.0,1697.3013910773373,1536.6428119433665,5,False,118.0,110.0,8.4,,,,,,,,
20260412_6_4,20260412,2026-04-13T07:02:49.918950,6,4,Dallas Mavericks,Chicago Bulls,home,0.55,0.44999999999999996,0.55,home,149,128,True,3.3631441927552714,True,True,False,False,True,True,True,-10.0,-13.0,1367.9263254112889,1364.5631812185336,21,False,116.0,113.0,3.0,,,,,,,,
20260412_5_27,20260412,2026-04-13T07:02:49.718288,5,27,Cleveland Cavaliers,Washington Wizards,home,0.9,0.09999999999999998,0.9,home,130,117,True,401.9913359438233,False,False,False,False,True,False,True,22.0,-100.8,1620.542035201882,1218.5506992580588,13,False,123.0,106.0,16.7,,,,,,,,
20260412_14_1,20260412,2026-04-13T07:02:49.784173,14,1,Miami Heat,Atlanta Hawks,away,0.3803377512849617,0.6196622487150383,0.6196622487150383,home,143,117,False,-64.90533691602786,True,True,False,False,True,True,True,25.0,21.0,1505.111028726756,1570.0163656427835,26,False,114.0,114.0,0.6,,,,,,,,
20260412_10_29,20260412,2026-04-13T07:02:49.953466,10,29,Houston Rockets,Memphis Grizzlies,home,0.9,0.09999999999999998,0.9,home,132,101,True,303.51203825960533,False,False,False,False,True,False,True,53.0,-151.2,1612.8440891628968,1309.3320509032917,31,False,121.0,107.0,13.3,,,,,,,,
20260412_16_3,20260412,2026-04-13T07:02:49.991524,16,3,Minnesota Timberwolves,New Orleans Pelicans,home,0.8736344516418113,0.1263655483581887,0.8736344516418113,home,132,126,True,187.2592408925957,False,False,False,False,True,False,True,4.0,-21.0,1576.6819787099244,1389.4227378173289,6,False,119.0,109.0,9.3,,,,,,,,
20260412_28_17,20260412,2026-04-13T07:02:49.885720,28,17,Toronto Raptors,Brooklyn Nets,home,0.9,0.09999999999999998,0.9,home,136,101,True,257.27690930791914,False,False,False,False,True,False,True,44.0,-69.0,1528.6266071887355,1271.3496978808164,35,False,120.0,108.0,11.7,,,,,,,,
20260412_20_15,20260412,2026-04-13T07:02:49.850895,20,15,Philadelphia 76ers,Milwaukee Bucks,home,0.5412256136630241,0.45877438633697587,0.5412256136630241,home,126,106,True,120.7925000767109,False,True,False,False,True,False,True,-16.0,-19.0,1504.6840715116882,1383.891571434977,20,False,118.0,111.0,7.0,,,,,,,,
20260412_12_9,20260412,2026-04-13T07:02:50.142486,12,9,Los Angeles Clippers,Golden State Warriors,home,0.55,0.44999999999999996,0.55,home,115,110,True,99.71364361793462,True,True,False,False,True,True,True,10.0,-23.0,1551.358235237486,1451.6445916195514,5,False,117.0,111.0,6.3,,,,,,,,
20260412_24_7,20260412,2026-04-13T07:02:50.070234,24,7,San Antonio Spurs,Denver Nuggets,away,0.3724769284321643,0.6275230715678357,0.6275230715678357,away,118,128,True,60.130075389641206,True,False,False,False,True,True,True,31.0,64.8,1725.386444624894,1665.2563692352528,10,True,117.0,112.0,4.9,,,,,,,,
20260412_25_21,20260412,2026-04-13T07:02:50.028531,25,21,Oklahoma City Thunder,Phoenix Suns,home,0.9,0.09999999999999998,0.9,away,103,135,False,199.20288419490112,False,False,False,False,True,False,True,37.0,5.0,1741.235804512447,1542.032920317546,32,False,119.0,109.0,9.7,,,,,,,,
20260412_13_26,20260412,2026-04-13T07:02:50.106228,13,26,Los Angeles Lakers,Utah Jazz,home,0.9,0.09999999999999998,0.9,home,131,107,True,327.7201343653096,False,False,False,False,True,False,True,26.0,-66.0,1603.4789035516592,1275.7587691863496,24,False,121.0,107.0,14.2,,,,,,,,
20260410_22_12,20260410,2026-04-11T07:02:54.873366,22,12,Portland Trail Blazers,Los Angeles Clippers,home,0.55,0.44999999999999996,0.55,home,116,97,True,-32.476437765961464,True,True,False,False,True,True,True,25.0,-14.0,1514.3010232928327,1546.7774610587942,19,True,115.0,113.0,1.7,,,,,,,,
20260410_26_29,20260410,2026-04-11T07:02:54.830358,26,29,Utah Jazz,Memphis Grizzlies,home,0.5089548001195986,0.4910451998804014,0.5089548001195986,home,147,101,True,-34.23149120558605,True,False,False,False,True,True,True,-55.0,-152.4,1278.636921738485,1312.868412944071,46,True,115.0,113.0,1.7,,,,,,,,
20260410_18_28,20260410,2026-04-11T07:02:54.737892,18,28,New York Knicks,Toronto Raptors,home,0.7810591918826849,0.2189408081173151,0.7810591918826849,home,112,95,True,105.2069002662754,False,False,False,False,True,False,True,92.4,41.0,1629.2683003328848,1524.0614000666094,17,False,117.0,111.0,6.5,,,,,,,,
20260410_24_6,20260410,2026-04-11T07:02:54.809393,24,6,San Antonio Spurs,Dallas Mavericks,home,0.9,0.09999999999999998,0.9,home,139,120,True,380.40213766839975,False,False,False,False,True,False,True,60.0,-42.0,1737.2586547662424,1356.8565170978427,19,False,122.0,106.0,16.0,,,,,,,,
20260410_2_3,20260410,2026-04-11T07:02:54.700830,2,3,Boston Celtics,New Orleans Pelicans,home,0.9,0.09999999999999998,0.9,home,144,118,True,300.7959069924841,False,False,False,False,True,False,True,77.0,-27.0,1693.653842270939,1392.8579352784552,26,False,121.0,108.0,13.2,,,,,,,,
20260410_1_5,20260410,2026-04-11T07:02:54.678707,1,5,Atlanta Hawks,Cleveland Cavaliers,away,0.4206864681977252,0.5793135318022749,0.5793135318022749,home,124,102,False,-34.091071509070616,True,True,False,False,True,True,True,76.0,16.0,1584.8719839690525,1618.963055478123,22,False,115.0,113.0,1.7,,,,,,,,
20260410_15_17,20260410,2026-04-11T07:02:54.788108,15,17,Milwaukee Bucks,Brooklyn Nets,home,0.9,0.09999999999999998,0.9,home,125,108,True,115.22155656452652,False,False,False,False,True,False,True,-31.0,-68.0,1391.136461567469,1275.9149050029423,17,False,118.0,111.0,6.8,,,,,,,,
20260410_13_21,20260410,2026-04-11T07:02:54.914556,13,21,Los Angeles Lakers,Phoenix Suns,home,0.7922101409376083,0.20778985906239167,0.7922101409376083,home,101,73,True,80.32684656767128,True,False,False,False,True,True,True,-41.0,-47.0,1600.6007509995238,1520.2739044318523,28,False,117.0,111.0,5.6,,,,,,,,
20260410_7_25,20260410,2026-04-11T07:02:54.852847,7,25,Denver Nuggets,Oklahoma City Thunder,home,0.5150639203553303,0.48493607964466967,0.5150639203553303,home,127,107,True,-109.61066130423592,False,True,False,False,True,False,True,68.39999999999999,112.0,1653.3841590939044,1762.9948203981403,20,True,114.0,115.0,-0.9,,,,,,,,
20260410_11_20,20260410,2026-04-11T07:02:54.718705,11,20,Indiana Pacers,Philadelphia 76ers,home,0.55,0.44999999999999996,0.55,away,94,105,False,-164.5417711421769,False,True,False,False,True,False,True,-32.0,-24.0,1332.8974102370196,1497.4391813791965,11,True,113.0,116.0,-2.8,,,,,,,,
20260410_4_19,20260410,2026-04-11T07:02:54.755242,4,19,Chicago Bulls,Orlando Magic,away,0.3266573186826282,0.6733426813173717,0.6733426813173717,away,103,127,True,-164.65737121778466,False,False,False,False,True,False,True,-32.0,80.39999999999999,1375.6329895319798,1540.2903607497644,24,False,113.0,116.0,-2.8,,,,,,,,
20260410_10_16,20260410,2026-04-11T07:02:54.772161,10,16,Houston Rockets,Minnesota Timberwolves,home,0.65,0.35,0.65,away,132,136,False,36.0609458733195,True,False,False,False,True,True,True,56.0,-14.0,1609.3077271221173,1573.2467812487978,4,False,116.0,112.0,4.1,,,,,,,,
20260410_27_14,20260410,2026-04-11T07:02:54.659778,27,14,Washington Wizards,Miami Heat,away,0.3964384795829901,0.60356152041701,0.60356152041701,away,117,140,True,-270.1257314186694,False,False,False,False,True,False,True,-104.4,-19.0,1220.129678981818,1490.255410400487,23,False,111.0,117.0,-6.5,,,,,,,,
20260410_23_9,20260410,2026-04-11T07:02:54.893712,23,9,Sacramento Kings,Golden State Warriors,away,0.4767945974438092,0.5232054025561907,0.5232054025561907,home,124,118,False,-119.14829795102833,False,True,False,False,True,False,True,-16.0,-25.0,1337.077067847215,1456.2253657982433,6,False,114.0,115.0,-1.3,,,,,,,,
20260410_30_8,20260410,2026-04-11T07:02:54.638170,30,8,Charlotte Hornets,Detroit Pistons,home,0.5213197239417064,0.47868027605829355,0.5213197239417064,away,100,118,False,-94.61729066629914,True,False,False,False,True,True,True,26.0,56.0,1577.6879250955003,1672.3052157617994,18,True,114.0,114.0,-0.4,,,,,,,,
20260409_10_20,20260409,2026-04-10T07:02:36.597305,10,20,Houston Rockets,Philadelphia 76ers,home,0.80367576971335,0.19632423028665003,0.80367576971335,home,113,102,True,124.8576464956675,False,False,False,False,True,False,True,79.2,-13.0,1616.5722821495135,1491.7146356538462,11,False,118.0,111.0,7.2,,,,,,,,
20260409_17_11,20260409,2026-04-10T07:02:36.688307,17,11,Brooklyn Nets,Indiana Pacers,away,0.4187991045826603,0.5812008954173398,0.5812008954173398,away,94,123,True,-55.85775090541597,True,False,False,False,True,True,True,-82.0,-2.0,1282.764205056954,1338.6219559623698,29,False,115.0,114.0,0.9,,,,,,,,
20260409_28_14,20260409,2026-04-10T07:02:36.649518,28,14,Toronto Raptors,Miami Heat,home,0.65,0.35,0.65,home,128,114,True,45.87109063094772,True,False,False,False,True,True,True,50.0,-32.0,1531.5722772683546,1485.7011866374069,14,False,116.0,112.0,4.4,,,,,,,,
20260409_9_13,20260409,2026-04-10T07:02:36.633768,9,13,Golden State Warriors,Los Angeles Lakers,away,0.4693029914975244,0.5306970085024756,0.5306970085024756,away,103,119,True,-125.3336633288061,False,True,False,False,True,False,True,-33.0,-55.0,1465.5614243202158,1590.895087649022,16,False,113.0,115.0,-1.5,,,,,,,,
20260409_27_4,20260409,2026-04-10T07:02:36.614767,27,4,Washington Wizards,Chicago Bulls,home,0.5010263385669924,0.4989736614330076,0.5010263385669924,away,108,119,False,-158.53552165157453,False,True,False,False,True,False,True,-103.2,-27.0,1224.6839027448984,1383.219424396473,11,True,113.0,115.0,-2.6,,,,,,,,
20260409_18_2,20260409,2026-04-10T07:02:36.668028,18,2,New York Knicks,Boston Celtics,away,0.4542896875754346,0.5457103124245655,0.5457103124245655,home,112,106,False,-68.43398139743658,True,True,False,False,True,True,True,43.0,69.0,1621.7574231311396,1690.1914045285762,6,False,114.0,114.0,0.5,,,,,,,,
20260408_5_1,20260408,2026-04-09T07:02:50.994136,5,1,Cleveland Cavaliers,Atlanta Hawks,home,0.8210299154224199,0.17897008457758012,0.8210299154224199,home,122,116,True,60.459157561006805,True,False,False,False,True,True,True,24.0,64.0,1632.147098504091,1571.6879409430842,6,False,117.0,112.0,4.9,,,,,,,,
20260408_7_29,20260408,2026-04-09T07:02:51.063471,7,29,Denver Nuggets,Memphis Grizzlies,home,0.9,0.09999999999999998,0.9,home,136,119,True,309.49421798258777,False,False,False,False,True,False,True,72.0,-110.4,1637.7564220464003,1328.2622040638123,17,False,121.0,107.0,13.5,,,,,,,,
20260408_19_16,20260408,2026-04-09T07:02:51.012303,19,16,Orlando Magic,Minnesota Timberwolves,home,0.5116751314150421,0.48832486858495794,0.5116751314150421,home,132,120,True,-33.27830033613009,True,True,False,False,True,True,True,14.0,-23.0,1532.7039258852712,1565.982226221401,12,True,115.0,113.0,1.7,,,,,,,,
20260408_8_15,20260408,2026-04-09T07:02:51.028830,8,15,Detroit Pistons,Milwaukee Bucks,home,0.65,0.35,0.65,home,137,111,True,278.65057104051857,False,False,False,False,True,False,True,49.0,-54.0,1662.9377325539765,1384.2871615134577,26,False,120.0,108.0,12.5,,,,,,,,
20260408_12_25,20260408,2026-04-09T07:02:51.082244,12,25,Los Angeles Clippers,Oklahoma City Thunder,away,0.2799999999999999,0.7200000000000001,0.7200000000000001,away,110,128,True,-219.5310871057616,False,False,False,False,True,False,True,-5.0,163.2,1559.0914703398828,1778.6225574456444,18,False,112.0,117.0,-4.7,,,,,,,,
20260408_24_22,20260408,2026-04-09T07:02:51.044866,24,22,San Antonio Spurs,Portland Trail Blazers,home,0.8498816602291646,0.15011833977083544,0.8498816602291646,home,112,101,True,233.20130802926656,False,False,False,False,True,False,True,55.0,41.0,1735.188322041011,1501.987014011744,11,False,120.0,109.0,10.9,,,,,,,,
20260408_21_6,20260408,2026-04-09T07:02:51.102991,21,6,Phoenix Suns,Dallas Mavericks,home,0.8242937809254698,0.1757062190745302,0.8242937809254698,home,112,107,True,171.05271795928002,False,False,False,False,True,False,True,-23.0,-47.0,1529.9795677823545,1358.9268498230745,5,False,119.0,110.0,8.7,,,,,,,,
20260407_11_16,20260407,2026-04-08T07:02:52.241097,11,16,Indiana Pacers,Minnesota Timberwolves,home,0.5188995693506203,0.4811004306493797,0.5188995693506203,away,104,124,False,-249.5135791988293,False,True,False,False,True,False,True,-14.0,19.0,1326.9746643832875,1576.488243582117,20,True,111.0,117.0,-5.8,,,,,,,,
20260407_12_6,20260407,2026-04-08T07:02:52.314374,12,6,Los Angeles Clippers,Dallas Mavericks,home,0.8709143402225455,0.12908565977745445,0.8709143402225455,home,116,103,True,202.4856823806704,False,False,False,False,True,False,True,27.0,-72.0,1564.7770075508406,1362.2913251701702,13,False,119.0,109.0,9.8,,,,,,,,
20260407_13_25,20260407,2026-04-08T07:02:52.293917,13,25,Los Angeles Lakers,Oklahoma City Thunder,away,0.325805759828173,0.674194240171827,0.674194240171827,away,87,123,True,-189.9084411469508,False,False,False,False,True,False,True,-52.0,154.79999999999998,1583.0285790877358,1772.9370202346863,36,False,112.0,116.0,-3.7,,,,,,,,
20260407_9_23,20260407,2026-04-08T07:02:52.274175,9,23,Golden State Warriors,Sacramento Kings,home,0.804567128964837,0.19543287103516305,0.804567128964837,home,110,105,True,145.68692355625967,False,False,False,False,True,False,True,-40.0,-39.0,1473.427932881502,1327.7410093252422,5,False,118.0,110.0,7.9,,,,,,,,
20260407_17_15,20260407,2026-04-08T07:02:52.210714,17,15,Brooklyn Nets,Milwaukee Bucks,away,0.2848845226090016,0.7151154773909985,0.7151154773909985,home,96,90,False,-93.73464462108224,True,False,False,False,True,True,True,-36.0,-4.0,1294.411496636036,1388.1461412571182,6,False,114.0,114.0,-0.4,,,,,,,,
20260407_3_26,20260407,2026-04-08T07:02:52.258323,3,26,New Orleans Pelicans,Utah Jazz,home,0.8000750363091136,0.19992496369088641,0.8000750363091136,home,156,137,True,133.07724240207494,False,False,False,False,True,False,True,-33.0,-132.0,1396.3203730208184,1263.2431306187434,19,False,118.0,110.0,7.4,,,,,,,,
20260407_21_10,20260407,2026-04-08T07:02:52.331301,21,10,Phoenix Suns,Houston Rockets,away,0.3621079641010103,0.6378920358989897,0.6378920358989897,away,105,119,True,-84.07059360189305,True,False,False,False,True,True,True,-2.0,86.39999999999999,1526.6150924352587,1610.6856860371518,14,False,114.0,114.0,-0.1,,,,,,,,
20260407_28_14,20260407,2026-04-08T07:02:52.226712,28,14,Toronto Raptors,Miami Heat,home,0.65,0.35,0.65,home,121,95,True,28.62213192858576,True,False,False,False,True,True,True,25.0,-35.0,1522.9477979171736,1494.3256659885878,26,False,116.0,112.0,3.8,,,,,,,,
20260407_2_30,20260407,2026-04-08T07:02:52.192182,2,30,Boston Celtics,Charlotte Hornets,home,0.8633764452149456,0.1366235547850544,0.8633764452149456,home,113,102,True,111.9374617744952,False,False,False,False,True,False,True,65.0,75.0,1698.992870077819,1587.0554083033237,11,False,118.0,111.0,6.7,,,,,,,,
20260407_27_4,20260407,2026-04-08T07:02:52.175210,27,4,Washington Wizards,Chicago Bulls,home,0.5392108574112976,0.4607891425887024,0.5392108574112976,away,98,129,False,-147.07940004017928,False,True,False,False,True,False,True,-112.8,-53.0,1230.411963550596,1377.491363590775,31,True,113.0,115.0,-2.2,,,,,,,,
20260406_29_5,20260406,2026-04-07T07:02:33.151837,29,5,Memphis Grizzlies,Cleveland Cavaliers,away,0.2799999999999999,0.7200000000000001,0.7200000000000001,away,126,142,True,-295.1269160271572,False,False,False,False,True,False,True,-121.2,27.0,1331.1183691896763,1626.2452852168335,16,False,110.0,118.0,-7.3,,,,,,,,
20260406_24_20,20260406,2026-04-07T07:02:33.219268,24,20,San Antonio Spurs,Philadelphia 76ers,home,0.8847839076605033,0.1152160923394967,0.8847839076605033,home,115,102,True,233.91600739303647,False,False,False,False,True,False,True,59.0,-12.0,1731.5172391592448,1497.6012317662082,13,False,120.0,109.0,10.9,,,,,,,,
20260406_19_8,20260406,2026-04-07T07:02:33.203722,19,8,Orlando Magic,Detroit Pistons,away,0.218418020847562,0.781581979152438,0.781581979152438,home,123,107,False,-136.8808442857603,False,False,False,False,True,False,True,6.0,19.0,1522.1979085245555,1659.0787528103158,16,False,113.0,115.0,-1.9,,,,,,,,
20260406_1_18,20260406,2026-04-07T07:02:33.186481,1,18,Atlanta Hawks,New York Knicks,home,0.5894046535275518,0.4105953464724482,0.5894046535275518,away,105,108,False,-35.36620335155567,True,True,False,False,True,True,True,80.0,26.0,1577.5897542303414,1612.955957581897,3,True,115.0,113.0,1.6,,,,,,,,
20260406_7_22,20260406,2026-04-07T07:02:33.169675,7,22,Denver Nuggets,Portland Trail Blazers,home,0.9,0.09999999999999998,0.9,home,137,132,True,129.24216002702633,False,False,False,False,True,False,True,58.8,45.0,1634.9002569205363,1505.65809689351,5,False,118.0,110.0,7.3,,,,,,,,
20260405_5_11,20260405,2026-04-06T07:03:02.917870,5,11,Cleveland Cavaliers,Indiana Pacers,home,0.9,0.09999999999999998,0.9,home,117,108,True,290.6944432679816,False,False,False,False,True,False,True,32.0,5.0,1622.5715717495984,1331.8771284816169,9,False,121.0,108.0,12.9,,,,,,,,
20260405_23_12,20260405,2026-04-06T07:03:02.888607,23,12,Sacramento Kings,Los Angeles Clippers,away,0.463077709254369,0.536922290745631,0.536922290745631,away,109,138,True,-228.9411900067023,False,True,False,False,True,False,True,-44.0,15.0,1331.46081218199,1560.4020021886922,29,False,112.0,117.0,-5.1,,,,,,,,
20260405_15_29,20260405,2026-04-06T07:03:02.945224,15,29,Milwaukee Bucks,Memphis Grizzlies,home,0.9,0.09999999999999998,0.9,home,131,115,True,62.09750619945271,True,False,False,False,True,True,True,-12.0,-84.0,1396.8895888563643,1334.7920826569118,16,False,117.0,112.0,5.0,,,,,,,,
20260405_9_10,20260405,2026-04-06T07:03:02.863031,9,10,Golden State Warriors,Houston Rockets,away,0.3923448990658389,0.6076551009341611,0.6076551009341611,away,116,117,True,-132.18876521978086,False,False,False,False,True,False,True,-40.0,108.0,1469.7081300247542,1601.896895244535,1,False,113.0,115.0,-1.7,,,,,,,,
20260405_6_13,20260405,2026-04-06T07:03:02.775499,6,13,Dallas Mavericks,Los Angeles Lakers,away,0.1760665210458551,0.8239334789541449,0.8239334789541449,home,134,128,False,-224.4293282811684,False,False,False,False,True,False,True,-52.0,1.0,1366.6663305323186,1591.095658813487,6,False,112.0,117.0,-4.9,,,,,,,,
20260405_17_27,20260405,2026-04-06T07:03:02.968151,17,27,Brooklyn Nets,Washington Wizards,home,0.55,0.44999999999999996,0.55,home,121,115,True,46.72872418302427,True,True,False,False,True,True,True,-59.0,-117.6,1285.6680490367896,1238.9393248537654,6,False,116.0,112.0,4.5,,,,,,,,
20260405_16_30,20260405,2026-04-06T07:03:02.993744,16,30,Minnesota Timberwolves,Charlotte Hornets,home,0.55,0.44999999999999996,0.55,away,108,122,False,-21.78885141944852,True,True,False,False,True,True,True,-23.0,71.0,1571.585779483788,1593.3746309032365,14,True,115.0,113.0,2.1,,,,,,,,
20260405_4_21,20260405,2026-04-06T07:03:03.044912,4,21,Chicago Bulls,Phoenix Suns,away,0.2595021215288947,0.7404978784711054,0.7404978784711054,away,110,120,True,-166.4398809402694,False,False,False,False,True,False,True,-102.0,37.0,1368.964002287606,1535.4038832278754,10,False,113.0,116.0,-2.9,,,,,,,,
20260405_2_28,20260405,2026-04-06T07:03:03.018354,2,28,Boston Celtics,Toronto Raptors,home,0.8882846139411622,0.1117153860588378,0.8882846139411622,home,115,101,True,181.0044824271017,False,False,False,False,True,False,True,69.0,51.0,1692.6736474779057,1511.669165050804,14,False,119.0,110.0,9.1,,,,,,,,
20260405_25_26,20260405,2026-04-06T07:03:02.834907,25,26,Oklahoma City Thunder,Utah Jazz,home,0.9,0.09999999999999998,0.9,home,146,111,True,495.02474999699166,False,False,False,False,True,False,True,133.2,-139.2,1764.869940508935,1269.8451905119437,35,False,124.0,104.0,19.9,,,,,,,,
20260405_3_19,20260405,2026-04-06T07:03:02.808918,3,19,New Orleans Pelicans,Orlando Magic,away,0.4248838462468901,0.57511615375311,0.57511615375311,away,108,112,True,-117.58018218020608,False,False,False,False,True,False,True,-78.0,-62.0,1389.718313127618,1507.2984953078242,4,False,114.0,115.0,-1.2,,,,,,,,
20260404_7_24,20260404,2026-04-05T07:03:00.745222,7,24,Denver Nuggets,San Antonio Spurs,home,0.820195299822529,0.17980470017747097,0.820195299822529,home,136,134,True,-96.85317537263175,True,False,False,False,True,True,True,61.2,78.0,1630.7732794363965,1727.6264548090282,2,True,114.0,114.0,-0.5,,,,,,,,
20260404_14_27,20260404,2026-04-05T07:03:00.698761,14,27,Miami Heat,Washington Wizards,home,0.8194377945938038,0.18056220540619616,0.8194377945938038,home,152,136,True,260.89918305882543,False,False,False,False,True,False,True,-30.0,-116.4,1505.6042988549575,1244.705115796132,16,False,120.0,108.0,11.8,,,,,,,,
20260404_20_8,20260404,2026-04-05T07:03:00.790015,20,8,Philadelphia 76ers,Detroit Pistons,away,0.3947983740696056,0.6052016259303944,0.6052016259303944,away,93,116,True,-172.48614991062232,False,False,False,False,True,False,True,5.0,57.0,1501.4920161164248,1673.978166027047,23,False,113.0,116.0,-3.1,,,,,,,,
20260403_17_1,20260403,2026-04-04T07:02:25.180254,17,1,Brooklyn Nets,Atlanta Hawks,away,0.1415423046948216,0.8584576953051783,0.8584576953051783,away,107,141,True,-302.82784730126855,False,False,False,False,True,False,True,-68.0,76.0,1279.902258094423,1582.7301053956917,34,False,110.0,118.0,-7.6,,,,,,,,
20260403_6_19,20260403,2026-04-04T07:02:25.323656,6,19,Dallas Mavericks,Orlando Magic,home,0.5013621231983241,0.4986378768016759,0.5013621231983241,away,127,138,False,-147.48223865135833,False,False,False,False,True,False,True,-65.0,-62.0,1355.4050800249613,1502.8873186763196,11,True,113.0,115.0,-2.2,,,,,,,,
20260403_29_28,20260403,2026-04-04T07:02:25.206888,29,28,Memphis Grizzlies,Toronto Raptors,away,0.2740766863529995,0.7259233136470005,0.7259233136470005,away,96,128,True,-173.69678891848662,False,False,False,False,True,False,True,-78.0,78.0,1343.0756620363268,1516.7724509548134,32,False,113.0,116.0,-3.2,,,,,,,,
20260403_20_16,20260403,2026-04-04T07:02:25.253900,20,16,Philadelphia 76ers,Minnesota Timberwolves,home,0.5406043077570801,0.4593956922429199,0.5406043077570801,home,115,103,True,-73.38931560612559,True,True,False,False,True,True,True,48.0,-7.0,1508.9369421935644,1582.32625779969,12,True,114.0,114.0,0.3,,,,,,,,
20260403_23_3,20260403,2026-04-04T07:02:25.128013,23,3,Sacramento Kings,New Orleans Pelicans,home,0.65,0.35,0.65,home,117,113,True,-56.61598031348785,True,False,False,False,True,True,True,-19.0,-98.4,1337.5135094456348,1394.1294897591226,4,True,115.0,114.0,0.9,,,,,,,,
20260403_15_2,20260403,2026-04-04T07:02:25.230503,15,2,Milwaukee Bucks,Boston Celtics,away,0.3560692178086903,0.6439307821913097,0.6439307821913097,away,101,133,True,-298.96435209694664,False,False,False,False,True,False,True,-60.0,62.0,1388.6060094769496,1687.5703615738962,32,False,110.0,118.0,-7.5,,,,,,,,
20260403_10_26,20260403,2026-04-04T07:02:25.277456,10,26,Houston Rockets,Utah Jazz,home,0.9,0.09999999999999998,0.9,home,140,106,True,328.9327918048248,False,False,False,False,True,False,True,118.8,-104.4,1600.0994819274572,1271.1666901226324,34,False,121.0,107.0,14.2,,,,,,,,
20260403_18_4,20260403,2026-04-04T07:02:25.300735,18,4,New York Knicks,Chicago Bulls,home,0.9,0.09999999999999998,0.9,home,136,96,True,233.33645991294063,False,False,False,False,True,False,True,12.0,-111.6,1607.815606416547,1374.4791465036064,40,False,120.0,109.0,10.9,,,,,,,,
20260403_30_11,20260403,2026-04-04T07:02:25.153939,30,11,Charlotte Hornets,Indiana Pacers,home,0.55,0.44999999999999996,0.55,home,129,108,True,248.2719213289569,False,False,False,False,True,False,True,53.0,7.0,1582.6341525873345,1334.3622312583775,21,False,120.0,108.0,11.4,,,,,,,,
20260402_25_13,20260402,2026-04-03T07:02:37.387303,25,13,Oklahoma City Thunder,Los Angeles Lakers,home,0.8158363738568889,0.1841636261431111,0.8158363738568889,home,139,96,True,161.1915315774022,False,False,False,False,True,False,True,66.0,14.0,1763.5484408982466,1602.3569093208444,43,False,118.0,110.0,8.4,,,,,,,,
20260402_8_16,20260402,2026-04-03T07:02:37.403875,8,16,Detroit Pistons,Minnesota Timberwolves,home,0.55,0.44999999999999996,0.55,home,113,108,True,72.57371860756098,True,True,False,False,True,True,True,55.0,15.0,1666.5332399499075,1593.9595213423463,5,False,117.0,111.0,5.3,,,,,,,,
20260402_30_21,20260402,2026-04-03T07:02:37.436864,30,21,Charlotte Hornets,Phoenix Suns,home,0.55,0.44999999999999996,0.55,home,127,107,True,48.6040392490504,True,False,False,False,True,True,True,43.0,25.0,1578.4927782609254,1529.888739011875,20,False,116.0,112.0,4.5,,,,,,,,
20260402_9_5,20260402,2026-04-03T07:02:37.453708,9,5,Golden State Warriors,Cleveland Cavaliers,away,0.401445314326607,0.598554685673393,0.598554685673393,away,111,118,True,-148.5809256310058,False,False,False,False,True,False,True,-36.0,6.0,1471.505543341832,1620.0864689728378,7,False,113.0,115.0,-2.3,,,,,,,,
20260402_22_3,20260402,2026-04-03T07:02:37.420216,22,3,Portland Trail Blazers,New Orleans Pelicans,home,0.8926868169060415,0.10731318309395854,0.8926868169060415,home,118,106,True,109.04802820724512,False,False,False,False,True,False,True,81.0,-99.6,1509.7850743776498,1400.7370461704047,12,False,117.0,111.0,6.6,,,,,,,,
20260402_12_24,20260402,2026-04-03T07:02:37.371367,12,24,Los Angeles Clippers,San Antonio Spurs,away,0.3257393012852293,0.6742606987147707,0.6742606987147707,away,99,118,True,-178.51390837693634,False,False,False,False,True,False,True,11.0,126.0,1554.3493049250474,1732.8632133019837,19,False,112.0,116.0,-3.3,,,,,,,,
20260401_19_1,20260401,2026-04-02T07:02:14.973011,19,1,Orlando Magic,Atlanta Hawks,away,0.3246848696169175,0.6753151303830824,0.6753151303830824,away,101,130,True,-81.56123593930647,True,False,False,False,True,True,True,-78.0,43.0,1496.734925416314,1578.2961613556206,29,False,114.0,114.0,0.0,,,,,,,,
20260401_27_20,20260401,2026-04-02T07:02:14.923341,27,20,Washington Wizards,Philadelphia 76ers,away,0.394449004134494,0.605550995865506,0.605550995865506,away,131,153,True,-249.104637135594,False,False,False,False,True,False,True,-58.0,16.0,1248.199041515314,1497.3036786509078,22,False,111.0,117.0,-5.8,,,,,,,,
20260401_4_11,20260401,2026-04-02T07:02:14.939844,4,11,Chicago Bulls,Indiana Pacers,away,0.4887999837711494,0.5112000162288506,0.5112000162288506,away,126,145,True,41.40972346807189,True,False,False,False,True,True,True,-87.6,30.0,1379.9133290528584,1338.5036055847866,19,True,116.0,112.0,4.3,,,,,,,,
20260401_29_18,20260401,2026-04-02T07:02:14.838235,29,18,Memphis Grizzlies,New York Knicks,away,0.2775991521751897,0.7224008478248103,0.7224008478248103,away,119,130,True,-251.37649704567548,False,False,False,False,True,False,True,-71.0,-23.0,1351.0049268216196,1602.381423867295,11,False,111.0,117.0,-5.8,,,,,,,,
20260401_28_23,20260401,2026-04-02T07:02:14.871438,28,23,Toronto Raptors,Sacramento Kings,home,0.804768537787942,0.195231462212058,0.804768537787942,away,115,123,False,177.93723313516784,False,False,False,False,True,False,True,21.0,-67.0,1508.8431861695203,1330.9059530343527,8,False,119.0,110.0,9.0,,,,,,,,
20260401_9_24,20260401,2026-04-02T07:02:14.887966,9,24,Golden State Warriors,San Antonio Spurs,away,0.2636647630056785,0.7363352369943215,0.7363352369943215,away,113,127,True,-249.2507112409603,False,False,False,False,True,False,True,-23.0,133.2,1476.7163477668946,1725.967059007855,14,False,111.0,117.0,-5.8,,,,,,,,
20260401_14_2,20260401,2026-04-02T07:02:14.957157,14,2,Miami Heat,Boston Celtics,away,0.3087053358469015,0.6912946641530985,0.6912946641530985,away,129,147,True,-180.9176162198803,False,False,False,False,True,False,True,-29.0,40.0,1502.1103731357755,1683.027989355656,18,False,112.0,116.0,-3.4,,,,,,,,
20260401_10_15,20260401,2026-04-02T07:02:14.854760,10,15,Houston Rockets,Milwaukee Bucks,home,0.65,0.35,0.65,home,119,113,True,203.78485428127647,False,False,False,False,True,False,True,63.0,-59.0,1596.9332359764662,1393.1483816951898,6,False,119.0,109.0,9.9,,,,,,,,
20260401_26_7,20260401,2026-04-02T07:02:14.906377,26,7,Utah Jazz,Denver Nuggets,away,0.2799999999999999,0.7200000000000001,0.7200000000000001,away,117,130,True,-351.20358486981763,False,False,False,False,True,False,True,-91.2,61.2,1274.3329360736234,1625.536520943441,13,False,110.0,119.0,-9.3,,,,,,,,
20260331_17_30,20260331,2026-04-01T07:02:32.046993,17,30,Brooklyn Nets,Charlotte Hornets,away,0.2868182285969272,0.7131817714030728,0.7131817714030728,away,86,117,True,-284.3864954876651,False,False,False,False,True,False,True,-69.0,67.0,1284.3362021344938,1568.7226976221589,31,False,111.0,118.0,-7.0,,,,,,,,
20260331_13_5,20260331,2026-04-01T07:02:32.100464,13,5,Los Angeles Lakers,Cleveland Cavaliers,home,0.5255859980857908,0.47441400191420924,0.5255859980857908,home,127,113,True,-4.4394012738573565,True,True,False,False,True,True,True,54.0,4.0,1610.4362632739178,1614.8756645477752,14,True,115.0,113.0,2.7,,,,,,,,
20260331_19_21,20260331,2026-04-01T07:02:32.082997,19,21,Orlando Magic,Phoenix Suns,away,0.438949717646427,0.561050282353573,0.561050282353573,home,115,111,False,-31.68774454129948,True,False,False,False,True,True,True,-51.0,67.0,1507.971075109342,1539.6588196506416,4,False,115.0,113.0,1.8,,,,,,,,
20260331_10_18,20260331,2026-04-01T07:02:32.063675,10,18,Houston Rockets,New York Knicks,home,0.5783947434491062,0.42160525655089376,0.5783947434491062,home,111,94,True,-4.687881395581599,True,True,False,False,True,True,True,49.0,-2.0,1593.7394968472097,1598.4273782427913,17,True,115.0,113.0,2.7,,,,,,,,
20260331_8_28,20260331,2026-04-01T07:02:32.117301,8,28,Detroit Pistons,Toronto Raptors,home,0.65,0.35,0.65,home,127,116,True,139.9744211216473,False,False,False,False,True,False,True,49.0,45.0,1661.3203533138312,1521.345932192184,11,False,118.0,110.0,7.7,,,,,,,,
20260331_15_6,20260331,2026-04-01T07:02:32.024444,15,6,Milwaukee Bucks,Dallas Mavericks,home,0.8455335315920623,0.15446646840793765,0.8455335315920623,home,123,99,True,34.784647539479465,True,False,False,False,True,True,True,-86.0,-60.0,1396.3421208244465,1361.5574732849668,24,False,116.0,112.0,4.0,,,,,,,,
20260331_12_22,20260331,2026-04-01T07:02:32.137075,12,22,Los Angeles Clippers,Portland Trail Blazers,home,0.65,0.35,0.65,away,104,114,False,57.81654049695271,True,True,False,False,True,True,True,63.0,104.0,1561.2454592191762,1503.4289187222234,10,False,117.0,112.0,4.8,,,,,,,,
20260330_26_5,20260330,2026-03-31T07:02:28.866933,26,5,Utah Jazz,Cleveland Cavaliers,away,0.2799999999999999,0.7200000000000001,0.7200000000000001,away,113,122,True,-348.3599779211511,False,False,False,False,True,False,True,-94.8,23.0,1276.8939048889438,1625.2538828100949,9,False,110.0,119.0,-9.2,,,,,,,,
20260330_29_21,20260330,2026-03-31T07:02:28.851219,29,21,Memphis Grizzlies,Phoenix Suns,away,0.2486734943564488,0.7513265056435512,0.7513265056435512,away,105,131,True,-191.09120188828365,False,False,False,False,True,False,True,-99.0,68.0,1354.9589724461234,1546.050174334407,26,False,112.0,116.0,-3.8,,,,,,,,
20260330_24_4,20260330,2026-03-31T07:02:28.903390,24,4,San Antonio Spurs,Chicago Bulls,home,0.9,0.09999999999999998,0.9,home,129,114,True,328.14843480683044,False,False,False,False,True,False,True,134.4,-46.0,1721.486348863392,1393.3379140565617,15,False,121.0,107.0,14.2,,,,,,,,
20260330_6_16,20260330,2026-03-31T07:02:28.832928,6,16,Dallas Mavericks,Minnesota Timberwolves,away,0.339010676012473,0.6609893239875271,0.6609893239875271,away,94,124,True,-227.1425063686611,False,False,False,False,True,False,True,-43.0,16.0,1372.0299016097615,1599.1724079784228,30,False,112.0,117.0,-5.0,,,,,,,,
20260330_13_27,20260330,2026-03-31T07:02:28.817013,13,27,Los Angeles Lakers,Washington Wizards,home,0.9,0.09999999999999998,0.9,home,120,101,True,346.87794370844813,False,False,False,False,True,False,True,41.0,-68.0,1600.058045011598,1253.18010130315,19,False,122.0,107.0,14.8,,,,,,,,
20260330_1_2,20260330,2026-03-31T07:02:28.919227,1,2,Atlanta Hawks,Boston Celtics,away,0.3918871786757776,0.6081128213242224,0.6081128213242224,home,112,102,False,-109.33583069502195,False,False,False,False,True,False,True,53.0,12.0,1567.0600116625926,1676.3958423576146,10,False,114.0,115.0,-0.9,,,,,,,,
20260330_14_20,20260330,2026-03-31T07:02:28.883573,14,20,Miami Heat,Philadelphia 76ers,home,0.5181832994569111,0.4818167005430889,0.5181832994569111,home,119,109,True,16.419901270745413,True,True,False,False,True,True,True,-36.0,4.0,1508.7425201338172,1492.3226188630715,10,False,116.0,112.0,3.4,,,,,,,,
20260330_25_8,20260330,2026-03-31T07:02:28.800119,25,8,Oklahoma City Thunder,Detroit Pistons,home,0.8662188813646741,0.13378111863532594,0.8662188813646741,home,114,110,True,99.7177985697665,True,False,False,False,True,True,True,43.0,41.0,1755.469086945173,1655.7512883754066,4,False,117.0,111.0,6.3,,,,,,,,
20260329_28_19,20260329,2026-03-30T07:02:54.714393,28,19,Toronto Raptors,Orlando Magic,home,0.55,0.44999999999999996,0.55,home,139,87,True,25.3352767050319,True,False,False,False,True,True,True,34.0,-56.0,1526.9149971306083,1501.5797204255766,52,False,116.0,112.0,3.7,,,,,,,,
20260329_11_14,20260329,2026-03-30T07:02:54.604117,11,14,Indiana Pacers,Miami Heat,home,0.5028038922195124,0.4971961077804876,0.5028038922195124,home,135,118,True,-175.30976691404567,False,True,False,False,True,False,True,-4.0,-47.0,1325.0790205810831,1500.388787495129,17,True,113.0,116.0,-3.2,,,,,,,,
20260329_7_9,20260329,2026-03-30T07:02:54.729469,7,9,Denver Nuggets,Golden State Warriors,home,0.9,0.09999999999999998,0.9,home,116,93,True,141.7784942167632,False,False,False,False,True,False,True,64.8,-25.0,1622.9755521281206,1481.1970579113574,23,False,118.0,110.0,7.7,,,,,,,,
20260329_15_12,20260329,2026-03-30T07:02:54.667790,15,12,Milwaukee Bucks,Los Angeles Clippers,home,0.5029269063233477,0.4970730936766523,0.5029269063233477,away,113,127,False,-186.79994222444475,False,True,False,False,True,False,True,-107.0,96.0,1385.8696924996514,1572.669634724096,14,True,112.0,116.0,-3.6,,,,,,,,
20260329_30_2,20260329,2026-03-30T07:02:54.636313,30,2,Charlotte Hornets,Boston Celtics,away,0.3921932116255853,0.6078067883744147,0.6078067883744147,away,99,114,True,-124.32205131728142,False,False,False,False,True,False,True,59.0,27.0,1563.9986373131148,1688.3206886303965,15,False,113.0,115.0,-1.4,,,,,,,,
20260329_22_27,20260329,2026-03-30T07:02:54.683025,22,27,Portland Trail Blazers,Washington Wizards,home,0.8603796525245303,0.1396203474754697,0.8603796525245303,home,123,88,True,236.4125433385352,False,False,False,False,True,False,True,78.0,-70.0,1492.0047432173037,1255.5921998787685,35,False,120.0,109.0,11.0,,,,,,,,
20260329_25_18,20260329,2026-03-30T07:02:54.651734,25,18,Oklahoma City Thunder,New York Knicks,home,0.864612314268278,0.135387685731722,0.864612314268278,home,111,100,True,141.67553969763685,False,False,False,False,True,False,True,60.0,16.0,1751.1965137625662,1609.5209740649293,11,False,118.0,110.0,7.7,,,,,,,,
20260329_17_23,20260329,2026-03-30T07:02:54.620196,17,23,Brooklyn Nets,Sacramento Kings,home,0.5315945219684809,0.4684054780315191,0.5315945219684809,home,116,99,True,-29.34294456815155,True,True,False,False,True,True,True,-42.0,-71.0,1289.0602624435378,1318.4032070116891,17,True,115.0,113.0,1.8,,,,,,,,
20260329_3_10,20260329,2026-03-30T07:02:54.699574,3,10,New Orleans Pelicans,Houston Rockets,away,0.2791420453211622,0.7208579546788378,0.7208579546788378,away,102,134,True,-175.55269919924058,False,False,False,False,True,False,True,-91.2,33.0,1407.093201825831,1582.6459010250717,32,False,113.0,116.0,-3.2,,,,,,,,
20260328_15_24,20260328,2026-03-29T07:02:24.476304,15,24,Milwaukee Bucks,San Antonio Spurs,away,0.2424726784654957,0.7575273215345043,0.7575273215345043,away,95,127,True,-327.30968438494915,False,False,False,False,True,False,True,-125.0,117.6,1391.652984652482,1718.9626690374312,32,False,110.0,118.0,-8.5,,,,,,,,
20260328_1_23,20260328,2026-03-29T07:02:24.476060,1,23,Atlanta Hawks,Sacramento Kings,home,0.8146230350901837,0.18537696490981626,0.8146230350901837,home,123,113,True,225.54410572771803,False,False,False,False,True,False,True,59.0,-75.0,1555.135165389811,1329.591059662093,10,False,119.0,109.0,10.6,,,,,,,,
20260328_16_8,20260328,2026-03-29T07:02:24.476529,16,8,Minnesota Timberwolves,Detroit Pistons,home,0.55,0.44999999999999996,0.55,away,87,109,False,-67.06877272965335,True,False,False,False,True,True,True,22.0,59.0,1592.9550888283602,1660.0238615580136,22,True,114.0,114.0,0.5,,,,,,,,
20260328_29_4,20260328,2026-03-29T07:02:24.475162,29,4,Memphis Grizzlies,Chicago Bulls,away,0.4914378266031572,0.5085621733968428,0.5085621733968428,home,125,124,False,-33.96103132013445,True,False,False,False,True,True,True,-96.0,-36.0,1361.900562562388,1395.8615938825226,1,False,115.0,113.0,1.7,,,,,,,,
20260328_30_20,20260328,2026-03-29T07:02:24.475501,30,20,Charlotte Hornets,Philadelphia 76ers,home,0.7991840451428615,0.20081595485713855,0.7991840451428615,away,114,118,False,71.19965348906453,True,False,False,False,True,True,True,93.0,35.0,1571.8760049908244,1500.67635150176,4,False,117.0,111.0,5.3,,,,,,,,
20260328_21_26,20260328,2026-03-29T07:02:24.475805,21,26,Phoenix Suns,Utah Jazz,home,0.8936394460173306,0.10636055398266941,0.8936394460173306,home,134,109,True,259.9545790537413,False,False,False,False,True,False,True,41.0,-96.0,1539.1085842181424,1279.154005164401,25,False,120.0,108.0,11.8,,,,,,,,
20260327_5_14,20260327,2026-03-28T07:02:20.571586,5,14,Cleveland Cavaliers,Miami Heat,home,0.8955007845169131,0.10449921548308694,0.8955007845169131,home,149,128,True,106.9718452173081,False,False,False,False,True,False,True,19.0,-38.0,1622.9937825346376,1516.0219373173295,21,False,117.0,111.0,6.5,,,,,,,,
20260327_25_4,20260327,2026-03-28T07:02:20.571937,25,4,Oklahoma City Thunder,Chicago Bulls,home,0.9,0.09999999999999998,0.9,home,131,113,True,347.06886328458927,False,False,False,False,True,False,True,78.0,-65.0,1745.5661478921024,1398.4972846075132,18,False,122.0,107.0,14.8,,,,,,,,
20260327_13_17,20260327,2026-03-28T07:02:20.573474,13,17,Los Angeles Lakers,Brooklyn Nets,home,0.9,0.09999999999999998,0.9,home,116,99,True,319.7735366428456,False,False,False,False,True,False,True,30.0,-72.0,1597.6459464359798,1277.8724097931342,17,False,121.0,107.0,13.9,,,,,,,,
20260327_11_12,20260327,2026-03-28T07:02:20.573245,11,12,Indiana Pacers,Los Angeles Clippers,away,0.4380420666355721,0.5619579333644279,0.5619579333644279,away,113,114,True,-257.4404718123826,False,False,False,False,True,False,True,-29.0,60.0,1309.4458707588828,1566.8863425712657,1,False,111.0,117.0,-6.0,,,,,,,,
20260327_22_6,20260327,2026-03-28T07:02:20.573932,22,6,Portland Trail Blazers,Dallas Mavericks,home,0.8725962557784157,0.1274037442215843,0.8725962557784157,away,93,100,False,108.72812371975942,False,False,False,False,True,False,True,47.0,-28.0,1486.9753444795838,1378.2472207598244,7,False,117.0,111.0,6.6,,,,,,,,
20260327_7_26,20260327,2026-03-28T07:02:20.573708,7,26,Denver Nuggets,Utah Jazz,home,0.9,0.09999999999999998,0.9,home,135,129,True,332.6305469132062,False,False,False,False,True,False,True,44.4,-23.0,1615.871747167975,1283.2412002547687,6,False,121.0,107.0,14.3,,,,,,,,
20260327_2_1,20260327,2026-03-28T07:02:20.572690,2,1,Boston Celtics,Atlanta Hawks,home,0.8719861079488239,0.12801389205117608,0.8719861079488239,home,109,102,True,128.84738245947028,False,False,False,False,True,False,True,33.0,27.0,1680.4433209526867,1551.5959384932164,7,False,118.0,111.0,7.3,,,,,,,,
20260327_29_10,20260327,2026-03-28T07:02:20.572444,29,10,Memphis Grizzlies,Houston Rockets,away,0.1978102755934387,0.8021897244065613,0.8021897244065613,away,109,119,True,-215.40320561420867,False,False,False,False,True,False,True,-122.4,23.0,1359.2648718373975,1574.6680774516062,10,False,112.0,116.0,-4.6,,,,,,,,
20260327_9_27,20260327,2026-03-28T07:02:20.572924,9,27,Golden State Warriors,Washington Wizards,home,0.8788275675366467,0.1211724324633533,0.8788275675366467,home,131,126,True,227.6792642550152,False,False,False,False,True,False,True,-16.0,-57.0,1488.300862871503,1260.621598616488,5,False,120.0,109.0,10.7,,,,,,,,
20260327_28_3,20260327,2026-03-28T07:02:20.572204,28,3,Toronto Raptors,New Orleans Pelicans,home,0.75,0.25,0.75,home,119,106,True,97.8768922186382,True,False,False,False,True,True,True,-24.0,-38.0,1512.9479176179348,1415.0710253992966,13,False,117.0,111.0,6.2,,,,,,,,
20260326_19_23,20260326,2026-03-27T07:02:17.942879,19,23,Orlando Magic,Sacramento Kings,home,0.7297585514628402,0.2702414485371598,0.7297585514628402,home,121,117,True,182.41651337956296,False,False,False,False,True,False,True,-23.0,-93.0,1515.5467999382504,1333.1302865586874,4,False,119.0,110.0,9.1,,,,,,,,
20260326_8_3,20260326,2026-03-27T07:02:17.942681,8,3,Detroit Pistons,New Orleans Pelicans,home,0.8301867733309082,0.16981322666909182,0.8301867733309082,home,129,108,True,227.07698974326053,False,False,False,False,True,False,True,59.0,-10.0,1649.006423917945,1421.9294341746845,21,False,119.0,109.0,10.7,,,,,,,,
20260326_30_18,20260326,2026-03-27T07:02:17.942408,30,18,Charlotte Hornets,New York Knicks,home,0.51787888761386,0.48212111238613997,0.51787888761386,home,114,103,True,-35.505710325541486,True,False,False,False,True,True,True,152.4,53.0,1579.6456296098515,1615.151339935393,11,True,115.0,113.0,1.6,,,,,,,,
20260325_8_1,20260325,2026-03-26T07:02:14.930782,8,1,Detroit Pistons,Atlanta Hawks,home,0.65,0.35,0.65,away,129,130,False,87.87787124956617,True,False,False,False,True,True,True,51.0,49.0,1644.3428880754775,1556.4650168259116,1,False,,,,,,,,,,,
20260325_22_15,20260325,2026-03-26T07:02:14.929578,22,15,Portland Trail Blazers,Milwaukee Bucks,home,0.5254613606820647,0.4745386393179353,0.5254613606820647,home,130,99,True,102.02637556056266,False,False,False,False,True,False,True,62.0,-100.0,1497.6327585710535,1395.606383010491,31,False,,,,,,,,,,,
20260325_29_24,20260325,2026-03-26T07:02:14.929856,29,24,Memphis Grizzlies,San Antonio Spurs,away,0.140553534900986,0.859446465099014,0.859446465099014,away,98,123,True,-351.26203426891334,False,False,False,False,True,False,True,-85.0,112.8,1363.7472364105088,1715.009270679422,25,False,,,,,,,,,,,
20260325_9_17,20260325,2026-03-26T07:02:14.930363,9,17,Golden State Warriors,Brooklyn Nets,home,0.9,0.09999999999999998,0.9,home,109,106,True,205.1852028569515,False,False,False,False,True,False,True,-42.0,-86.39999999999999,1485.741311734491,1280.5561088775396,3,False,,,,,,,,,,,
20260325_7_6,20260325,2026-03-26T07:02:14.931080,7,6,Denver Nuggets,Dallas Mavericks,home,0.9,0.09999999999999998,0.9,home,142,135,True,246.60183479518605,False,False,False,False,True,False,True,24.0,-63.6,1614.1916414635405,1367.5898066683544,7,False,,,,,,,,,,,
20260325_11_13,20260325,2026-03-26T07:02:14.930115,11,13,Indiana Pacers,Los Angeles Lakers,away,0.2281016090551443,0.7718983909448557,0.7718983909448557,away,130,137,True,-284.4795544400977,False,False,False,False,True,False,True,-54.0,21.0,1310.4826929114768,1594.9622473515744,7,False,,,,,,,,,,,
20260325_16_10,20260325,2026-03-26T07:02:14.928673,16,10,Minnesota Timberwolves,Houston Rockets,home,0.75,0.25,0.75,home,110,108,True,33.78681358993367,True,False,False,False,True,True,True,56.0,5.0,1603.972526468429,1570.185712878495,2,False,,,,,,,,,,,
20260325_5_14,20260325,2026-03-26T07:02:14.930601,5,14,Cleveland Cavaliers,Miami Heat,home,0.9,0.09999999999999998,0.9,away,103,120,False,90.9776052208806,True,False,False,False,True,True,True,5.0,-47.0,1614.996662536424,1524.0190573155433,17,False,,,,,,,,,,,
20260325_26_27,20260325,2026-03-26T07:02:14.931257,26,27,Utah Jazz,Washington Wizards,home,0.55,0.44999999999999996,0.55,away,110,133,False,21.74015620570321,True,True,False,False,True,True,True,-53.0,-65.0,1284.9213059592032,1263.1811497535,23,False,,,,,,,,,,,
20260325_20_4,20260325,2026-03-26T07:02:14.929302,20,4,Philadelphia 76ers,Chicago Bulls,home,0.7428443159798311,0.25715568402016886,0.7428443159798311,home,157,137,True,91.97037941926736,True,False,False,False,True,True,True,3.0,-22.0,1492.9067268827328,1400.9363474634654,20,False,,,,,,,,,,,
20260325_2_25,20260325,2026-03-26T07:02:14.929029,2,25,Boston Celtics,Oklahoma City Thunder,away,0.4489228788523932,0.5510771211476069,0.5510771211476069,home,119,109,False,-67.55284241615868,True,False,False,False,True,True,True,34.0,65.0,1675.5742426199915,1743.1270850361502,10,False,,,,,,,,,,,
20260325_12_28,20260325,2026-03-26T07:02:14.930942,12,28,Los Angeles Clippers,Toronto Raptors,home,0.55,0.44999999999999996,0.55,home,119,94,True,59.760011576124725,True,False,False,False,True,True,True,44.0,-7.0,1565.8495204186715,1506.0895088425468,25,False,,,,,,,,,,,
20260324_18_3,20260324,2026-03-25T07:02:28.273125,18,3,New York Knicks,New Orleans Pelicans,home,0.8997573577947723,0.10024264220522772,0.8997573577947723,home,121,116,True,198.88309820013728,False,False,False,False,True,False,True,80.39999999999999,29.0,1625.4760682172891,1426.592970017152,5,False,,,,,,,,,,,
20260324_30_23,20260324,2026-03-25T07:02:28.272876,30,23,Charlotte Hornets,Sacramento Kings,home,0.84693844190234,0.15306155809765998,0.84693844190234,home,134,90,True,233.3374377561231,False,False,False,False,True,False,True,103.0,-84.0,1569.3209013279554,1335.9834635718323,44,False,,,,,,,,,,,
20260324_21_7,20260324,2026-03-25T07:02:28.273463,21,7,Phoenix Suns,Denver Nuggets,away,0.2799999999999999,0.7200000000000001,0.7200000000000001,away,123,125,True,-76.37959649908407,True,False,False,False,True,True,True,4.0,45.0,1535.021389127775,1611.4009856268588,2,False,,,,,,,,,,,
20260324_5_19,20260324,2026-03-25T07:02:28.273312,5,19,Cleveland Cavaliers,Orlando Magic,home,0.9,0.09999999999999998,0.9,home,136,131,True,117.28886205942172,False,False,False,False,True,False,True,12.0,-38.4,1629.9824849845272,1512.6936229251055,5,False,,,,,,,,,,,
20260323_12_15,20260323,2026-03-24T07:02:23.559018,12,15,Los Angeles Clippers,Milwaukee Bucks,home,0.5725515090139538,0.4274484909860462,0.5725515090139538,home,129,96,True,151.20725330644837,False,False,False,False,True,False,True,15.0,-58.0,1555.79188149865,1404.5846281922015,33,False,,,,,,,,,,,
20260323_14_24,20260323,2026-03-24T07:02:23.558203,14,24,Miami Heat,San Antonio Spurs,away,0.2359210850515116,0.7640789149484883,0.7640789149484883,away,111,136,True,-202.7362802564301,False,False,False,False,True,False,True,-81.6,87.6,1509.03323486744,1711.76951512387,25,False,,,,,,,,,,,
20260323_19_11,20260323,2026-03-24T07:02:23.557909,19,11,Orlando Magic,Indiana Pacers,home,0.65,0.35,0.65,away,126,128,False,203.7477312626397,False,False,False,False,True,False,True,-46.8,-58.0,1517.0276928554,1313.2799615927602,2,False,,,,,,,,,,,
20260323_20_25,20260323,2026-03-24T07:02:23.558059,20,25,Philadelphia 76ers,Oklahoma City Thunder,away,0.2799999999999999,0.7200000000000001,0.7200000000000001,away,103,123,True,-269.40540006758124,False,False,False,False,True,False,True,-11.0,105.6,1484.7722570064427,1754.177657074024,20,False,,,,,,,,,,,
20260323_26_28,20260323,2026-03-24T07:02:23.558493,26,28,Utah Jazz,Toronto Raptors,away,0.3147832137434392,0.6852167862565608,0.6852167862565608,away,127,143,True,-217.8391422609152,False,False,False,False,True,False,True,-35.0,29.0,1298.3080055016533,1516.1471477625685,16,False,,,,,,,,,,,
20260323_4_10,20260323,2026-03-24T07:02:23.558343,4,10,Chicago Bulls,Houston Rockets,away,0.2788855303373901,0.72111446966261,0.72111446966261,home,132,124,False,-164.69169357832766,False,False,False,False,True,False,True,-13.0,-1.0,1409.0708173397554,1573.762510918083,8,False,,,,,,,,,,,
20260323_8_13,20260323,2026-03-24T07:02:23.557738,8,13,Detroit Pistons,Los Angeles Lakers,home,0.5293113123190362,0.47068868768096384,0.5293113123190362,home,113,110,True,55.62128767258287,True,False,False,False,True,True,True,41.0,22.0,1647.786266342874,1592.164978670291,3,False,,,,,,,,,,,
20260323_22_17,20260323,2026-03-24T07:02:23.558802,22,17,Portland Trail Blazers,Brooklyn Nets,home,0.8965100052994481,0.10348999470055187,0.8965100052994481,home,134,99,True,205.90783795874583,False,False,False,False,True,False,True,50.0,-105.6,1488.6545133893433,1282.7466754305974,35,False,,,,,,,,,,,
20260323_1_29,20260323,2026-03-24T07:02:23.557496,1,29,Atlanta Hawks,Memphis Grizzlies,home,0.8755179643756209,0.1244820356243791,0.8755179643756209,home,146,107,True,186.0346465924545,False,False,False,False,True,False,True,60.0,-85.0,1553.0216385585154,1366.986991966061,39,False,,,,,,,,,,,
20260323_6_9,20260323,2026-03-24T07:02:23.558649,6,9,Dallas Mavericks,Golden State Warriors,away,0.3602698639284462,0.6397301360715538,0.6397301360715538,away,131,137,True,-113.17028267639716,False,False,False,False,True,False,True,-36.0,-37.0,1370.380462505036,1483.5507451814333,6,False,,,,,,,,,,,
20260322_2_16,20260322,2026-03-23T07:02:44.724461,2,16,Boston Celtics,Minnesota Timberwolves,home,0.7884921298348493,0.2115078701651507,0.7884921298348493,away,92,102,False,64.12794215327722,True,False,False,False,True,True,True,35.0,41.0,1664.5236705821178,1600.3957284288406,10,False,,,,,,,,,,,
20260322_23_17,20260322,2026-03-23T07:02:44.724155,23,17,Sacramento Kings,Brooklyn Nets,home,0.8164317583217265,0.18356824167827346,0.8164317583217265,home,126,122,True,52.93474812735667,True,False,False,False,True,True,True,-31.0,-72.0,1341.5158932494148,1288.5811451220582,4,False,,,,,,,,,,,
20260322_18_27,20260322,2026-03-23T07:02:44.724944,18,27,New York Knicks,Washington Wizards,home,0.9,0.09999999999999998,0.9,home,145,113,True,372.6618835092927,False,False,False,False,True,False,True,85.2,-115.2,1622.4563337203426,1249.79445021105,32,False,,,,,,,,,,,
20260322_21_28,20260322,2026-03-23T07:02:44.725188,21,28,Phoenix Suns,Toronto Raptors,away,0.4563394366262606,0.5436605633737395,0.5436605633737395,home,120,98,False,27.6206413325242,True,True,False,False,True,True,True,-2.0,20.0,1538.5573473403283,1510.936706007804,22,True,,,,,,,,,,,
20260322_7_22,20260322,2026-03-23T07:02:44.724721,7,22,Denver Nuggets,Portland Trail Blazers,home,0.9,0.09999999999999998,0.9,home,128,112,True,125.04498371642262,False,False,False,False,True,False,True,41.0,9.0,1607.8650274143051,1482.8200436978825,16,False,,,,,,,,,,,
20260321_19_13,20260321,2026-03-22T07:02:19.192568,19,13,Orlando Magic,Los Angeles Lakers,away,0.2574369736593056,0.7425630263406944,0.7425630263406944,away,104,105,True,-73.03036259814485,True,False,False,False,True,True,True,-33.0,32.4,1523.376072463686,1596.406435061831,1,False,,,,,,,,,,,
20260321_26_20,20260321,2026-03-22T07:02:19.193024,26,20,Utah Jazz,Philadelphia 76ers,away,0.4044932541731602,0.5955067458268398,0.5955067458268398,away,116,126,True,-185.87217233957244,False,False,False,False,True,False,True,-29.0,16.0,1303.5184472564176,1489.39061959599,10,False,,,,,,,,,,,
20260321_24_11,20260321,2026-03-22T07:02:19.192309,24,11,San Antonio Spurs,Indiana Pacers,home,0.9,0.09999999999999998,0.9,home,134,119,True,398.0988238638747,False,False,False,False,True,False,True,73.2,-82.8,1705.030405848349,1306.931581984474,15,False,,,,,,,,,,,
20260321_27_25,20260321,2026-03-22T07:02:19.191829,27,25,Washington Wizards,Oklahoma City Thunder,away,0.2799999999999999,0.7200000000000001,0.7200000000000001,away,111,132,True,-497.2939818813709,False,False,False,False,True,False,True,-90.0,84.0,1252.2653126031057,1749.5592944844766,21,False,,,,,,,,,,,
20260321_21_15,20260321,2026-03-22T07:02:19.192048,21,15,Phoenix Suns,Milwaukee Bucks,home,0.5502554949662426,0.4497445050337574,0.5502554949662426,away,105,108,False,115.7067584467884,False,False,False,False,True,False,True,-37.2,-48.0,1527.793867373696,1412.0871089269076,3,False,,,,,,,,,,,
20260321_3_5,20260321,2026-03-22T07:02:19.193787,3,5,New Orleans Pelicans,Cleveland Cavaliers,away,0.3158538602145305,0.6841461397854696,0.6841461397854696,away,106,111,True,-196.0357105401345,False,False,False,False,True,False,True,32.0,40.0,1429.6127045140984,1625.6484150542328,5,False,,,,,,,,,,,
20260321_6_12,20260321,2026-03-22T07:02:19.191459,6,12,Dallas Mavericks,Los Angeles Clippers,away,0.4638312785961714,0.5361687214038287,0.5361687214038287,away,131,138,True,-172.47486949725726,False,False,False,False,True,False,True,-63.0,-27.0,1375.8145312666866,1548.2894007639438,7,False,,,,,,,,,,,
20260321_30_29,20260321,2026-03-22T07:02:19.193462,30,29,Charlotte Hornets,Memphis Grizzlies,home,0.8968510197690275,0.10314898023097252,0.8968510197690275,home,124,101,True,190.09670087488803,False,False,False,False,True,False,True,67.0,-62.0,1563.788471650373,1373.6917707754849,23,False,,,,,,,,,,,
20260321_1_9,20260321,2026-03-22T07:02:19.193233,1,9,Atlanta Hawks,Golden State Warriors,home,0.55,0.44999999999999996,0.55,home,126,110,True,68.20018332930863,True,False,False,False,True,True,True,44.0,-46.0,1546.3168597490917,1478.1166764197828,16,False,,,,,,,,,,,
20260321_10_14,20260321,2026-03-22T07:02:19.192792,10,14,Houston Rockets,Miami Heat,home,0.55,0.44999999999999996,0.55,home,123,122,True,69.7305307998356,True,False,False,False,True,True,True,9.0,-36.0,1585.5028749427968,1515.7723441429612,1,False,,,,,,,,,,,
20260320_7_28,20260320,2026-03-21T07:02:15.293910,7,28,Denver Nuggets,Toronto Raptors,home,0.9,0.09999999999999998,0.9,home,121,115,True,79.4247382800288,True,False,False,False,True,True,True,30.0,31.0,1601.1249242544652,1521.7001859744364,6,False,,,,,,,,,,,
20260320_16_22,20260320,2026-03-21T07:02:15.293407,16,22,Minnesota Timberwolves,Portland Trail Blazers,home,0.773652097759119,0.22634790224088097,0.773652097759119,away,104,108,False,99.0139833599908,True,False,False,False,True,True,True,41.0,35.0,1588.5741302177132,1489.5601468577224,4,False,,,,,,,,,,,
20260320_29_2,20260320,2026-03-21T07:02:15.293097,29,2,Memphis Grizzlies,Boston Celtics,away,0.2578191091194147,0.7421808908805854,0.7421808908805854,away,112,117,True,-297.0210553346046,False,False,False,False,True,False,True,-47.0,43.0,1379.3242134586403,1676.3452687932452,5,False,,,,,,,,,,,
20260320_10_1,20260320,2026-03-21T07:02:15.294264,10,1,Houston Rockets,Atlanta Hawks,home,0.5009771366456596,0.49902286335434043,0.5009771366456596,home,117,95,True,45.58639096532647,True,True,False,False,True,True,True,-28.0,39.0,1583.543276907354,1537.9568859420274,22,False,,,,,,,,,,,
20260320_17_18,20260320,2026-03-21T07:02:15.293709,17,18,Brooklyn Nets,New York Knicks,away,0.2656179926187922,0.7343820073812077,0.7343820073812077,away,92,93,True,-326.71649015106846,False,False,False,False,True,False,True,-80.39999999999999,67.2,1293.2689811772184,1619.9854713282868,1,False,,,,,,,,,,,
20260320_8_9,20260320,2026-03-21T07:02:15.294085,8,9,Detroit Pistons,Golden State Warriors,home,0.65,0.35,0.65,home,115,101,True,157.06815972448703,False,False,False,False,True,False,True,54.0,-40.0,1643.544809951334,1486.476650226847,14,False,,,,,,,,,,,
20260319_23_20,20260319,2026-03-20T07:02:31.134930,23,20,Sacramento Kings,Philadelphia 76ers,home,0.5896062548356263,0.41039374516437366,0.5896062548356263,away,118,139,False,-147.53896758159453,False,False,False,False,True,False,True,-43.0,-16.0,1336.8280571942546,1484.3670247758491,21,True,,,,,,,,,,,
20260319_14_13,20260319,2026-03-20T07:02:31.133988,14,13,Miami Heat,Los Angeles Lakers,away,0.3550547530495369,0.6449452469504631,0.6449452469504631,away,126,134,True,-76.44401276098574,True,False,False,False,True,True,True,-14.0,45.6,1517.731942178404,1594.1759549393898,8,False,,,,,,,,,,,
20260319_4_5,20260319,2026-03-20T07:02:31.134200,4,5,Chicago Bulls,Cleveland Cavaliers,away,0.2799999999999999,0.7200000000000001,0.7200000000000001,away,110,115,True,-224.66378624505865,False,False,False,False,True,False,True,-33.0,29.0,1397.3304533150415,1621.9942395601004,5,False,,,,,,,,,,,
20260319_27_8,20260319,2026-03-20T07:02:31.133718,27,8,Washington Wizards,Detroit Pistons,away,0.1580094004996169,0.8419905995003831,0.8419905995003831,away,95,117,True,-384.25131336278287,False,False,False,False,True,False,True,-70.8,62.0,1253.6613671146276,1637.9126804774105,22,False,,,,,,,,,,,
20260319_3_12,20260319,2026-03-20T07:02:31.134396,3,12,New Orleans Pelicans,Los Angeles Clippers,home,0.5548187474622326,0.4451812525377674,0.5548187474622326,home,105,99,True,-110.37604590179352,False,True,False,False,True,False,True,48.0,-23.0,1433.2668800082308,1543.6429259100244,6,True,,,,,,,,,,,
20260319_30_19,20260319,2026-03-20T07:02:31.133390,30,19,Charlotte Hornets,Orlando Magic,home,0.55,0.44999999999999996,0.55,home,130,111,True,32.54947638109002,True,False,False,False,True,True,True,46.0,-27.0,1558.1560289672173,1525.6065525861272,19,False,,,,,,,,,,,
20260319_24_21,20260319,2026-03-20T07:02:31.134549,24,21,San Antonio Spurs,Phoenix Suns,home,0.858780359652002,0.14121964034799805,0.858780359652002,home,101,100,True,168.3523389404263,False,False,False,False,True,False,True,41.0,-13.0,1703.3046829607406,1534.9523440203145,1,False,,,,,,,,,,,
20260319_26_15,20260319,2026-03-20T07:02:31.134728,26,15,Utah Jazz,Milwaukee Bucks,away,0.2799999999999999,0.7200000000000001,0.7200000000000001,home,128,96,False,-96.38659020373076,True,True,False,False,True,True,True,-36.0,-58.0,1308.5420420765586,1404.928632280289,32,False,,,,,,,,,,,
20260318_2_9,20260318,2026-03-19T07:02:04.322308,2,9,Boston Celtics,Golden State Warriors,home,0.835243081186188,0.16475691881381205,0.835243081186188,home,120,99,True,181.9415502068498,False,False,False,False,True,False,True,29.0,-32.0,1674.0503299076202,1492.1087797007704,21,False,,,,,,,,,,,
20260318_4_28,20260318,2026-03-19T07:02:04.320263,4,28,Chicago Bulls,Toronto Raptors,away,0.3924827955051466,0.6075172044948534,0.6075172044948534,away,109,139,True,-126.61987271337762,False,False,False,False,True,False,True,-22.0,23.0,1400.540354464172,1527.1602271775496,30,False,,,,,,,,,,,
20260318_29_7,20260318,2026-03-19T07:02:04.321667,29,7,Memphis Grizzlies,Denver Nuggets,away,0.2799999999999999,0.7200000000000001,0.7200000000000001,home,125,118,False,-214.04573070708648,False,False,False,False,True,False,True,-52.0,60.0,1381.6191523442656,1595.664883051352,7,False,,,,,,,,,,,
20260318_10_13,20260318,2026-03-19T07:02:04.322060,10,13,Houston Rockets,Los Angeles Lakers,away,0.326240650213182,0.673759349786818,0.673759349786818,away,116,124,True,-13.619155971667624,True,False,False,False,True,True,True,-36.0,52.8,1573.3395451271306,1586.9587010987982,8,False,,,,,,,,,,,
20260318_11_22,20260318,2026-03-19T07:02:04.321465,11,22,Indiana Pacers,Portland Trail Blazers,away,0.36529798008858,0.63470201991142,0.63470201991142,away,119,127,True,-172.68983588392507,False,False,False,False,True,False,True,-82.8,29.0,1308.657304872082,1481.347140756007,8,False,,,,,,,,,,,
20260318_3_12,20260318,2026-03-19T07:02:04.321189,3,12,New Orleans Pelicans,Los Angeles Clippers,away,0.4821694064847033,0.5178305935152967,0.5178305935152967,home,124,109,False,-129.07316849014114,False,True,False,False,True,False,True,62.0,8.0,1423.918318714057,1552.9914872041982,15,False,,,,,,,,,,,
20260318_16_26,20260318,2026-03-19T07:02:04.322584,16,26,Minnesota Timberwolves,Utah Jazz,home,0.9,0.09999999999999998,0.9,home,147,111,True,304.6002829565948,False,False,False,False,True,False,True,20.0,-65.0,1596.7871363194286,1292.1868533628335,36,False,,,,,,,,,,,
20260318_17_25,20260318,2026-03-19T07:02:04.320876,17,25,Brooklyn Nets,Oklahoma City Thunder,away,0.2799999999999999,0.7200000000000001,0.7200000000000001,away,92,121,True,-454.1474276121778,False,False,False,False,True,False,True,-124.8,62.4,1294.0158123607769,1748.163239972955,29,False,,,,,,,,,,,
20260318_6_1,20260318,2026-03-19T07:02:04.321829,6,1,Dallas Mavericks,Atlanta Hawks,away,0.2571835674452566,0.7428164325547434,0.7428164325547434,away,120,135,True,-167.69961160164462,False,False,False,False,True,False,True,-48.0,87.6,1380.461006120606,1548.160617722251,15,False,,,,,,,,,,,
20260317_23_24,20260317,2026-03-18T07:01:53.933326,23,24,Sacramento Kings,San Antonio Spurs,away,0.2660562479166213,0.7339437520833787,0.7339437520833787,away,104,132,True,-357.4234888601911,False,False,False,False,True,False,True,-17.0,49.0,1344.5414158113056,1701.9649046714967,28,False,,,,,,,,,,,
20260317_7_20,20260317,2026-03-18T07:01:53.933522,7,20,Denver Nuggets,Philadelphia 76ers,home,0.9,0.09999999999999998,0.9,home,124,96,True,130.9327781586951,False,False,False,False,True,False,True,64.0,-27.0,1607.5864443174933,1476.6536661587982,28,False,,,,,,,,,,,
20260317_16_21,20260317,2026-03-18T07:01:53.934740,16,21,Minnesota Timberwolves,Phoenix Suns,home,0.65,0.35,0.65,home,116,104,True,56.838232317571965,True,True,False,False,True,True,True,-30.0,3.0,1593.13035462713,1536.2921223095582,12,False,,,,,,,,,,,
20260317_30_14,20260317,2026-03-18T07:01:53.934943,30,14,Charlotte Hornets,Miami Heat,home,0.5657335474870171,0.4342664525129829,0.5657335474870171,home,136,106,True,23.08617663920154,True,True,False,False,True,True,True,15.0,5.0,1548.0353726581973,1524.9491960189955,30,False,,,,,,,,,,,
20260317_27_8,20260317,2026-03-18T07:01:53.932826,27,8,Washington Wizards,Detroit Pistons,away,0.1528826078941774,0.8471173921058226,0.8471173921058226,away,117,130,True,-379.10538624865217,False,False,False,False,True,False,True,-69.6,78.0,1256.234330671693,1635.3397169203452,13,False,,,,,,,,,,,
20260317_15_5,20260317,2026-03-18T07:01:53.931333,15,5,Milwaukee Bucks,Cleveland Cavaliers,away,0.4341179120911425,0.5658820879088575,0.5658820879088575,away,116,123,True,-197.500517416956,False,False,False,False,True,False,True,-41.0,38.0,1421.283820994014,1618.78433841097,7,False,,,,,,,,,,,
20260317_18_11,20260317,2026-03-18T07:01:53.931570,18,11,New York Knicks,Indiana Pacers,home,0.8890836715580777,0.11091632844192234,0.8890836715580777,home,136,110,True,305.7344140135108,False,False,False,False,True,False,True,47.0,-79.2,1619.2386401447284,1313.5042261312176,26,False,,,,,,,,,,,
20260317_19_25,20260317,2026-03-18T07:01:53.933080,19,25,Orlando Magic,Oklahoma City Thunder,away,0.2799999999999999,0.7200000000000001,0.7200000000000001,away,108,113,True,-210.48078459573048,False,False,False,False,True,False,True,-2.0,36.0,1535.7272088951472,1746.2079934908777,5,False,,,,,,,,,,,
20260316_2_21,20260316,2026-03-17T07:02:03.385238,2,21,Boston Celtics,Phoenix Suns,home,0.8679626470390615,0.13203735296093855,0.8679626470390615,home,120,112,True,124.01553754570136,False,False,False,False,True,False,True,19.0,27.0,1668.2348810202525,1544.2193434745511,8,False,,,,,,,,,,,
20260316_4_29,20260316,2026-03-17T07:02:03.384802,4,29,Chicago Bulls,Memphis Grizzlies,home,0.65,0.35,0.65,home,132,107,True,40.32108903929043,True,False,False,False,True,True,True,-8.0,-84.0,1410.0186801174148,1369.6975910781243,25,False,,,,,,,,,,,
20260316_10_13,20260316,2026-03-17T07:02:03.385393,10,13,Houston Rockets,Los Angeles Lakers,away,0.3774365265295106,0.6225634734704895,0.6225634734704895,away,92,100,True,4.005695996352642,True,False,False,False,True,True,True,-53.0,58.8,1582.1519711111407,1578.146275114788,8,True,,,,,,,,,,,
20260316_17_22,20260316,2026-03-17T07:02:03.384122,17,22,Brooklyn Nets,Portland Trail Blazers,away,0.3054220415569924,0.6945779584430076,0.6945779584430076,away,95,114,True,-180.5291606540177,False,False,False,False,True,False,True,-64.0,41.0,1295.9710588428538,1476.5002194968715,19,False,,,,,,,,,,,
20260316_27_9,20260316,2026-03-17T07:02:03.385539,27,9,Washington Wizards,Golden State Warriors,away,0.3317699716591129,0.6682300283408871,0.6682300283408871,away,117,125,True,-239.4747960769564,False,False,False,False,True,False,True,-78.0,-14.0,1258.4494325111816,1497.924228588138,8,False,,,,,,,,,,,
20260316_12_24,20260316,2026-03-17T07:02:03.384408,12,24,Los Angeles Clippers,San Antonio Spurs,away,0.4203964219866434,0.5796035780133566,0.5796035780133566,away,115,119,True,-131.6867840801583,False,False,False,False,True,False,True,31.0,46.0,1567.041846576065,1698.7286306562232,4,False,,,,,,,,,,,
20260316_3_6,20260316,2026-03-17T07:02:03.384597,3,6,New Orleans Pelicans,Dallas Mavericks,home,0.7490034137499203,0.2509965862500797,0.7490034137499203,home,129,111,True,23.00123925331081,True,False,False,False,True,True,True,45.0,-45.0,1409.8679593421905,1386.8667200888794,18,False,,,,,,,,,,,
20260316_1_19,20260316,2026-03-17T07:02:03.385056,1,19,Atlanta Hawks,Orlando Magic,home,0.5499164882906155,0.45008351170938454,0.5499164882906155,home,124,112,True,2.51654018289446,True,True,False,False,True,True,True,80.39999999999999,42.0,1541.7549037539773,1539.2383635710828,12,False,,,,,,,,,,,
20260315_25_16,20260315,2026-03-16T18:51:32.068891,25,16,Oklahoma City Thunder,Minnesota Timberwolves,home,0.9,0.09999999999999998,0.9,home,116,103,True,157.4937053528049,False,False,False,False,True,False,True,33.6,-69.0,1742.696838814942,1585.2031334621372,13,False,,,,,,,,,,,
20260315_23_26,20260315,2026-03-16T18:51:32.070564,23,26,Sacramento Kings,Utah Jazz,home,0.75,0.25,0.75,home,116,111,True,51.93405477144688,True,False,False,False,True,True,True,27.0,-43.0,1347.777689826579,1295.8436350551322,5,False,,,,,,,,,,,
20260315_20_22,20260315,2026-03-16T18:51:32.070044,20,22,Philadelphia 76ers,Portland Trail Blazers,away,0.4956488731747264,0.5043511268252736,0.5043511268252736,home,109,103,False,14.523370698815825,True,True,False,False,True,True,True,-13.0,15.0,1484.5472976576932,1470.0239269588774,6,True,,,,,,,,,,,
20260315_15_11,20260315,2026-03-16T18:51:32.069786,15,11,Milwaukee Bucks,Indiana Pacers,home,0.7873165671084766,0.21268343289152336,0.7873165671084766,home,134,123,True,108.68587516200728,False,False,False,False,True,False,True,-73.0,-72.0,1425.5127237993236,1316.8268486373163,11,False,,,,,,,,,,,
20260315_28_8,20260315,2026-03-16T18:51:32.069523,28,8,Toronto Raptors,Detroit Pistons,away,0.3551031548487906,0.6448968451512094,0.6448968451512094,home,119,108,False,-115.44271355654972,False,False,False,False,True,False,True,23.0,54.0,1517.6819015243068,1633.1246150808563,11,False,,,,,,,,,,,
20260315_5_6,20260315,2026-03-16T18:51:32.069245,5,6,Cleveland Cavaliers,Dallas Mavericks,home,0.9,0.09999999999999998,0.9,away,120,130,False,217.74436854318924,False,False,False,False,True,False,True,20.0,-57.0,1614.5554356056607,1396.8110670624717,10,False,,,,,,,,,,,
20260315_18_9,20260315,2026-03-16T18:51:32.070303,18,9,New York Knicks,Golden State Warriors,home,0.75,0.25,0.75,home,110,107,True,121.59515437642222,False,False,False,False,True,False,True,8.0,-34.8,1615.9160176386297,1494.3208632622077,3,False,,,,,,,,,,,
20260314_20_17,20260314,2026-03-15T15:24:34.420468,20,17,Philadelphia 76ers,Brooklyn Nets,home,0.84329152187703,0.15670847812296995,0.84329152187703,home,104,97,True,175.38049468798522,False,False,False,False,True,False,True,-28.0,-43.0,1477.8278460688332,1302.447351380848,7,False,,,,,,,,,,,
20260314_14_19,20260314,2026-03-15T15:24:34.421217,14,19,Miami Heat,Orlando Magic,home,0.55,0.44999999999999996,0.55,away,117,121,False,-11.66006052581156,True,True,False,False,True,True,True,43.0,97.2,1537.0271379840383,1548.68719850985,4,True,,,,,,,,,,,
20260314_24_30,20260314,2026-03-15T15:24:34.421466,24,30,San Antonio Spurs,Charlotte Hornets,home,0.8070355745209348,0.19296442547906523,0.8070355745209348,home,115,102,True,158.42761438704406,False,False,False,False,True,False,True,46.0,-23.0,1694.3850450801986,1535.9574306931545,13,False,,,,,,,,,,,
20260314_13_7,20260314,2026-03-15T15:24:34.421718,13,7,Los Angeles Lakers,Denver Nuggets,away,0.4083989782637225,0.5916010217362775,0.5916010217362775,home,127,125,False,-30.793690040778984,True,True,False,False,True,True,True,62.4,-3.0,1568.8991227778192,1599.6928128185982,2,False,,,,,,,,,,,
20260314_1_15,20260314,2026-03-15T15:24:34.420716,1,15,Atlanta Hawks,Milwaukee Bucks,home,0.55,0.44999999999999996,0.55,home,122,99,True,112.84076661033872,False,False,False,False,True,False,True,87.6,-70.0,1532.30606881521,1419.4653022048713,23,False,,,,,,,,,,,
20260314_2_27,20260314,2026-03-15T15:24:34.420969,2,27,Boston Celtics,Washington Wizards,home,0.9,0.09999999999999998,0.9,home,111,100,True,400.9322615594265,False,False,False,False,True,False,True,31.0,-80.39999999999999,1662.9850593965386,1262.0527978371122,11,False,,,,,,,,,,,
20260314_12_23,20260314,2026-03-15T15:24:34.421967,12,23,Los Angeles Clippers,Sacramento Kings,home,0.8053369593263263,0.19466304067367368,0.8053369593263263,away,109,118,False,228.87226546394413,False,False,False,False,True,False,True,38.0,12.0,1571.3854321520896,1342.5131666881457,9,False,,,,,,,,,,,
20260313_28_21,20260313,2026-03-15T15:24:34.418967,28,21,Toronto Raptors,Phoenix Suns,home,0.5307714015415372,0.46922859845846276,0.5307714015415372,home,122,115,True,-44.203158978790725,True,True,False,False,True,True,True,4.0,37.0,1505.2660061194742,1549.469165098265,7,True,,,,,,,,,,,
20260313_10_3,20260313,2026-03-15T15:24:34.419219,10,3,Houston Rockets,New Orleans Pelicans,home,0.75,0.25,0.75,home,107,105,True,191.4755110795113,False,False,False,False,True,False,True,-38.0,37.0,1591.3991234481095,1399.9236123685982,2,False,,,,,,,,,,,
20260313_12_4,20260313,2026-03-15T15:24:34.420221,12,4,Los Angeles Clippers,Chicago Bulls,home,0.8992332422614572,0.10076675773854282,0.8992332422614572,home,119,108,True,171.80261196580977,False,False,False,False,True,False,True,38.0,-31.0,1571.3854321520896,1399.5828201862798,11,False,,,,,,,,,,,
20260313_8_29,20260313,2026-03-15T15:24:34.418464,8,29,Detroit Pistons,Memphis Grizzlies,home,0.9,0.09999999999999998,0.9,home,126,110,True,265.4070594764298,False,False,False,False,True,False,True,63.0,-57.6,1645.540510485689,1380.1334510092593,16,False,,,,,,,,,,,
20260313_11_18,20260313,2026-03-15T15:24:34.418715,11,18,Indiana Pacers,New York Knicks,away,0.3081724290882218,0.6918275709117783,0.6918275709117783,away,92,101,True,-289.7827325658725,False,False,False,False,True,False,True,-72.0,44.0,1322.8742702317686,1612.657002797641,9,False,,,,,,,,,,,
20260313_9_16,20260313,2026-03-15T15:24:34.419722,9,16,Golden State Warriors,Minnesota Timberwolves,home,0.55,0.44999999999999996,0.55,away,117,127,False,-93.20696857544316,True,True,False,False,True,True,True,-24.0,-48.0,1497.579878103196,1590.7868466786392,10,True,,,,,,,,,,,
20260313_6_5,20260313,2026-03-15T15:24:34.419470,6,5,Dallas Mavericks,Cleveland Cavaliers,away,0.2799999999999999,0.7200000000000001,0.7200000000000001,away,105,138,True,-246.92581784122945,False,False,False,False,True,False,True,-87.0,34.0,1382.2203424134514,1629.1461602546808,33,False,,,,,,,,,,,
20260313_22_26,20260313,2026-03-15T15:24:34.419973,22,26,Portland Trail Blazers,Utah Jazz,home,0.8320159789301343,0.16798402106986565,0.8320159789301343,home,124,114,True,175.63522035417168,False,False,False,False,True,False,True,29.0,-28.0,1476.7433785477374,1301.1081581935655,10,False,,,,,,,,,,,
20260312_13_4,20260312,2026-03-15T15:24:34.417962,13,4,Los Angeles Lakers,Chicago Bulls,home,0.9,0.09999999999999998,0.9,home,142,130,True,169.3163025915394,False,False,False,False,True,False,True,62.4,-31.0,1568.8991227778192,1399.5828201862798,12,False,,,,,,,,,,,
20260312_24_7,20260312,2026-03-15T15:24:34.417450,24,7,San Antonio Spurs,Denver Nuggets,home,0.5270410862794138,0.4729589137205862,0.5270410862794138,away,131,136,False,94.69223226160034,True,False,False,False,True,True,True,46.0,-3.0,1694.3850450801986,1599.6928128185982,5,False,,,,,,,,,,,
20260312_19_27,20260312,2026-03-15T15:24:34.416662,19,27,Orlando Magic,Washington Wizards,home,0.8996234316683615,0.10037656833163855,0.8996234316683615,home,136,131,True,286.6344006727379,False,False,False,False,True,False,True,97.2,-80.39999999999999,1548.68719850985,1262.0527978371122,5,False,,,,,,,,,,,
20260312_25_2,20260312,2026-03-15T15:24:34.417708,25,2,Oklahoma City Thunder,Boston Celtics,home,0.7749412901236091,0.22505870987639087,0.7749412901236091,home,104,102,True,74.12806620190145,True,False,False,False,True,True,True,27.6,31.0,1737.11312559844,1662.9850593965386,2,False,,,,,,,,,,,
20260312_1_17,20260312,2026-03-15T15:24:34.416936,1,17,Atlanta Hawks,Brooklyn Nets,home,0.9,0.09999999999999998,0.9,home,108,97,True,229.858717434362,False,False,False,False,True,False,True,87.6,-43.0,1532.30606881521,1302.447351380848,11,False,,,,,,,,,,,
20260312_8_20,20260312,2026-03-15T15:24:34.416009,8,20,Detroit Pistons,Philadelphia 76ers,home,0.7999703983285673,0.2000296016714327,0.7999703983285673,home,131,109,True,167.7126644168559,False,False,False,False,True,False,True,63.0,-28.0,1645.540510485689,1477.8278460688332,22,False,,,,,,,,,,,
20260312_14_15,20260312,2026-03-15T15:24:34.417194,14,15,Miami Heat,Milwaukee Bucks,home,0.65,0.35,0.65,home,112,105,True,117.56183577916728,False,False,False,False,True,False,True,43.0,-70.0,1537.0271379840383,1419.4653022048713,7,False,,,,,,,,,,,
20260312_11_21,20260312,2026-03-15T15:24:34.416384,11,21,Indiana Pacers,Phoenix Suns,away,0.3945106121037974,0.6054893878962027,0.6054893878962027,away,108,123,True,-226.5948948664964,False,False,False,False,True,False,True,-72.0,37.0,1322.8742702317686,1549.469165098265,15,False,,,,,,,,,,,
20260312_29_6,20260312,2026-03-15T15:24:34.418212,29,6,Memphis Grizzlies,Dallas Mavericks,home,0.55,0.44999999999999996,0.55,away,112,120,False,-2.0868914041921016,True,True,False,False,True,True,True,-57.6,-87.0,1380.1334510092593,1382.2203424134514,8,True,,,,,,,,,,,
20260311_7_10,20260311,2026-03-12T11:03:29.999368,7,10,Denver Nuggets,Houston Rockets,home,0.9,0.09999999999999998,0.9,home,129,93,True,5.406291259933596,True,False,False,False,True,True,True,4.0,-42.0,1594.9226849721872,1589.5163937122536,36,False,,,,,,,,,,,
20260311_26_18,20260311,2026-03-12T11:03:29.997709,26,18,Utah Jazz,New York Knicks,away,0.2740983487493728,0.7259016512506272,0.7259016512506272,away,117,134,True,-304.1071745514841,False,False,False,False,True,False,True,-22.0,32.0,1305.5127656560503,1609.6199402075345,17,False,,,,,,,,,,,
20260311_3_28,20260311,2026-03-12T11:03:29.998161,3,28,New Orleans Pelicans,Toronto Raptors,home,0.5034050285260842,0.49659497147391585,0.5034050285260842,home,122,111,True,-94.8214834710941,True,True,False,False,True,True,True,30.0,-19.0,1401.8063421044542,1496.6278255755485,11,True,,,,,,,,,,,
20260311_19_5,20260311,2026-03-12T11:03:29.999103,19,5,Orlando Magic,Cleveland Cavaliers,away,0.416745015339203,0.5832549846607971,0.5832549846607971,home,128,122,False,-82.96881964480076,True,True,False,False,True,True,True,108.0,5.0,1540.320412398724,1623.2892320435246,6,False,,,,,,,,,,,
20260311_23_30,20260311,2026-03-12T11:03:29.998827,23,30,Sacramento Kings,Charlotte Hornets,away,0.4607066237254066,0.5392933762745934,0.5392933762745934,away,109,117,True,-212.9629742862303,False,False,False,False,True,False,True,-8.0,19.0,1328.5003955778186,1541.463369864049,8,False,,,,,,,,,,,
20260311_12_16,20260311,2026-03-12T11:03:29.998528,12,16,Los Angeles Clippers,Minnesota Timberwolves,home,0.55,0.44999999999999996,0.55,home,153,128,True,-2.403700911313763,True,False,False,False,True,True,True,55.0,-51.0,1580.9355440237152,1583.339244935029,25,True,,,,,,,,,,,
20260310_1_6,20260310,2026-03-11T11:04:09.790023,1,6,Atlanta Hawks,Dallas Mavericks,home,0.9,0.09999999999999998,0.9,home,124,112,True,141.23917864273608,False,False,False,False,True,False,True,123.6,-108.0,1520.6388057493564,1379.3996271066203,12,False,,,,,,,,,,,
20260310_13_16,20260310,2026-03-11T11:04:09.791931,13,16,Los Angeles Lakers,Minnesota Timberwolves,home,0.65,0.35,0.65,home,120,106,True,-36.43964426449293,True,True,False,False,True,True,True,40.0,-17.0,1559.3881392143564,1595.8277834788494,14,True,,,,,,,,,,,
20260310_22_30,20260310,2026-03-11T11:04:09.791393,22,30,Portland Trail Blazers,Charlotte Hornets,home,0.5287838659392237,0.47121613406077634,0.5287838659392237,away,101,103,False,-65.01402243352891,True,False,False,False,True,True,True,-15.0,38.0,1472.3387710852528,1537.3527935187817,2,True,,,,,,,,,,,
20260310_20_29,20260310,2026-03-11T11:04:09.788950,20,29,Philadelphia 76ers,Memphis Grizzlies,home,0.65,0.35,0.65,home,139,129,True,87.94795258375348,True,False,False,False,True,True,True,-49.0,-46.8,1480.2758139189118,1392.3278613351583,10,False,,,,,,,,,,,
20260310_10_28,20260310,2026-03-11T11:04:09.790304,10,28,Houston Rockets,Toronto Raptors,home,0.65,0.35,0.65,home,113,99,True,94.96448360146088,True,False,False,False,True,True,True,-1.0,1.0,1603.170692178286,1508.206208576825,14,False,,,,,,,,,,,
20260310_17_8,20260310,2026-03-11T11:04:09.789406,17,8,Brooklyn Nets,Detroit Pistons,away,0.1896754510627238,0.8103245489372762,0.8103245489372762,away,100,138,True,-325.73710533187204,False,False,False,False,True,False,True,-67.0,6.0,1310.0335358359282,1635.7706411678002,38,False,,,,,,,,,,,
20260310_23_11,20260310,2026-03-11T11:04:09.791663,23,11,Sacramento Kings,Indiana Pacers,home,0.55,0.44999999999999996,0.55,home,114,109,True,1.8917815567335765,True,False,False,False,True,True,True,-24.0,-93.6,1332.6109719230858,1330.7191903663522,5,False,,,,,,,,,,,
20260310_24_2,20260310,2026-03-11T11:04:09.790856,24,2,San Antonio Spurs,Boston Celtics,home,0.5442699186729612,0.45573008132703885,0.5442699186729612,home,125,116,True,33.37048501185109,True,False,False,False,True,True,True,111.6,20.0,1698.0058371745315,1664.6353521626806,9,False,,,,,,,,,,,
20260310_14_27,20260310,2026-03-11T11:04:09.789730,14,27,Miami Heat,Washington Wizards,home,0.9,0.09999999999999998,0.9,home,150,129,True,272.81985337328,False,False,False,False,True,False,True,98.4,-87.6,1538.38955343485,1265.5697000615698,21,False,,,,,,,,,,,
20260310_15_21,20260310,2026-03-11T11:04:09.790583,15,21,Milwaukee Bucks,Phoenix Suns,home,0.65,0.35,0.65,away,114,129,False,-120.95350195636752,False,False,False,False,True,False,True,-85.0,38.0,1432.3459861413464,1553.299488097714,15,True,,,,,,,,,,,
20260310_9_4,20260310,2026-03-11T11:04:09.791126,9,4,Golden State Warriors,Chicago Bulls,home,0.8083810356839809,0.1916189643160191,0.8083810356839809,away,124,130,False,95.827620277179,True,False,False,False,True,True,True,-27.0,7.0,1505.0274798468065,1409.1998595696273,6,False,,,,,,,,,,,
20260309_26_9,20260309,2026-03-10T11:27:03.937771,26,9,Utah Jazz,Golden State Warriors,away,0.2776435983397081,0.7223564016602919,0.7223564016602919,home,119,116,False,-233.23427495198143,False,False,False,False,True,False,True,-8.0,-49.0,1289.9928006636214,1523.2270756156029,3,False,,,,,,,,,,,
20260309_5_20,20260309,2026-03-10T11:27:03.936852,5,20,Cleveland Cavaliers,Philadelphia 76ers,home,0.8994755538980801,0.1005244461019199,0.8994755538980801,home,115,101,True,181.94389527162184,False,False,False,False,True,False,True,8.0,-75.0,1644.6088815654489,1462.6649862938268,14,False,,,,,,,,,,,
20260309_25_7,20260309,2026-03-10T11:27:03.937505,25,7,Oklahoma City Thunder,Denver Nuggets,home,0.55,0.44999999999999996,0.55,home,129,126,True,164.350041986615,False,False,False,False,True,False,True,40.8,-41.0,1760.9425747716098,1596.5925327849948,3,False,,,,,,,,,,,
20260309_12_18,20260309,2026-03-10T11:27:03.938030,12,18,Los Angeles Clippers,New York Knicks,home,0.551316063063664,0.448683936936336,0.551316063063664,home,126,118,True,-34.13979153478908,True,True,False,False,True,True,True,43.0,31.0,1577.829429992814,1611.9692215276032,8,True,,,,,,,,,,,
20260309_17_29,20260309,2026-03-10T11:27:03.937219,17,29,Brooklyn Nets,Memphis Grizzlies,away,0.3195797291314564,0.6804202708685436,0.6804202708685436,home,126,115,False,-102.79142185737032,False,False,False,False,True,False,True,-33.0,-10.0,1296.9988022739474,1399.7902241313177,11,False,,,,,,,,,,,
20260308_23_4,20260308,2026-03-09T10:02:19.543016,23,4,Sacramento Kings,Chicago Bulls,home,0.5408659795125245,0.45913402048747554,0.5408659795125245,home,126,110,True,-70.27625117263437,True,False,False,False,True,True,True,-20.0,-8.0,1329.0161642362643,1399.2924154088987,16,True,,,,,,,,,,,
20260308_21_30,20260308,2026-03-09T10:02:19.299582,21,30,Phoenix Suns,Charlotte Hornets,home,0.5226735943184514,0.4773264056815486,0.5226735943184514,home,111,99,True,35.11728295885314,True,True,False,False,True,True,True,26.0,52.0,1546.2971153420845,1511.179832383231,12,False,,,,,,,,,,,
20260308_3_27,20260308,2026-03-09T10:02:19.358069,3,27,New Orleans Pelicans,Washington Wizards,home,0.65,0.35,0.65,home,138,118,True,139.97738430165987,False,False,False,False,True,False,True,-1.0,-73.2,1378.5516276352776,1238.5742433336177,20,False,,,,,,,,,,,
20260308_14_8,20260308,2026-03-09T10:02:19.491074,14,8,Miami Heat,Detroit Pistons,home,0.55,0.44999999999999996,0.55,home,121,110,True,-97.69931204940008,True,True,False,False,True,True,True,85.2,-18.0,1533.1547522588337,1630.8540643082335,11,True,,,,,,,,,,,
20260308_28_6,20260308,2026-03-09T10:02:19.392743,28,6,Toronto Raptors,Dallas Mavericks,home,0.8142253352150188,0.18577466478498117,0.8142253352150188,home,122,92,True,125.6383172395856,False,False,False,False,True,False,True,12.0,-109.2,1507.700323753246,1382.0620065136604,30,False,,,,,,,,,,,
20260308_13_18,20260308,2026-03-09T10:02:19.467269,13,18,Los Angeles Lakers,New York Knicks,home,0.5017205065272023,0.49827949347279765,0.5017205065272023,home,110,97,True,-67.95305359920553,True,True,False,False,True,True,True,50.0,64.0,1553.0479760817675,1621.0010296809733,13,True,,,,,,,,,,,
20260308_24_10,20260308,2026-03-09T10:02:19.414684,24,10,San Antonio Spurs,Houston Rockets,home,0.744231964441379,0.25576803555862104,0.744231964441379,home,145,120,True,83.27397531490078,True,False,False,False,True,True,True,59.0,-25.0,1685.6658679079967,1602.391892593096,25,False,,,,,,,,,,,
20260308_15_19,20260308,2026-03-09T10:02:19.516939,15,19,Milwaukee Bucks,Orlando Magic,home,0.7204561532689346,0.27954384673106536,0.7204561532689346,away,91,130,False,-86.73689813555029,True,True,False,False,True,True,True,-93.0,70.0,1444.6094544216603,1531.3463525572106,39,True,,,,,,,,,,,
20260308_22_11,20260308,2026-03-09T10:02:19.322696,22,11,Portland Trail Blazers,Indiana Pacers,home,0.65,0.35,0.65,home,131,111,True,129.98942247440846,False,False,False,False,True,False,True,-29.0,-116.4,1473.8203562552446,1343.8309337808362,20,False,,,,,,,,,,,
20260308_5_2,20260308,2026-03-09T10:02:19.440453,5,2,Cleveland Cavaliers,Boston Celtics,home,0.5485859382491961,0.4514140617508039,0.5485859382491961,away,98,109,False,-51.112522766508846,True,True,False,False,True,True,True,-8.0,45.0,1639.5777523538454,1690.6902751203545,11,True,,,,,,,,,,,
20260307_8_17,20260307,2026-03-08T23:21:24.125068,8,17,Detroit Pistons,Brooklyn Nets,home,0.9,0.09999999999999998,0.9,away,105,107,False,357.3630124105909,False,False,False,False,True,False,True,-4.0,-81.0,1642.834186432829,1285.471174022238,2,False,,,,,,,,,,,
20260307_1_20,20260307,2026-03-08T23:21:24.145148,1,20,Atlanta Hawks,Philadelphia 76ers,home,0.75,0.25,0.75,home,125,116,True,42.23879849345303,True,False,False,False,True,True,True,134.4,-54.0,1509.934913998883,1467.69611550543,9,False,,,,,,,,,,,
20260307_25_9,20260307,2026-03-08T23:21:24.206349,25,9,Oklahoma City Thunder,Golden State Warriors,home,0.9,0.09999999999999998,0.9,home,104,97,True,226.9968621834469,False,False,False,False,True,False,True,44.4,-25.0,1758.1508043714812,1531.1539421880343,7,False,,,,,,,,,,,
20260307_29_12,20260307,2026-03-08T23:21:24.165485,29,12,Memphis Grizzlies,Los Angeles Clippers,away,0.4651400670358423,0.5348599329641577,0.5348599329641577,away,120,123,True,-157.479769456417,False,False,False,False,True,False,True,20.0,55.0,1411.317852383027,1568.797621839444,3,False,,,,,,,,,,,
20260307_15_26,20260307,2026-03-08T23:21:24.185999,15,26,Milwaukee Bucks,Utah Jazz,home,0.9,0.09999999999999998,0.9,home,113,99,True,174.46331342808185,False,False,False,False,True,False,True,-83.0,-21.0,1456.5292475192718,1282.06593409119,14,False,,,,,,,,,,,
20260307_16_19,20260307,2026-03-08T23:21:24.105119,16,19,Minnesota Timberwolves,Orlando Magic,home,0.8604022636857069,0.13959773631429306,0.8604022636857069,away,92,119,False,102.92820536130512,False,False,False,False,True,False,True,3.0,26.0,1622.3547648209042,1519.426559459599,27,False,,,,,,,,,,,
20260306_7_18,20260306,2026-03-08T23:21:24.024042,7,18,Denver Nuggets,New York Knicks,home,0.8405220731689255,0.15947792683107453,0.8405220731689255,away,103,142,False,-33.55254033599658,True,False,False,False,True,True,True,-44.0,106.0,1599.3843031851234,1632.93684352112,39,True,,,,,,,,,,,
20260306_13_11,20260306,2026-03-08T23:21:24.085053,13,11,Los Angeles Lakers,Indiana Pacers,home,0.8932100785775838,0.10678992142241617,0.8932100785775838,home,128,117,True,190.36035649600512,False,False,False,False,True,False,True,65.0,-117.6,1541.112162241621,1350.751805745616,11,False,,,,,,,,,,,
20260306_30_14,20260306,2026-03-08T23:21:23.983749,30,14,Charlotte Hornets,Miami Heat,home,0.7827743100958638,0.21722568990413615,0.7827743100958638,away,120,128,False,-1.5105693784496452,True,True,False,False,True,True,True,88.0,53.0,1519.6640607557883,1521.174630134238,8,True,,,,,,,,,,,
20260306_10_22,20260306,2026-03-08T23:21:24.003851,10,22,Houston Rockets,Portland Trail Blazers,home,0.7767671315447725,0.2232328684552275,0.7767671315447725,home,106,99,True,144.92048144106275,False,False,False,False,True,False,True,5.0,-40.0,1611.8199657315276,1466.899484290465,7,False,,,,,,,,,,,
20260306_21_3,20260306,2026-03-08T23:21:24.044514,21,3,Phoenix Suns,New Orleans Pelicans,home,0.7246423791956345,0.27535762080436554,0.7246423791956345,home,118,116,True,165.7536659208663,False,False,False,False,True,False,True,-2.0,-11.0,1537.8128869695274,1372.0592210486611,2,False,,,,,,,,,,,
20260306_2_6,20260306,2026-03-08T23:21:23.963147,2,6,Boston Celtics,Dallas Mavericks,home,0.9,0.09999999999999998,0.9,home,120,100,True,291.42804913458167,False,False,False,False,True,False,True,71.0,-96.0,1681.561799390144,1390.1337502555623,20,False,,,,,,,,,,,
20260306_24_12,20260306,2026-03-08T23:21:24.064942,24,12,San Antonio Spurs,Los Angeles Clippers,home,0.65,0.35,0.65,home,116,112,True,107.44017293012098,False,True,False,False,True,False,True,50.0,55.0,1676.237794769565,1568.797621839444,4,False,,,,,,,,,,,
20260305_10_9,20260305,2026-03-08T23:21:23.841574,10,9,Houston Rockets,Golden State Warriors,home,0.55,0.44999999999999996,0.55,away,113,115,False,80.66602354349334,True,False,False,False,True,True,True,5.0,-25.0,1611.8199657315276,1531.1539421880343,2,False,,,,,,,,,,,
20260305_16_28,20260305,2026-03-08T23:21:23.861668,16,28,Minnesota Timberwolves,Toronto Raptors,home,0.7847008892685867,0.21529911073141328,0.7847008892685867,home,115,107,True,122.72618480955998,False,False,False,False,True,False,True,3.0,-27.0,1622.3547648209042,1499.6285800113442,8,False,,,,,,,,,,,
20260305_27_26,20260305,2026-03-08T23:21:23.801224,27,26,Washington Wizards,Utah Jazz,home,0.65,0.35,0.65,away,112,122,False,-36.99928417095589,True,True,False,False,True,True,True,-85.2,-21.0,1245.066649920234,1282.06593409119,10,True,,,,,,,,,,,
20260305_19_6,20260305,2026-03-08T23:21:23.781319,19,6,Orlando Magic,Dallas Mavericks,home,0.75,0.25,0.75,home,115,114,True,129.29280920403676,False,False,False,False,True,False,True,26.0,-96.0,1519.426559459599,1390.1337502555623,1,False,,,,,,,,,,,
20260305_21_4,20260305,2026-03-08T23:21:23.902110,21,4,Phoenix Suns,Chicago Bulls,home,0.75,0.25,0.75,away,103,105,False,126.18015482677606,False,False,False,False,True,False,True,-2.0,-24.0,1537.8128869695274,1411.6327321427514,2,False,,,,,,,,,,,
20260305_24_8,20260305,2026-03-08T23:21:23.882150,24,8,San Antonio Spurs,Detroit Pistons,home,0.65,0.35,0.65,home,121,106,True,33.40360833673594,True,False,False,False,True,True,True,50.0,-4.0,1676.237794769565,1642.834186432829,15,False,,,,,,,,,,,
20260305_7_13,20260305,2026-03-08T23:21:23.922411,7,13,Denver Nuggets,Los Angeles Lakers,home,0.854035486458822,0.145964513541178,0.854035486458822,home,120,113,True,58.272140943502336,True,False,False,False,True,True,True,-44.0,65.0,1599.3843031851234,1541.112162241621,7,False,,,,,,,,,,,
20260305_14_17,20260305,2026-03-08T23:21:23.821310,14,17,Miami Heat,Brooklyn Nets,home,0.9,0.09999999999999998,0.9,home,126,110,True,235.7034561119999,False,False,False,False,True,False,True,53.0,-81.0,1521.174630134238,1285.471174022238,16,False,,,,,,,,,,,
20260305_23_3,20260305,2026-03-08T23:21:23.942840,23,3,Sacramento Kings,New Orleans Pelicans,home,0.55,0.44999999999999996,0.55,away,123,133,False,-55.38337354624946,True,False,False,False,True,True,True,-67.0,-11.0,1316.6758475024117,1372.0592210486611,10,True,,,,,,,,,,,
20260304_29_22,20260304,2026-03-08T23:21:23.720941,29,22,Memphis Grizzlies,Portland Trail Blazers,away,0.4590194445727111,0.5409805554272888,0.5409805554272888,away,114,122,True,-55.581631907437895,True,True,False,False,True,True,True,20.0,-40.0,1411.317852383027,1466.899484290465,8,False,,,,,,,,,,,
20260304_2_30,20260304,2026-03-08T23:21:23.680453,2,30,Boston Celtics,Charlotte Hornets,home,0.8719881878568633,0.12801181214313673,0.8719881878568633,away,89,118,False,161.89773863435562,False,False,False,False,True,False,True,71.0,88.0,1681.561799390144,1519.6640607557883,29,False,,,,,,,,,,,
20260304_18_25,20260304,2026-03-08T23:21:23.660500,18,25,New York Knicks,Oklahoma City Thunder,away,0.4492294980900551,0.5507705019099449,0.5507705019099449,away,100,103,True,-125.21396085036122,False,True,False,False,True,False,True,106.0,44.4,1632.93684352112,1758.1508043714812,3,False,,,,,,,,,,,
20260304_15_1,20260304,2026-03-08T23:21:23.741217,15,1,Milwaukee Bucks,Atlanta Hawks,home,0.65,0.35,0.65,away,113,131,False,-53.40566647961123,True,True,False,False,True,True,True,-83.0,134.4,1456.5292475192718,1509.934913998883,18,True,,,,,,,,,,,
20260304_12_11,20260304,2026-03-08T23:21:23.761217,12,11,Los Angeles Clippers,Indiana Pacers,home,0.788623745870966,0.21137625412903405,0.788623745870966,home,130,107,True,218.04581609382808,False,False,False,False,True,False,True,55.0,-117.6,1568.797621839444,1350.751805745616,23,False,,,,,,,,,,,
20260304_20_26,20260304,2026-03-08T23:21:23.700947,20,26,Philadelphia 76ers,Utah Jazz,home,0.856934402348645,0.14306559765135496,0.856934402348645,home,106,102,True,185.63018141424004,False,False,False,False,True,False,True,-54.0,-21.0,1467.69611550543,1282.06593409119,4,False,,,,,,,,,,,
20260303_5_8,20260303,2026-03-08T23:21:23.477479,5,8,Cleveland Cavaliers,Detroit Pistons,home,0.75,0.25,0.75,home,113,109,True,5.872041651226709,True,False,False,False,True,True,True,18.0,-4.0,1648.7062280840555,1642.834186432829,4,False,,,,,,,,,,,
20260303_20_24,20260303,2026-03-08T23:21:23.559262,20,24,Philadelphia 76ers,San Antonio Spurs,away,0.390109020956098,0.609890979043902,0.609890979043902,away,91,131,True,-208.54167926413493,False,False,False,False,True,False,True,-54.0,50.0,1467.69611550543,1676.237794769565,40,False,,,,,,,,,,,
20260303_16_29,20260303,2026-03-08T23:21:23.600088,16,29,Minnesota Timberwolves,Memphis Grizzlies,home,0.885496712392895,0.11450328760710504,0.885496712392895,home,117,110,True,211.0369124378772,False,False,False,False,True,False,True,3.0,20.0,1622.3547648209042,1411.317852383027,7,False,,,,,,,,,,,
20260303_14_17,20260303,2026-03-08T23:21:23.517498,14,17,Miami Heat,Brooklyn Nets,home,0.9,0.09999999999999998,0.9,home,124,98,True,235.7034561119999,False,False,False,False,True,False,True,53.0,-81.0,1521.174630134238,1285.471174022238,26,False,,,,,,,,,,,
20260303_13_3,20260303,2026-03-08T23:21:23.620133,13,3,Los Angeles Lakers,New Orleans Pelicans,home,0.8973677765155125,0.10263222348448753,0.8973677765155125,home,110,101,True,169.0529411929599,False,False,False,False,True,False,True,65.0,-11.0,1541.112162241621,1372.0592210486611,9,False,,,,,,,,,,,
20260303_4_25,20260303,2026-03-08T23:21:23.579553,4,25,Chicago Bulls,Oklahoma City Thunder,away,0.2799999999999999,0.7200000000000001,0.7200000000000001,away,108,116,True,-346.5180722287298,False,False,False,False,True,False,True,-24.0,44.4,1411.6327321427514,1758.1508043714812,8,False,,,,,,,,,,,
20260303_23_21,20260303,2026-03-08T23:21:23.640446,23,21,Sacramento Kings,Phoenix Suns,away,0.4765430899140306,0.5234569100859694,0.5234569100859694,away,103,114,True,-221.13703946711576,False,False,False,False,True,False,True,-67.0,-2.0,1316.6758475024117,1537.8128869695274,11,False,,,,,,,,,,,
20260303_28_18,20260303,2026-03-08T23:21:23.537786,28,18,Toronto Raptors,New York Knicks,away,0.4790417211747748,0.5209582788252252,0.5209582788252252,away,95,111,True,-133.30826350977577,False,False,False,False,True,False,True,-27.0,106.0,1499.6285800113442,1632.93684352112,16,False,,,,,,,,,,,
20260303_30_6,20260303,2026-03-08T23:21:23.457157,30,6,Charlotte Hornets,Dallas Mavericks,home,0.8473236215971228,0.15267637840287718,0.8473236215971228,home,117,90,True,129.53031050022605,False,False,False,False,True,False,True,88.0,-96.0,1519.6640607557883,1390.1337502555623,27,False,,,,,,,,,,,
20260303_19_27,20260303,2026-03-08T23:21:23.497415,19,27,Orlando Magic,Washington Wizards,home,0.8171485887639491,0.18285141123605086,0.8171485887639491,home,126,109,True,274.35990953936493,False,False,False,False,True,False,True,26.0,-85.2,1519.426559459599,1245.066649920234,17,False,,,,,,,,,,,
20260302_9_12,20260302,2026-03-08T23:21:23.436746,9,12,Golden State Warriors,Los Angeles Clippers,home,0.7265105912466171,0.2734894087533829,0.7265105912466171,away,101,114,False,-37.64367965140968,True,False,False,False,True,True,True,-25.0,55.0,1531.1539421880343,1568.797621839444,13,True,,,,,,,,,,,
20260302_26_7,20260302,2026-03-08T23:21:23.416504,26,7,Utah Jazz,Denver Nuggets,away,0.2799999999999999,0.7200000000000001,0.7200000000000001,away,125,128,True,-317.31836909393337,False,False,False,False,True,False,True,-21.0,-44.0,1282.06593409119,1599.3843031851234,3,False,,,,,,,,,,,
20260302_15_2,20260302,2026-03-08T23:21:23.396510,15,2,Milwaukee Bucks,Boston Celtics,away,0.3944188314179943,0.6055811685820057,0.6055811685820057,away,81,108,True,-225.0325518708721,False,True,False,False,True,False,True,-83.0,71.0,1456.5292475192718,1681.561799390144,27,False,,,,,,,,,,,
20260302_27_10,20260302,2026-03-08T23:21:23.376638,27,10,Washington Wizards,Houston Rockets,away,0.1892992795187184,0.8107007204812816,0.8107007204812816,away,118,123,True,-366.75331581129353,False,False,False,False,True,False,True,-85.2,5.0,1245.066649920234,1611.8199657315276,5,False,,,,,,,,,,,
20260301_1_22,20260301,2026-03-08T23:21:23.254761,1,22,Atlanta Hawks,Portland Trail Blazers,home,0.7202187624711786,0.27978123752882145,0.7202187624711786,home,135,101,True,43.03542970841818,True,False,False,False,True,True,True,134.4,-40.0,1509.934913998883,1466.899484290465,34,False,,,,,,,,,,,
20260301_2_20,20260301,2026-03-08T23:21:23.274910,2,20,Boston Celtics,Philadelphia 76ers,home,0.8952872649361527,0.10471273506384726,0.8952872649361527,home,114,98,True,213.86568388471392,False,False,False,False,True,False,True,71.0,-54.0,1681.561799390144,1467.69611550543,16,False,,,,,,,,,,,
20260301_11_29,20260301,2026-03-08T23:21:23.234653,11,29,Indiana Pacers,Memphis Grizzlies,home,0.65,0.35,0.65,away,106,125,False,-60.56604663741109,True,False,False,False,True,True,True,-117.6,20.0,1350.751805745616,1411.317852383027,19,True,,,,,,,,,,,
20260301_12_3,20260301,2026-03-08T23:21:23.336217,12,3,Los Angeles Clippers,New Orleans Pelicans,home,0.8146609424252818,0.18533905757471825,0.8146609424252818,home,137,117,True,196.7384007907829,False,False,False,False,True,False,True,55.0,-11.0,1568.797621839444,1372.0592210486611,20,False,,,,,,,,,,,
20260301_19_8,20260301,2026-03-08T23:21:23.294801,19,8,Orlando Magic,Detroit Pistons,away,0.3987068031097017,0.6012931968902984,0.6012931968902984,away,92,106,True,-123.40762697322998,False,True,False,False,True,False,True,26.0,-4.0,1519.426559459599,1642.834186432829,14,False,,,,,,,,,,,
20260301_17_5,20260301,2026-03-08T23:21:23.173604,17,5,Brooklyn Nets,Cleveland Cavaliers,away,0.2799999999999999,0.7200000000000001,0.7200000000000001,away,102,106,True,-363.23505406181766,False,False,False,False,True,False,True,-81.0,18.0,1285.471174022238,1648.7062280840555,4,False,,,,,,,,,,,
20260301_18_24,20260301,2026-03-08T23:21:23.153208,18,24,New York Knicks,San Antonio Spurs,away,0.4388427859102072,0.5611572140897928,0.5611572140897928,home,114,89,False,-43.30095124844502,True,False,False,False,True,True,True,106.0,50.0,1632.93684352112,1676.237794769565,25,False,,,,,,,,,,,
20260301_7_16,20260301,2026-03-08T23:21:23.214277,7,16,Denver Nuggets,Minnesota Timberwolves,home,0.9,0.09999999999999998,0.9,away,108,117,False,-22.9704616357808,True,False,False,False,True,True,True,-44.0,3.0,1599.3843031851234,1622.3547648209042,9,True,,,,,,,,,,,
20260301_13_23,20260301,2026-03-08T23:21:23.356577,13,23,Los Angeles Lakers,Sacramento Kings,home,0.8770700933188036,0.12292990668119641,0.8770700933188036,home,128,104,True,224.43631473920937,False,False,False,False,True,False,True,65.0,-67.0,1541.112162241621,1316.6758475024117,24,False,,,,,,,,,,,
20260301_4_15,20260301,2026-03-08T23:21:23.193683,4,15,Chicago Bulls,Milwaukee Bucks,away,0.2966477173004622,0.7033522826995378,0.7033522826995378,home,120,97,False,-44.89651537652048,True,False,False,False,True,True,True,-24.0,-83.0,1411.6327321427514,1456.5292475192718,23,False,,,,,,,,,,,
20260301_6_25,20260301,2026-03-08T23:21:23.314816,6,25,Dallas Mavericks,Oklahoma City Thunder,away,0.2799999999999999,0.7200000000000001,0.7200000000000001,away,87,100,True,-368.0170541159189,False,False,False,False,True,False,True,-96.0,44.4,1390.1337502555623,1758.1508043714812,13,False,,,,,,,,,,,
20260112_23_13,20260112,2026-01-13T15:07:29.539371,23,13,Sacramento Kings,Los Angeles Lakers,away,0.2491267955720562,0.7508732044279438,0.7508732044279438,home,124,112,False,-126.9727813384652,False,False,False,False,True,False,True,-28.0,-18.0,1389.8897156977578,1516.862497036223,12,False,,,,,,,,,,,
20260112_28_20,20260112,2026-01-13T15:07:29.564664,28,20,Toronto Raptors,Philadelphia 76ers,home,0.55,0.44999999999999996,0.55,away,102,115,False,13.295018011416689,True,True,False,False,True,True,True,-1.0,44.0,1471.1150797593316,1457.820061747915,13,False,,,,,,,,,,,
20260112_5_26,20260112,2026-01-13T15:07:29.515803,5,26,Cleveland Cavaliers,Utah Jazz,home,0.9,0.09999999999999998,0.9,away,112,123,False,272.0307382806293,False,False,False,False,True,False,True,-8.0,-66.0,1592.370816018779,1320.3400777381496,11,False,,,,,,,,,,,
20260112_6_17,20260112,2026-01-13T15:07:29.592316,6,17,Dallas Mavericks,Brooklyn Nets,home,0.75,0.25,0.75,home,113,105,True,112.60967701455183,False,True,False,False,True,False,True,-4.0,-18.0,1435.241809611296,1322.6321325967442,8,False,,,,,,,,,,,
20260112_12_30,20260112,2026-01-13T15:07:29.642023,12,30,Los Angeles Clippers,Charlotte Hornets,home,0.55,0.44999999999999996,0.55,home,117,109,True,197.8844195838756,False,False,False,False,True,False,True,19.0,71.0,1556.467420913466,1358.5830013295904,8,False,,,,,,,,,,,
20260112_11_2,20260112,2026-01-13T15:07:29.617776,11,2,Indiana Pacers,Boston Celtics,away,0.3714203339583564,0.6285796660416436,0.6285796660416436,home,98,96,False,-230.37316775290265,False,False,False,False,True,False,True,16.0,11.0,1441.4394265082633,1671.812594261166,2,False,,,,,,,,,,,
20260111_29_17,20260111,2026-01-13T15:07:29.489495,29,17,Memphis Grizzlies,Brooklyn Nets,home,0.7339979646217593,0.26600203537824074,0.7339979646217593,home,103,98,True,147.16597155952925,False,True,False,False,True,False,True,-20.0,-18.0,1469.7981041562734,1322.6321325967442,5,False,,,,,,,,,,,
20260111_22_18,20260111,2026-01-13T15:07:29.462816,22,18,Portland Trail Blazers,New York Knicks,home,0.5343827173223206,0.46561728267767943,0.5343827173223206,away,114,123,False,-117.40046973236667,False,False,False,False,True,False,True,23.0,-26.0,1465.949465306465,1583.3499350388315,9,True,,,,,,,,,,,
20260111_19_3,20260111,2026-01-13T15:07:29.284854,19,3,Orlando Magic,New Orleans Pelicans,home,0.7997517260238112,0.20024827397618883,0.7997517260238112,home,128,118,True,198.254441447788,False,False,False,False,True,False,True,-1.0,-33.0,1518.3322862355042,1320.0778447877162,10,False,,,,,,,,,,,
20260111_7_15,20260111,2026-01-13T15:07:29.335804,7,15,Denver Nuggets,Milwaukee Bucks,home,0.8222436347796549,0.1777563652203451,0.8222436347796549,home,108,104,True,147.67318448798528,False,False,False,False,True,False,True,-26.0,11.0,1635.589433062937,1487.9162485749514,4,False,,,,,,,,,,,
20260111_23_10,20260111,2026-01-13T15:07:29.437515,23,10,Sacramento Kings,Houston Rockets,away,0.2160608453300379,0.7839391546699621,0.7839391546699621,home,111,98,False,-214.34215006913792,False,False,False,False,True,False,True,-28.0,-23.0,1389.8897156977578,1604.2318657668957,13,False,,,,,,,,,,,
20260111_9_1,20260111,2026-01-13T15:07:29.386355,9,1,Golden State Warriors,Atlanta Hawks,home,0.844916074437986,0.155083925562014,0.844916074437986,away,111,124,False,83.2941147451204,True,False,False,False,True,True,True,36.0,18.0,1568.6420893619415,1485.3479746168211,13,False,,,,,,,,,,,
20260111_28_20,20260111,2026-01-13T15:07:29.258928,28,20,Toronto Raptors,Philadelphia 76ers,home,0.5370685310127179,0.4629314689872821,0.5370685310127179,home,116,115,True,13.295018011416689,True,True,False,False,True,True,True,-1.0,44.0,1471.1150797593316,1457.820061747915,1,False,,,,,,,,,,,
20260111_16_24,20260111,2026-01-13T15:07:29.361591,16,24,Minnesota Timberwolves,San Antonio Spurs,home,0.7252067785738232,0.2747932214261768,0.7252067785738232,home,104,103,True,57.060546124057055,True,False,False,False,True,True,True,52.0,14.0,1656.0462743932485,1598.9857282691912,1,False,,,,,,,,,,,
20260111_21_27,20260111,2026-01-13T15:07:29.412913,21,27,Phoenix Suns,Washington Wizards,home,0.8521912938218839,0.14780870617811614,0.8521912938218839,home,112,93,True,323.0382396858797,False,False,False,False,True,False,True,43.0,-79.0,1574.9732900605616,1251.935050374682,19,False,,,,,,,,,,,
20260111_25_14,20260111,2026-01-13T15:07:29.310214,25,14,Oklahoma City Thunder,Miami Heat,home,0.9,0.09999999999999998,0.9,home,124,112,True,298.1705064204839,False,False,False,False,True,False,True,-13.0,-55.0,1773.6475060944867,1475.4769996740029,12,False,,,,,,,,,,,
20260110_2_24,20260110,2026-01-13T15:07:29.234386,2,24,Boston Celtics,San Antonio Spurs,home,0.7979712859976232,0.20202871400237676,0.7979712859976232,away,95,100,False,72.82686599197473,True,False,False,False,True,True,True,11.0,14.0,1671.812594261166,1598.9857282691912,5,False,,,,,,,,,,,
20260110_8_12,20260110,2026-01-13T15:07:29.158353,8,12,Detroit Pistons,Los Angeles Clippers,home,0.8143518887551048,0.18564811124489522,0.8143518887551048,away,92,98,False,54.15447319650912,True,False,False,False,True,True,True,38.0,19.0,1610.621894109975,1556.467420913466,6,False,,,,,,,,,,,
20260110_5_16,20260110,2026-01-13T15:07:29.133221,5,16,Cleveland Cavaliers,Minnesota Timberwolves,home,0.55,0.44999999999999996,0.55,home,146,134,True,-63.67545837446937,True,True,False,False,True,True,True,-8.0,52.0,1592.370816018779,1656.0462743932485,12,True,,,,,,,,,,,
20260110_26_30,20260110,2026-01-13T15:07:29.183807,26,30,Utah Jazz,Charlotte Hornets,home,0.5174778116469576,0.4825221883530424,0.5174778116469576,away,95,150,False,-38.24292359144079,True,True,False,False,True,True,True,-66.0,71.0,1320.3400777381496,1358.5830013295904,55,True,,,,,,,,,,,
20260110_4_6,20260110,2026-01-13T15:07:29.108930,4,6,Chicago Bulls,Dallas Mavericks,home,0.55,0.44999999999999996,0.55,home,125,107,True,28.253429617625443,True,True,False,False,True,True,True,-17.0,-4.0,1463.4952392289215,1435.241809611296,18,False,,,,,,,,,,,
20260110_11_14,20260110,2026-01-13T15:07:29.208346,11,14,Indiana Pacers,Miami Heat,home,0.55,0.44999999999999996,0.55,home,123,99,True,-34.03757316573956,True,False,False,False,True,True,True,16.0,-55.0,1441.4394265082633,1475.4769996740029,24,True,,,,,,,,,,,
20260109_9_23,20260109,2026-01-13T15:07:29.082631,9,23,Golden State Warriors,Sacramento Kings,home,0.9,0.09999999999999998,0.9,home,137,103,True,178.75237366418378,False,False,False,False,True,False,True,36.0,-28.0,1568.6420893619415,1389.8897156977578,34,False,,,,,,,,,,,
20260109_22_10,20260109,2026-01-13T15:07:28.977618,22,10,Portland Trail Blazers,Houston Rockets,away,0.3695923468325364,0.6304076531674636,0.6304076531674636,home,111,105,False,-138.2824004604306,False,False,False,False,True,False,True,23.0,-23.0,1465.949465306465,1604.2318657668957,6,False,,,,,,,,,,,
20260109_29_25,20260109,2026-01-13T15:07:28.903344,29,25,Memphis Grizzlies,Oklahoma City Thunder,away,0.2799999999999999,0.7200000000000001,0.7200000000000001,away,116,117,True,-303.8494019382133,False,False,False,False,True,False,True,-20.0,-13.0,1469.7981041562734,1773.6475060944867,1,False,,,,,,,,,,,
20260109_19_20,20260109,2026-01-13T15:07:28.928083,19,20,Orlando Magic,Philadelphia 76ers,home,0.539451692210389,0.460548307789611,0.539451692210389,away,91,103,False,60.51222448758927,True,True,False,False,True,True,True,-1.0,44.0,1518.3322862355042,1457.820061747915,12,False,,,,,,,,,,,
20260109_17_12,20260109,2026-01-13T15:07:29.057255,17,12,Brooklyn Nets,Los Angeles Clippers,away,0.4001576355145966,0.5998423644854034,0.5998423644854034,away,105,121,True,-233.8352883167217,False,True,False,False,True,False,True,-18.0,19.0,1322.6321325967442,1556.467420913466,16,False,,,,,,,,,,,
20260109_27_3,20260109,2026-01-13T15:07:28.952977,27,3,Washington Wizards,New Orleans Pelicans,home,0.7812355616527241,0.21876443834727588,0.7812355616527241,away,107,128,False,-68.14279441303438,True,True,False,False,True,True,True,-79.0,-33.0,1251.935050374682,1320.0778447877162,21,True,,,,,,,,,,,
20260109_2_28,20260109,2026-01-13T15:07:29.003654,2,28,Boston Celtics,Toronto Raptors,home,0.9,0.09999999999999998,0.9,home,125,117,True,200.69751450183435,False,False,False,False,True,False,True,11.0,-1.0,1671.812594261166,1471.1150797593316,8,False,,,,,,,,,,,
20260109_7_1,20260109,2026-01-13T15:07:28.876845,7,1,Denver Nuggets,Atlanta Hawks,home,0.9,0.09999999999999998,0.9,away,87,110,False,150.24145844611553,False,False,False,False,True,False,True,-26.0,18.0,1635.589433062937,1485.3479746168211,23,False,,,,,,,,,,,
20260109_21_18,20260109,2026-01-13T15:07:29.030363,21,18,Phoenix Suns,New York Knicks,home,0.55,0.44999999999999996,0.55,home,112,107,True,-8.376644978270178,True,False,False,False,True,True,True,43.0,-26.0,1574.9732900605616,1583.3499350388315,5,True,,,,,,,,,,,
20260109_13_15,20260109,2026-01-13T15:07:28.846792,13,15,Los Angeles Lakers,Milwaukee Bucks,home,0.5605458497050092,0.4394541502949908,0.5605458497050092,away,101,105,False,28.94624846127158,True,False,False,False,True,True,True,-18.0,11.0,1516.862497036223,1487.9162485749514,4,False,,,,,,,,,,,
20260108_30_11,20260108,2026-01-13T15:07:28.821712,30,11,Charlotte Hornets,Indiana Pacers,home,0.5125889128965422,0.4874110871034578,0.5125889128965422,away,112,114,False,-82.85642517867291,True,True,False,False,True,True,True,71.0,16.0,1358.5830013295904,1441.4394265082633,2,True,,,,,,,,,,,
20260108_26_6,20260108,2026-01-13T15:07:28.771224,26,6,Utah Jazz,Dallas Mavericks,away,0.3285518378134709,0.6714481621865291,0.6714481621865291,home,116,114,False,-114.90173187314645,False,False,False,False,True,False,True,-66.0,-4.0,1320.3400777381496,1435.241809611296,2,False,,,,,,,,,,,
20260108_16_5,20260108,2026-01-13T15:07:28.797323,16,5,Minnesota Timberwolves,Cleveland Cavaliers,home,0.55,0.44999999999999996,0.55,home,131,122,True,63.67545837446937,True,False,False,False,True,True,True,52.0,-8.0,1656.0462743932485,1592.370816018779,9,False,,,,,,,,,,,
20260107_8_4,20260107,2026-01-08T19:27:07.950125,8,4,Detroit Pistons,Chicago Bulls,home,0.8544776218250479,0.14552237817495206,0.8544776218250479,home,108,93,True,166.1107591680627,False,False,False,False,True,False,True,66.0,-19.0,1619.9008933183404,1453.7901341502777,15,False,,,,,,,,,,,
20260107_17_19,20260107,2026-01-08T19:27:08.097384,17,19,Brooklyn Nets,Orlando Magic,away,0.4125677118082247,0.5874322881917753,0.5874322881917753,away,103,104,True,-189.62436534434528,False,True,False,False,True,False,True,-46.0,-4.0,1337.040615688805,1526.6649810331503,1,False,,,,,,,,,,,
20260107_29_21,20260107,2026-01-08T19:27:07.907993,29,21,Memphis Grizzlies,Phoenix Suns,away,0.4071595342085555,0.5928404657914446,0.5928404657914446,away,98,117,True,-98.69548689355474,True,False,False,False,True,True,True,-34.0,30.0,1466.8786608471382,1565.574147740693,19,False,,,,,,,,,,,
20260107_2_7,20260107,2026-01-08T19:27:07.865682,2,7,Boston Celtics,Denver Nuggets,home,0.551028283625834,0.448971716374166,0.551028283625834,away,110,114,False,32.97939073273551,True,False,False,False,True,True,True,65.0,-9.0,1683.5848134344187,1650.6054227016832,4,False,,,,,,,,,,,
20260107_18_12,20260107,2026-01-08T19:27:07.970955,18,12,New York Knicks,Los Angeles Clippers,home,0.55,0.44999999999999996,0.55,home,123,111,True,45.40523431366523,True,True,False,False,True,True,True,-44.0,16.0,1583.5159431862128,1538.1107088725475,12,False,,,,,,,,,,,
20260107_20_27,20260107,2026-01-08T19:27:08.055248,20,27,Philadelphia 76ers,Washington Wizards,home,0.7268636638597067,0.2731363361402933,0.7268636638597067,home,131,110,True,171.77030855714452,False,False,False,False,True,False,True,49.0,-18.0,1436.4396913843393,1264.6693828271948,21,False,,,,,,,,,,,
20260107_25_26,20260107,2026-01-08T19:27:07.992106,25,26,Oklahoma City Thunder,Utah Jazz,home,0.9,0.09999999999999998,0.9,home,129,125,True,456.6620546859574,False,False,False,False,True,False,True,40.0,-72.0,1770.0344837680873,1313.37242908213,4,False,,,,,,,,,,,
20260107_22_10,20260107,2026-01-08T19:27:07.929182,22,10,Portland Trail Blazers,Houston Rockets,away,0.3283692739739106,0.6716307260260894,0.6716307260260894,home,103,102,False,-167.6086312139348,False,False,False,False,True,False,True,10.0,27.0,1462.2987482165563,1629.9073794304911,1,False,,,,,,,,,,,
20260107_30_28,20260107,2026-01-08T19:27:08.013478,30,28,Charlotte Hornets,Toronto Raptors,away,0.4273828084199702,0.5726171915800298,0.5726171915800298,away,96,97,True,-132.04720786947473,False,True,False,False,True,False,True,31.0,34.0,1351.745385566522,1483.7925934359969,1,False,,,,,,,,,,,
20260107_24_13,20260107,2026-01-08T19:27:08.076307,24,13,San Antonio Spurs,Los Angeles Lakers,away,0.4865790473470259,0.513420952652974,0.513420952652974,home,107,91,False,55.24610753398156,True,True,False,False,True,True,True,22.0,-17.0,1592.0919827582736,1536.845875224292,16,True,,,,,,,,,,,
20260107_1_3,20260107,2026-01-08T19:27:07.886741,1,3,Atlanta Hawks,New Orleans Pelicans,home,0.8254098867659109,0.17459011323408913,0.8254098867659109,home,117,100,True,139.54968544083317,False,False,False,False,True,False,True,18.0,-87.6,1453.6182381046726,1314.0685526638397,17,False,,,,,,,,,,,
20260107_9_15,20260107,2026-01-08T19:27:08.034294,9,15,Golden State Warriors,Milwaukee Bucks,home,0.5781869073383261,0.4218130926616739,0.5781869073383261,home,120,113,True,92.29153924720435,True,True,False,False,True,True,True,-15.0,20.0,1576.4383412393431,1484.146801992139,7,False,,,,,,,,,,,
20260106_29_24,20260106,2026-01-08T19:27:07.782206,29,24,Memphis Grizzlies,San Antonio Spurs,away,0.3478186124443257,0.6521813875556743,0.6521813875556743,home,106,105,False,-125.21332191113538,False,True,False,False,True,False,True,-34.0,22.0,1466.8786608471382,1592.0919827582736,1,False,,,,,,,,,,,
20260106_11_5,20260106,2026-01-08T19:27:07.844844,11,5,Indiana Pacers,Cleveland Cavaliers,away,0.3731283259476563,0.6268716740523437,0.6268716740523437,away,116,120,True,-185.8534220506945,False,False,False,False,True,False,True,-37.2,33.0,1418.1014245883257,1603.9548466390202,4,False,,,,,,,,,,,
20260106_16_14,20260106,2026-01-08T19:27:07.802601,16,14,Minnesota Timberwolves,Miami Heat,home,0.7952253410162918,0.20477465898370817,0.7952253410162918,home,122,94,True,166.42219030352385,False,False,False,False,True,False,True,75.0,11.0,1658.1264654194908,1491.704275115967,28,False,,,,,,,,,,,
20260106_3_13,20260106,2026-01-08T19:27:07.760915,3,13,New Orleans Pelicans,Los Angeles Lakers,away,0.1869944888608742,0.8130055111391258,0.8130055111391258,away,103,111,True,-222.7773225604526,False,False,False,False,True,False,True,-87.6,-17.0,1314.0685526638397,1536.845875224292,8,False,,,,,,,,,,,
20260106_23_6,20260106,2026-01-08T19:27:07.823700,23,6,Sacramento Kings,Dallas Mavericks,away,0.4204916068779241,0.5795083931220759,0.5795083931220759,away,98,100,True,-77.81312773784566,True,False,False,False,True,True,True,-121.2,-11.0,1367.0777580821468,1444.8908858199925,2,False,,,,,,,,,,,
20260106_27_19,20260106,2026-01-08T19:27:07.740042,27,19,Washington Wizards,Orlando Magic,away,0.4259056109674549,0.5740943890325452,0.5740943890325452,home,120,112,False,-261.9955982059555,False,False,False,False,True,False,True,-18.0,-4.0,1264.6693828271948,1526.6649810331503,8,False,,,,,,,,,,,
20260105_12_9,20260105,2026-01-08T19:27:07.635274,12,9,Los Angeles Clippers,Golden State Warriors,home,0.5509315423094898,0.4490684576905102,0.5509315423094898,home,103,102,True,-38.3276323667958,True,False,False,False,True,True,True,16.0,-15.0,1538.1107088725475,1576.4383412393431,1,True,,,,,,,,,,,
20260105_22_26,20260105,2026-01-08T19:27:07.698356,22,26,Portland Trail Blazers,Utah Jazz,home,0.7915860670348042,0.20841393296519584,0.7915860670348042,home,137,117,True,148.92631913442665,False,False,False,False,True,False,True,10.0,-72.0,1462.2987482165563,1313.37242908213,20,False,,,,,,,,,,,
20260105_25_30,20260105,2026-01-08T19:27:07.572649,25,30,Oklahoma City Thunder,Charlotte Hornets,home,0.9,0.09999999999999998,0.9,away,97,124,False,418.28909820156537,False,False,False,False,True,False,True,40.0,31.0,1770.0344837680873,1351.745385566522,27,False,,,,,,,,,,,
20260105_2_4,20260105,2026-01-08T19:27:07.614860,2,4,Boston Celtics,Chicago Bulls,home,0.9,0.09999999999999998,0.9,home,115,101,True,229.794679284141,False,False,False,False,True,False,True,65.0,-19.0,1683.5848134344187,1453.7901341502777,14,False,,,,,,,,,,,
20260105_8_18,20260105,2026-01-08T19:27:07.719387,8,18,Detroit Pistons,New York Knicks,home,0.5173479003435759,0.4826520996564241,0.5173479003435759,home,121,90,True,36.38495013212764,True,False,False,False,True,True,True,66.0,-44.0,1619.9008933183404,1583.5159431862128,31,False,,,,,,,,,,,
20260105_10_21,20260105,2026-01-08T19:27:07.677400,10,21,Houston Rockets,Phoenix Suns,home,0.7451035090745505,0.2548964909254495,0.7451035090745505,home,100,97,True,64.33323168979837,True,True,False,False,True,True,True,27.0,30.0,1629.9073794304911,1565.574147740693,3,False,,,,,,,,,,,
20260105_20_7,20260105,2026-01-08T19:27:07.593754,20,7,Philadelphia 76ers,Denver Nuggets,away,0.2799999999999999,0.7200000000000001,0.7200000000000001,away,124,125,True,-214.1657313173439,False,False,False,False,True,False,True,49.0,-9.0,1436.4396913843393,1650.6054227016832,1,False,,,,,,,,,,,
20260105_28_1,20260105,2026-01-08T19:27:07.656338,28,1,Toronto Raptors,Atlanta Hawks,home,0.65,0.35,0.65,home,118,100,True,30.174355331324023,True,True,False,False,True,True,True,34.0,18.0,1483.7925934359969,1453.6182381046726,18,False,,,,,,,,,,,
20260104_27_16,20260104,2026-01-08T19:27:07.446892,27,16,Washington Wizards,Minnesota Timberwolves,away,0.3881951753472178,0.6118048246527822,0.6118048246527822,away,115,141,True,-393.4570825922961,False,False,False,False,True,False,True,-18.0,75.0,1264.6693828271948,1658.1264654194908,26,False,,,,,,,,,,,
20260104_21_25,20260104,2026-01-08T19:27:07.467646,21,25,Phoenix Suns,Oklahoma City Thunder,away,0.2799999999999999,0.7200000000000001,0.7200000000000001,home,108,105,False,-204.4603360273943,False,True,False,False,True,False,True,30.0,40.0,1565.574147740693,1770.0344837680873,3,False,,,,,,,,,,,
20260104_5_8,20260104,2026-01-08T19:27:07.551754,5,8,Cleveland Cavaliers,Detroit Pistons,home,0.8168076907707665,0.18319230922923346,0.8168076907707665,away,110,114,False,-15.94604667932026,True,False,False,False,True,True,True,33.0,66.0,1603.9548466390202,1619.9008933183404,4,True,,,,,,,,,,,
20260104_23_15,20260104,2026-01-08T19:27:07.530820,23,15,Sacramento Kings,Milwaukee Bucks,away,0.3130333555779478,0.6869666444220521,0.6869666444220521,away,98,115,True,-117.06904390999216,False,False,False,False,True,False,True,-121.2,20.0,1367.0777580821468,1484.146801992139,17,False,,,,,,,,,,,
20260104_13_29,20260104,2026-01-08T19:27:07.509985,13,29,Los Angeles Lakers,Memphis Grizzlies,home,0.7904522903530561,0.2095477096469439,0.7904522903530561,home,120,114,True,69.96721437715382,True,False,False,False,True,True,True,-17.0,-34.0,1536.845875224292,1466.8786608471382,6,False,,,,,,,,,,,
20260104_19_11,20260104,2026-01-08T19:27:07.404974,19,11,Orlando Magic,Indiana Pacers,home,0.55,0.44999999999999996,0.55,home,135,127,True,108.5635564448246,False,True,False,False,True,False,True,-4.0,-37.2,1526.6649810331503,1418.1014245883257,8,False,,,,,,,,,,,
20260104_14_3,20260104,2026-01-08T19:27:07.426014,14,3,Miami Heat,New Orleans Pelicans,home,0.8318203541857411,0.16817964581425893,0.8318203541857411,home,125,106,True,177.63572245212754,False,False,False,False,True,False,True,11.0,-87.6,1491.704275115967,1314.0685526638397,19,False,,,,,,,,,,,
20260104_17_7,20260104,2026-01-08T19:27:07.489092,17,7,Brooklyn Nets,Denver Nuggets,away,0.2799999999999999,0.7200000000000001,0.7200000000000001,home,127,115,False,-313.5648070128782,False,False,False,False,True,False,True,-46.0,-9.0,1337.040615688805,1650.6054227016832,12,False,,,,,,,,,,,
20260103_24_22,20260103,2026-01-04T09:12:57.814939,24,22,San Antonio Spurs,Portland Trail Blazers,home,0.8328736823018458,0.16712631769815423,0.8328736823018458,away,110,115,False,134.32817654075507,False,False,False,False,True,False,True,10.0,-7.0,1586.486297449042,1452.158120908287,5,False,,,,,,,,,,,
20260103_12_2,20260103,2026-01-04T09:12:57.754871,12,2,Los Angeles Clippers,Boston Celtics,away,0.4744761874977983,0.5255238125022017,0.5255238125022017,away,115,146,True,-143.2049271602998,False,False,False,False,True,False,True,56.0,67.0,1543.693493407185,1686.898420567485,31,False,,,,,,,,,,,
20260103_14_16,20260103,2026-01-04T09:12:57.714727,14,16,Miami Heat,Minnesota Timberwolves,away,0.4462278302890434,0.5537721697109566,0.5537721697109566,away,115,125,True,-155.83051643960948,False,True,False,False,True,False,True,14.0,28.0,1492.9015913721955,1648.732107811805,10,False,,,,,,,,,,,
20260103_9_26,20260103,2026-01-04T09:12:57.674684,9,26,Golden State Warriors,Utah Jazz,home,0.9,0.09999999999999998,0.9,home,123,114,True,252.98656500367383,False,False,False,False,True,False,True,-22.0,-43.0,1573.5652328683086,1320.5786678646348,9,False,,,,,,,,,,,
20260103_28_1,20260103,2026-01-04T09:12:57.774947,28,1,Toronto Raptors,Atlanta Hawks,home,0.65,0.35,0.65,home,134,117,True,15.270057576750103,True,True,False,False,True,True,True,8.0,-7.0,1472.3330268319626,1457.0629692552125,17,False,,,,,,,,,,,
20260103_18_20,20260103,2026-01-04T09:12:57.694869,18,20,New York Knicks,Philadelphia 76ers,home,0.7840203846134031,0.21597961538659693,0.7840203846134031,away,119,130,False,155.0372566351407,False,False,False,False,True,False,True,-18.0,-3.0,1586.975183374759,1431.937926739618,11,False,,,,,,,,,,,
20260103_6_10,20260103,2026-01-04T09:12:57.794995,6,10,Dallas Mavericks,Houston Rockets,away,0.2511146904109583,0.7488853095890418,0.7488853095890418,home,110,104,False,-188.1778950522314,False,False,False,False,True,False,True,-23.0,28.0,1441.4905943421938,1629.6684893944253,6,False,,,,,,,,,,,
20260103_4_30,20260103,2026-01-04T09:12:57.734692,4,30,Chicago Bulls,Charlotte Hornets,home,0.65,0.35,0.65,away,99,112,False,133.2685442029549,False,False,False,False,True,False,True,-18.0,10.0,1463.314757531307,1330.0462133283518,13,False,,,,,,,,,,,
20260102_27_17,20260102,2026-01-03T17:50:14.855393,27,17,Washington Wizards,Brooklyn Nets,home,0.7195411387023684,0.28045886129763165,0.7195411387023684,home,119,99,True,-62.12420047586693,True,False,False,False,True,True,True,32.0,-34.0,1260.0452436707951,1322.169444146662,20,True,,,,,,,,,,,
20260102_4_19,20260102,2026-01-03T17:50:14.977471,4,19,Chicago Bulls,Orlando Magic,home,0.5151804950243575,0.4848195049756425,0.5151804950243575,home,121,114,True,-55.56294458747561,True,True,False,False,True,True,True,-2.0,-20.0,1477.43557976876,1532.9985243562355,7,True,,,,,,,,,,,
20260102_18_1,20260102,2026-01-03T17:50:14.881046,18,1,New York Knicks,Atlanta Hawks,home,0.8487869445690306,0.1512130554309694,0.8487869445690306,away,99,111,False,133.79997180923328,False,False,False,False,True,False,True,-18.0,7.0,1601.003940788154,1467.2039689789208,12,False,,,,,,,,,,,
20260102_15_30,20260102,2026-01-03T17:50:14.778073,15,30,Milwaukee Bucks,Charlotte Hornets,home,0.9,0.09999999999999998,0.9,home,122,121,True,165.7037853034517,False,False,False,False,True,False,True,6.0,14.0,1481.6291763943502,1315.9253910908983,1,False,,,,,,,,,,,
20260102_21_23,20260102,2026-01-03T17:50:14.929306,21,23,Phoenix Suns,Sacramento Kings,home,0.8222714684529443,0.1777285315470557,0.8222714684529443,home,129,102,True,173.39073848495354,False,False,False,False,True,False,True,41.0,-100.0,1551.922610280758,1378.5318717958046,27,False,,,,,,,,,,,
20260102_3_22,20260102,2026-01-03T17:50:14.831887,3,22,New Orleans Pelicans,Portland Trail Blazers,away,0.4049590732718073,0.5950409267281926,0.5950409267281926,away,109,122,True,-112.61396517805495,False,False,False,False,True,False,True,-60.0,-28.0,1329.8322782787789,1442.4462434568338,13,False,,,,,,,,,,,
20260102_9_25,20260102,2026-01-03T17:50:14.805209,9,25,Golden State Warriors,Oklahoma City Thunder,away,0.4142633676042203,0.5857366323957798,0.5857366323957798,away,94,131,True,-230.53535270307336,False,False,False,False,True,False,True,-21.0,87.0,1570.5879917088453,1801.1233444119189,37,False,,,,,,,,,,,
20260102_5_7,20260102,2026-01-03T17:50:15.001301,5,7,Cleveland Cavaliers,Denver Nuggets,away,0.4527161671398576,0.5472838328601424,0.5472838328601424,home,113,108,False,-51.10393653686333,True,True,False,False,True,True,True,54.0,-23.0,1607.1543517951154,1658.2582883319787,5,False,,,,,,,,,,,
20260102_13_29,20260102,2026-01-03T17:50:14.954197,13,29,Los Angeles Lakers,Memphis Grizzlies,home,0.75,0.25,0.75,home,128,121,True,57.77717924466242,True,False,False,False,True,True,True,-38.0,16.0,1536.2055727283532,1478.4283934836908,7,False,,,,,,,,,,,
20260102_11_24,20260102,2026-01-03T17:50:14.905888,11,24,Indiana Pacers,San Antonio Spurs,away,0.4010112475584056,0.5989887524415944,0.5989887524415944,away,113,123,True,-169.42341401431077,False,True,False,False,True,False,True,-64.8,35.0,1426.7747608861844,1596.1981749004951,10,False,,,,,,,,,,,
20260101_8_14,20260101,2026-01-02T14:26:00.228782,8,14,Detroit Pistons,Miami Heat,home,0.7326736692932652,0.26732633070673484,0.7326736692932652,away,112,118,False,97.2692425948942,True,False,False,False,True,True,True,10.0,17.0,1596.0749121225274,1498.8056695276332,6,False,,,,,,,,,,,
20260101_23_2,20260101,2026-01-02T14:26:00.184464,23,2,Sacramento Kings,Boston Celtics,away,0.2645870658723006,0.7354129341276994,0.7354129341276994,away,106,120,True,-292.7198662196752,False,False,False,False,True,False,True,-82.0,44.0,1384.915126332902,1677.6349925525772,14,False,,,,,,,,,,,
20260101_12_26,20260101,2026-01-02T14:26:00.206431,12,26,Los Angeles Clippers,Utah Jazz,home,0.9,0.09999999999999998,0.9,home,118,101,True,229.4010123979947,False,False,False,False,True,False,True,128.4,-57.0,1552.9569214220928,1323.555909024098,17,False,,,,,,,,,,,
20260101_17_10,20260101,2026-01-02T14:26:00.134445,17,10,Brooklyn Nets,Houston Rockets,away,0.2491523551425434,0.7508476448574566,0.7508476448574566,away,96,120,True,-305.48926590488736,False,False,False,False,True,False,True,-25.0,33.0,1335.018889826334,1640.5081557312214,24,False,,,,,,,,,,,
20260101_6_20,20260101,2026-01-02T14:26:00.161453,6,20,Dallas Mavericks,Philadelphia 76ers,home,0.55,0.44999999999999996,0.55,away,108,123,False,12.741758679175064,True,False,False,False,True,True,True,-28.0,-22.0,1430.6509280053976,1417.9091693262226,15,False,,,,,,,,,,,
20251231_4_3,20251231,2026-01-01T09:14:25.819058,4,3,Chicago Bulls,New Orleans Pelicans,home,0.744401182736224,0.255598817263776,0.744401182736224,home,134,118,True,131.32025501785006,False,False,False,False,True,False,True,-7.0,-72.0,1468.579298137996,1337.259043120146,16,False,,,,,,,,,,,
20251231_1_16,20251231,2026-01-01T09:14:25.839883,1,16,Atlanta Hawks,Minnesota Timberwolves,away,0.2870575200406065,0.7129424799593935,0.7129424799593935,home,126,102,False,-189.7447370840789,False,False,False,False,True,False,True,-7.0,21.0,1453.0832925722884,1642.828029656367,24,False,,,,,,,,,,,
20251231_11_19,20251231,2026-01-01T09:14:25.901483,11,19,Indiana Pacers,Orlando Magic,home,0.55,0.44999999999999996,0.55,away,110,112,False,-109.56433672154776,False,True,False,False,True,False,True,-62.4,-9.0,1432.2904692654515,1541.8548059869995,2,True,,,,,,,,,,,
20251231_25_22,20251231,2026-01-01T09:14:25.796579,25,22,Oklahoma City Thunder,Portland Trail Blazers,home,0.9,0.09999999999999998,0.9,home,124,95,True,359.3203953279435,False,False,False,False,True,False,True,30.0,-45.0,1794.3398739434103,1435.0194786154668,29,False,,,,,,,,,,,
20251231_30_9,20251231,2026-01-01T09:14:25.962160,30,9,Charlotte Hornets,Golden State Warriors,away,0.2557190479504065,0.7442809520495934,0.7442809520495934,away,125,132,True,-260.14984042694823,False,False,False,False,True,False,True,8.0,39.0,1317.2216217504051,1577.3714621773536,7,False,,,,,,,,,,,
20251231_15_27,20251231,2026-01-01T09:14:25.921719,15,27,Milwaukee Bucks,Washington Wizards,home,0.9,0.09999999999999998,0.9,away,113,114,False,233.1371477437201,False,False,False,False,True,False,True,2.0,-5.0,1480.3329457348434,1247.1957979911233,1,False,,,,,,,,,,,
20251231_28_7,20251231,2026-01-01T09:14:25.881082,28,7,Toronto Raptors,Denver Nuggets,away,0.2799999999999999,0.7200000000000001,0.7200000000000001,away,103,106,True,-203.76183449674613,False,False,False,False,True,False,True,12.0,-19.0,1462.1920271082545,1665.9538616050004,3,False,,,,,,,,,,,
20251231_24_18,20251231,2026-01-01T09:14:25.860834,24,18,San Antonio Spurs,New York Knicks,home,0.55,0.44999999999999996,0.55,home,134,132,True,-24.44215067355867,True,True,False,False,True,True,True,36.0,1.0,1590.6824665212278,1615.1246171947864,2,True,,,,,,,,,,,
20251231_5_21,20251231,2026-01-01T09:14:25.941898,5,21,Cleveland Cavaliers,Phoenix Suns,home,0.8148636012550133,0.18513639874498666,0.8148636012550133,home,129,113,True,53.919422778433045,True,True,False,False,True,True,True,56.0,38.0,1599.4587785220938,1545.5393557436607,16,False,,,,,,,,,,,
20251230_12_23,20251230,2025-12-31T11:02:00.735694,12,23,Los Angeles Clippers,Sacramento Kings,home,0.75,0.25,0.75,home,131,90,True,160.24189354622558,False,False,False,False,True,False,True,126.0,-67.0,1548.7432441540864,1388.5013506078608,41,False,,,,,,,,,,,
20251230_29_20,20251230,2025-12-31T11:02:00.758459,29,20,Memphis Grizzlies,Philadelphia 76ers,home,0.55,0.44999999999999996,0.55,away,136,139,False,78.48018152511895,True,True,False,False,True,True,True,7.0,-30.0,1484.6908530208786,1406.2106714957597,3,False,,,,,,,,,,,
20251230_26_2,20251230,2025-12-31T11:02:00.780765,26,2,Utah Jazz,Boston Celtics,away,0.2578191091194147,0.7421808908805854,0.7421808908805854,away,119,129,True,-346.2791819855138,False,False,False,False,True,False,True,-41.0,46.0,1327.7695862921046,1674.0487682776184,10,False,,,,,,,,,,,
20251230_13_8,20251230,2025-12-31T11:02:00.710823,13,8,Los Angeles Lakers,Detroit Pistons,home,0.55,0.44999999999999996,0.55,away,106,128,False,-76.1104301598491,True,False,False,False,True,True,True,-60.0,24.0,1529.9431131911654,1606.0535433510145,22,True,,,,,,,,,,,
20251229_27_21,20251229,2025-12-30T00:09:06.080849,27,21,Washington Wizards,Phoenix Suns,away,0.3644169133064262,0.6355830866935738,0.6355830866935738,away,101,115,True,-311.33298390821324,False,False,False,False,True,False,True,-17.0,51.0,1243.1215128818203,1554.4544967900338,14,False,,,,,,,,,,,
20251229_4_16,20251229,2025-12-30T00:09:06.058147,4,16,Chicago Bulls,Minnesota Timberwolves,away,0.4380875857653542,0.5619124142346458,0.5619124142346458,away,101,136,True,-199.0176233258808,False,False,False,False,True,False,True,-12.0,50.0,1462.208144737993,1661.2257680638738,35,False,,,,,,,,,,,
20251229_14_7,20251229,2025-12-30T00:09:05.870583,14,7,Miami Heat,Denver Nuggets,away,0.2799999999999999,0.7200000000000001,0.7200000000000001,home,147,123,False,-174.39137297356274,False,True,False,False,True,False,True,-2.0,1.0,1488.827038299146,1663.2184112727089,24,False,,,,,,,,,,,
20251229_17_9,20251229,2025-12-30T00:09:05.941231,17,9,Brooklyn Nets,Golden State Warriors,away,0.3496978065368408,0.6503021934631592,0.6503021934631592,away,107,120,True,-235.222964381702,False,False,False,False,True,False,True,44.0,35.0,1339.0109496704154,1574.2339140521174,13,False,,,,,,,,,,,
20251229_3_18,20251229,2025-12-30T00:09:05.847585,3,18,New Orleans Pelicans,New York Knicks,away,0.319073491379321,0.680926508620679,0.680926508620679,away,125,130,True,-275.7899948140953,False,False,False,False,True,False,True,-38.0,-6.0,1343.6301965201487,1619.420191334244,5,False,,,,,,,,,,,
20251229_10_11,20251229,2025-12-30T00:09:06.035365,10,11,Houston Rockets,Indiana Pacers,home,0.7758103998471568,0.22418960015284317,0.7758103998471568,home,126,119,True,201.1320950093273,False,False,False,False,True,False,True,23.0,-82.8,1636.5160958871402,1435.384000877813,7,False,,,,,,,,,,,
20251229_25_1,20251229,2025-12-30T00:09:05.897063,25,1,Oklahoma City Thunder,Atlanta Hawks,home,0.9,0.09999999999999998,0.9,home,140,129,True,356.9801081688024,False,False,False,False,True,False,True,17.0,-70.8,1791.6656623335844,1434.685554164782,11,False,,,,,,,,,,,
20251229_28_19,20251229,2025-12-30T00:09:05.986254,28,19,Toronto Raptors,Orlando Magic,home,0.5109188111250749,0.48908118887492513,0.5109188111250749,home,107,106,True,-73.83379693409256,True,True,False,False,True,True,True,0.0,-34.0,1464.9274774405458,1538.7612743746383,1,True,,,,,,,,,,,
20251229_24_5,20251229,2025-12-30T00:09:05.919129,24,5,San Antonio Spurs,Cleveland Cavaliers,home,0.55,0.44999999999999996,0.55,away,101,113,False,-4.156745093950576,True,True,False,False,True,True,True,62.0,29.0,1586.3868923817702,1590.5436374757207,12,True,,,,,,,,,,,
20251229_30_15,20251229,2025-12-30T00:09:05.964232,30,15,Charlotte Hornets,Milwaukee Bucks,away,0.3579403906652642,0.6420596093347358,0.6420596093347358,away,113,123,True,-164.0480609685046,False,False,False,False,True,False,True,-11.0,-3.0,1320.3591698756416,1484.4072308441462,10,False,,,,,,,,,,,
20251229_22_6,20251229,2025-12-30T00:09:06.010092,22,6,Portland Trail Blazers,Dallas Mavericks,home,0.55,0.44999999999999996,0.55,away,113,115,False,-4.655735610567717,True,False,False,False,True,True,True,-24.0,-19.0,1437.6936902252928,1442.3494258358603,2,True,,,,,,,,,,,
20251228_28_9,20251228,2025-12-29T22:03:44.592161,28,9,Toronto Raptors,Golden State Warriors,away,0.3164614013345194,0.6835385986654806,0.6835385986654806,home,141,127,False,-108.69627656537364,False,False,False,False,True,False,True,-17.0,21.0,1461.5737477692005,1570.270024334574,14,False,,,,,,,,,,,
20251228_22_2,20251228,2025-12-29T22:03:44.680691,22,2,Portland Trail Blazers,Boston Celtics,away,0.2746664318678424,0.7253335681321575,0.7253335681321575,home,114,108,False,-230.34331948765407,False,False,False,False,True,False,True,-17.0,49.0,1442.0607588122452,1672.4040782998993,6,False,,,,,,,,,,,
20251228_25_20,20251228,2025-12-29T22:03:44.654248,25,20,Oklahoma City Thunder,Philadelphia 76ers,home,0.9,0.09999999999999998,0.9,home,129,104,True,389.80861032676967,False,False,False,False,True,False,True,1.0,-24.0,1789.557527005658,1399.7489166788885,25,False,,,,,,,,,,,
20251228_27_29,20251228,2025-12-29T22:03:44.706131,27,29,Washington Wizards,Memphis Grizzlies,away,0.4217073570588515,0.5782926429411486,0.5782926429411486,home,116,112,False,-245.4747064013295,False,False,False,False,True,False,True,5.0,2.0,1246.3577714448693,1491.8324778461988,4,False,,,,,,,,,,,
20251228_12_8,20251228,2025-12-29T22:03:44.627428,12,8,Los Angeles Clippers,Detroit Pistons,away,0.4662788734972322,0.5337211265027678,0.5337211265027678,home,112,99,False,-54.54455088980626,True,False,False,False,True,True,True,43.0,28.0,1541.6887252915665,1596.2332761813727,13,False,,,,,,,,,,,
20251228_13_23,20251228,2025-12-29T22:03:44.731066,13,23,Los Angeles Lakers,Sacramento Kings,home,0.8089849345139445,0.1910150654860555,0.8089849345139445,home,125,101,True,145.3410118313193,False,False,False,False,True,False,True,-30.0,-31.0,1541.0766092161412,1395.735597384822,24,False,,,,,,,,,,,
20251227_19_7,20251227,2025-12-29T22:07:00.713936,19,7,Orlando Magic,Denver Nuggets,away,0.2799999999999999,0.7200000000000001,0.7200000000000001,home,127,126,False,-138.73839527728,False,False,False,False,True,False,True,-32.0,11.0,1541.689732169774,1680.428127447054,1,False,,,,,,,,,,,
20251227_3_21,20251227,2025-12-29T22:07:00.690756,3,21,New Orleans Pelicans,Phoenix Suns,away,0.3661382006761097,0.6338617993238903,0.6338617993238903,away,114,123,True,-205.30204547189567,False,False,False,False,True,False,True,-14.0,38.0,1346.6308330320835,1551.9328785039795,9,False,,,,,,,,,,,
20251227_23_6,20251227,2025-12-29T22:07:00.738322,23,6,Sacramento Kings,Dallas Mavericks,home,0.55,0.44999999999999996,0.55,home,113,107,True,-41.42841553050516,True,True,False,False,True,True,True,-31.0,-28.0,1395.735597384822,1437.164012915327,6,True,,,,,,,,,,,
20251226_1_14,20251226,2025-12-27T19:57:05.783692,1,14,Atlanta Hawks,Miami Heat,home,0.5366696008850165,0.4633303991149835,0.5366696008850165,away,111,126,False,-34.96965747426134,True,False,False,False,True,True,True,-66.0,-15.0,1436.4506734284826,1471.420330902744,15,True,,,,,,,,,,,
20251226_26_8,20251226,2025-12-27T19:57:05.963682,26,8,Utah Jazz,Detroit Pistons,away,0.2098604979421122,0.7901395020578879,0.7901395020578879,home,131,129,False,-277.22920025278245,False,False,False,False,True,False,True,-39.0,39.0,1330.33980788035,1607.5690081331325,2,False,,,,,,,,,,,
20251226_29_15,20251226,2025-12-27T19:57:05.992053,29,15,Memphis Grizzlies,Milwaukee Bucks,away,0.4076817533291291,0.592318246670871,0.592318246670871,home,125,104,False,23.11745039646076,True,False,False,False,True,True,True,12.0,-58.0,1501.3823285274964,1478.2648781310356,21,True,,,,,,,,,,,
20251226_4_20,20251226,2025-12-27T19:57:05.933838,4,20,Chicago Bulls,Philadelphia 76ers,home,0.55,0.44999999999999996,0.55,home,109,102,True,67.10449870322032,True,True,False,False,True,True,True,46.8,-2.0,1468.9780860715528,1401.8735873683324,7,False,,,,,,,,,,,
20251226_11_2,20251226,2025-12-27T19:57:05.839295,11,2,Indiana Pacers,Boston Celtics,away,0.3416035941002405,0.6583964058997596,0.6583964058997596,away,122,140,True,-245.9915458962957,False,False,False,False,True,False,True,-75.6,48.0,1437.8063912809562,1683.797937177252,18,False,,,,,,,,,,,
20251226_27_28,20251226,2025-12-27T19:57:05.811487,27,28,Washington Wizards,Toronto Raptors,away,0.420929667000007,0.579070332999993,0.579070332999993,home,138,117,False,-211.5693616844178,False,False,False,False,True,False,True,-24.0,-25.0,1236.8079207635717,1448.3772824479895,21,False,,,,,,,,,,,
20251226_3_21,20251226,2025-12-27T19:57:05.866901,3,21,New Orleans Pelicans,Phoenix Suns,away,0.4696464984513518,0.5303535015486482,0.5303535015486482,away,108,115,True,-205.676637884721,False,False,False,False,True,False,True,-15.0,39.0,1346.4435368256711,1552.120174710392,7,False,,,,,,,,,,,
20251226_22_12,20251226,2025-12-27T19:57:05.899961,22,12,Portland Trail Blazers,Los Angeles Clippers,home,0.5237691364641797,0.47623086353582034,0.5237691364641797,away,103,119,False,-99.68609340491412,True,False,False,False,True,True,True,-22.0,12.0,1430.6668999348926,1530.3529933398067,16,True,,,,,,,,,,,
20251226_19_30,20251226,2025-12-27T19:57:05.753579,19,30,Orlando Magic,Charlotte Hornets,home,0.7903478283893712,0.20965217161062877,0.7903478283893712,away,105,120,False,204.6042872066646,False,False,False,False,True,False,True,-47.0,6.0,1531.7091553642397,1327.1048681575749,15,False,,,,,,,,,,,
20251225_18_5,20251225,2025-12-27T19:57:06.146808,18,5,New York Knicks,Cleveland Cavaliers,home,0.5950238376318229,0.40497616236817713,0.5950238376318229,home,126,124,True,35.56903542997338,True,False,False,False,True,True,True,-10.0,1.0,1616.6128036793675,1581.0437682493944,2,False,,,,,,,,,,,
20251225_25_24,20251225,2025-12-27T19:57:06.088418,25,24,Oklahoma City Thunder,San Antonio Spurs,home,0.8795106768038662,0.12048932319613381,0.8795106768038662,away,102,117,False,191.13066219663028,False,False,False,False,True,False,True,-3.0,118.8,1787.4328563162142,1596.302194119584,15,False,,,,,,,,,,,
20251225_9_6,20251225,2025-12-27T19:57:06.055892,9,6,Golden State Warriors,Dallas Mavericks,home,0.8779794244714334,0.1220205755285666,0.8779794244714334,home,126,116,True,146.30247674045813,False,False,False,False,True,False,True,30.0,-28.0,1583.4664896557852,1437.164012915327,10,False,,,,,,,,,,,
20251225_7_16,20251225,2025-12-27T19:57:06.115893,7,16,Denver Nuggets,Minnesota Timberwolves,home,0.9,0.09999999999999998,0.9,home,142,138,True,37.06433814728234,True,False,False,False,True,True,True,26.0,9.0,1690.408704252589,1653.3443661053063,4,False,,,,,,,,,,,
20251225_13_10,20251225,2025-12-27T19:57:06.023204,13,10,Los Angeles Lakers,Houston Rockets,home,0.55,0.44999999999999996,0.55,away,96,119,False,-98.16878375220472,True,False,False,False,True,True,True,-52.0,11.0,1534.0627225244953,1632.2315062767,23,True,,,,,,,,,,,
20251223_16_18,20251223,2025-12-27T19:57:06.387168,16,18,Minnesota Timberwolves,New York Knicks,home,0.55,0.44999999999999996,0.55,home,115,104,True,36.73156242593859,True,True,False,False,True,True,True,9.0,-10.0,1653.3443661053063,1616.6128036793675,11,False,,,,,,,,,,,
20251223_14_28,20251223,2025-12-27T19:57:06.297435,14,28,Miami Heat,Toronto Raptors,home,0.55,0.44999999999999996,0.55,away,91,112,False,23.0430484547544,True,False,False,False,True,True,True,-15.0,-25.0,1471.420330902744,1448.3772824479895,21,False,,,,,,,,,,,
20251223_1_4,20251223,2025-12-27T19:57:06.357341,1,4,Atlanta Hawks,Chicago Bulls,home,0.5183691376903699,0.48163086230963015,0.5183691376903699,away,123,126,False,-32.52741264307019,True,True,False,False,True,True,True,-66.0,46.8,1436.4506734284826,1468.9780860715528,3,True,,,,,,,,,,,
20251223_5_3,20251223,2025-12-27T19:57:06.575837,5,3,Cleveland Cavaliers,New Orleans Pelicans,home,0.8715793233853343,0.12842067661466572,0.8715793233853343,home,141,118,True,234.60023142372324,False,False,False,False,True,False,True,1.0,-15.0,1581.0437682493944,1346.4435368256711,23,False,,,,,,,,,,,
20251223_26_29,20251223,2025-12-27T19:57:06.511905,26,29,Utah Jazz,Memphis Grizzlies,away,0.4254561157453459,0.5745438842546541,0.5745438842546541,away,128,137,True,-171.04252064714638,False,False,False,False,True,False,True,-39.0,12.0,1330.33980788035,1501.3823285274964,9,False,,,,,,,,,,,
20251223_6_7,20251223,2025-12-27T19:57:06.264933,6,7,Dallas Mavericks,Denver Nuggets,away,0.2799999999999999,0.7200000000000001,0.7200000000000001,home,131,130,False,-253.24469133726168,False,False,False,False,True,False,True,-28.0,26.0,1437.164012915327,1690.408704252589,1,False,,,,,,,,,,,
20251223_12_10,20251223,2025-12-27T19:57:06.537556,12,10,Los Angeles Clippers,Houston Rockets,away,0.3763606668664756,0.6236393331335244,0.6236393331335244,home,128,108,False,-101.87851293689324,False,True,False,False,True,False,True,12.0,11.0,1530.3529933398067,1632.2315062767,20,False,,,,,,,,,,,
20251223_23_8,20251223,2025-12-27T19:57:06.450165,23,8,Sacramento Kings,Detroit Pistons,away,0.337932781898268,0.662067218101732,0.662067218101732,away,127,136,True,-204.8195240566647,False,False,False,False,True,False,True,-8.0,39.0,1402.7494840764678,1607.5690081331325,9,False,,,,,,,,,,,
20251223_20_17,20251223,2025-12-27T19:57:06.330301,20,17,Philadelphia 76ers,Brooklyn Nets,home,0.65,0.35,0.65,away,106,114,False,58.3151798512647,True,True,False,False,True,True,True,-2.0,49.0,1401.8735873683324,1343.5584075170675,8,False,,,,,,,,,,,
20251223_24_25,20251223,2025-12-27T19:57:06.229321,24,25,San Antonio Spurs,Oklahoma City Thunder,away,0.3227684122799166,0.6772315877200834,0.6772315877200834,home,130,110,False,-191.13066219663028,False,True,False,False,True,False,True,118.8,-3.0,1596.302194119584,1787.4328563162142,20,False,,,,,,,,,,,
20251223_30_27,20251223,2025-12-27T19:57:06.480216,30,27,Charlotte Hornets,Washington Wizards,home,0.5735641602135138,0.42643583978648625,0.5735641602135138,home,126,109,True,90.29694739400315,True,False,False,False,True,True,True,6.0,-24.0,1327.1048681575749,1236.8079207635717,17,False,,,,,,,,,,,
20251223_11_15,20251223,2025-12-27T19:57:06.420183,11,15,Indiana Pacers,Milwaukee Bucks,away,0.4661806783884822,0.5338193216115178,0.5338193216115178,away,94,111,True,-40.45848685007945,True,True,False,False,True,True,True,-75.6,-58.0,1437.8063912809562,1478.2648781310356,17,False,,,,,,,,,,,
20251223_21_13,20251223,2025-12-27T19:57:06.175653,21,13,Phoenix Suns,Los Angeles Lakers,away,0.3384008956594979,0.6615991043405021,0.6615991043405021,home,132,108,False,18.057452185896864,True,False,False,False,True,True,True,39.0,-52.0,1552.120174710392,1534.0627225244953,24,True,,,,,,,,,,,
20251223_22_19,20251223,2025-12-27T19:57:06.202541,22,19,Portland Trail Blazers,Orlando Magic,home,0.5255280337185344,0.4744719662814656,0.5255280337185344,away,106,110,False,-101.04225542934682,False,True,False,False,True,False,True,-22.0,-47.0,1430.6668999348926,1531.7091553642397,4,True,,,,,,,,,,,
20251222_5_30,20251222,2025-12-27T19:57:06.662547,5,30,Cleveland Cavaliers,Charlotte Hornets,home,0.9,0.09999999999999998,0.9,home,139,132,True,253.9389000918195,False,False,False,False,True,False,True,1.0,6.0,1581.0437682493944,1327.1048681575749,7,False,,,,,,,,,,,
20251222_3_6,20251222,2025-12-27T19:57:06.790686,3,6,New Orleans Pelicans,Dallas Mavericks,home,0.5009037618629257,0.49909623813707427,0.5009037618629257,home,119,113,True,-90.7204760896559,True,False,False,False,True,True,True,-15.0,-28.0,1346.4435368256711,1437.164012915327,6,True,,,,,,,,,,,
20251222_7_26,20251222,2025-12-27T19:57:06.699084,7,26,Denver Nuggets,Utah Jazz,home,0.9,0.09999999999999998,0.9,home,135,112,True,360.06889637223867,False,False,False,False,True,False,True,26.0,-39.0,1690.408704252589,1330.33980788035,23,False,,,,,,,,,,,
20251222_2_11,20251222,2025-12-27T19:57:06.763874,2,11,Boston Celtics,Indiana Pacers,home,0.8511743235821837,0.1488256764178163,0.8511743235821837,home,103,95,True,245.9915458962957,False,False,False,False,True,False,True,48.0,-75.6,1683.797937177252,1437.8063912809562,8,False,,,,,,,,,,,
20251222_22_8,20251222,2025-12-27T19:57:06.633464,22,8,Portland Trail Blazers,Detroit Pistons,away,0.3180669565738017,0.6819330434261983,0.6819330434261983,away,102,110,True,-176.90210819823983,False,False,False,False,True,False,True,-22.0,39.0,1430.6668999348926,1607.5690081331325,8,False,,,,,,,,,,,
20251222_25_29,20251222,2025-12-27T19:57:06.603431,25,29,Oklahoma City Thunder,Memphis Grizzlies,home,0.9,0.09999999999999998,0.9,home,119,103,True,286.0505277887178,False,False,False,False,True,False,True,-3.0,12.0,1787.4328563162142,1501.3823285274964,16,False,,,,,,,,,,,
20251222_9_19,20251222,2025-12-27T19:57:06.734979,9,19,Golden State Warriors,Orlando Magic,home,0.79650158850579,0.20349841149421,0.79650158850579,home,120,97,True,51.7573342915457,True,False,False,False,True,True,True,30.0,-47.0,1583.4664896557852,1531.7091553642397,23,False,,,,,,,,,,,
20251221_1_4,20251221,2025-12-27T19:57:06.818807,1,4,Atlanta Hawks,Chicago Bulls,home,0.55,0.44999999999999996,0.55,away,150,152,False,-32.52741264307019,True,True,False,False,True,True,True,-66.0,46.8,1436.4506734284826,1468.9780860715528,2,True,,,,,,,,,,,
20251221_18_14,20251221,2025-12-27T19:57:06.945242,18,14,New York Knicks,Miami Heat,home,0.8662258696806074,0.13377413031939256,0.8662258696806074,home,132,125,True,145.19247277662384,False,False,False,False,True,False,True,-10.0,-15.0,1616.6128036793675,1471.420330902744,7,False,,,,,,,,,,,
20251221_17_28,20251221,2025-12-27T19:57:06.919168,17,28,Brooklyn Nets,Toronto Raptors,home,0.5103570893490293,0.48964291065097065,0.5103570893490293,home,96,81,True,-104.81887493092177,False,False,False,False,True,False,True,49.0,-25.0,1343.5584075170675,1448.3772824479895,15,True,,,,,,,,,,,
20251221_27_24,20251221,2025-12-27T19:57:06.975350,27,24,Washington Wizards,San Antonio Spurs,away,0.2249946371790854,0.7750053628209146,0.7750053628209146,away,113,124,True,-359.4942733560122,False,False,False,False,True,False,True,-24.0,118.8,1236.8079207635717,1596.302194119584,11,False,,,,,,,,,,,
20251221_16_15,20251221,2025-12-27T19:57:06.853261,16,15,Minnesota Timberwolves,Milwaukee Bucks,home,0.55,0.44999999999999996,0.55,home,103,100,True,175.0794879742707,False,False,False,False,True,False,True,9.0,-58.0,1653.3443661053063,1478.2648781310356,3,False,,,,,,,,,,,
20251221_23_10,20251221,2025-12-27T19:57:06.887862,23,10,Sacramento Kings,Houston Rockets,away,0.2875648835236495,0.7124351164763505,0.7124351164763505,home,125,124,False,-229.48202220023225,False,False,False,False,True,False,True,-8.0,11.0,1402.7494840764678,1632.2315062767,1,False,,,,,,,,,,,
20251220_12_13,20251220,2025-12-27T19:57:07.039665,12,13,Los Angeles Clippers,Los Angeles Lakers,away,0.3054945796253069,0.6945054203746931,0.6945054203746931,home,103,88,False,-3.7097291846885128,True,True,False,False,True,True,True,12.0,-52.0,1530.3529933398067,1534.0627225244953,15,False,,,,,,,,,,,
20251220_9_21,20251220,2025-12-27T19:57:07.284458,9,21,Golden State Warriors,Phoenix Suns,home,0.8637333304579699,0.13626666954203015,0.8637333304579699,home,119,116,True,31.34631494539304,True,True,False,False,True,True,True,30.0,39.0,1583.4664896557852,1552.120174710392,3,False,,,,,,,,,,,
20251220_29_27,20251220,2025-12-27T19:57:07.149207,29,27,Memphis Grizzlies,Washington Wizards,home,0.8478177204928627,0.15218227950713725,0.8478177204928627,away,122,130,False,264.5744077639247,False,False,False,False,True,False,True,12.0,-24.0,1501.3823285274964,1236.8079207635717,8,False,,,,,,,,,,,
20251220_3_11,20251220,2025-12-27T19:57:07.316606,3,11,New Orleans Pelicans,Indiana Pacers,away,0.4096157108133155,0.5903842891866845,0.5903842891866845,home,128,109,False,-91.36285445528506,True,True,False,False,True,True,True,-15.0,-75.6,1346.4435368256711,1437.8063912809562,19,False,,,,,,,,,,,
20251220_7_10,20251220,2025-12-27T19:57:07.188542,7,10,Denver Nuggets,Houston Rockets,home,0.9,0.09999999999999998,0.9,away,101,115,False,58.1771979758887,True,False,False,False,True,True,True,26.0,11.0,1690.408704252589,1632.2315062767,14,False,,,,,,,,,,,
20251220_23_22,20251220,2025-12-27T19:57:07.254217,23,22,Sacramento Kings,Portland Trail Blazers,home,0.55,0.44999999999999996,0.55,away,93,98,False,-27.917415858424874,True,True,False,False,True,True,True,-8.0,-22.0,1402.7494840764678,1430.6668999348926,5,True,,,,,,,,,,,
20251220_26_19,20251220,2025-12-27T19:57:07.220410,26,19,Utah Jazz,Orlando Magic,away,0.3087540504139102,0.6912459495860899,0.6912459495860899,away,127,128,True,-201.36934748388944,False,True,False,False,True,False,True,-39.0,-47.0,1330.33980788035,1531.7091553642397,1,False,,,,,,,,,,,
20251220_8_30,20251220,2025-12-27T19:57:07.081186,8,30,Detroit Pistons,Charlotte Hornets,home,0.8758917309945133,0.12410826900548666,0.8758917309945133,home,112,86,True,280.4641399755576,False,False,False,False,True,False,True,39.0,6.0,1607.5690081331325,1327.1048681575749,26,False,,,,,,,,,,,
20251220_28_2,20251220,2025-12-27T19:57:07.004547,28,2,Toronto Raptors,Boston Celtics,away,0.3372850492900419,0.6627149507099581,0.6627149507099581,away,96,112,True,-235.4206547292624,False,False,False,False,True,False,True,-25.0,48.0,1448.3772824479895,1683.797937177252,16,False,,,,,,,,,,,
20251220_20_6,20251220,2025-12-27T19:57:07.113287,20,6,Philadelphia 76ers,Dallas Mavericks,home,0.55,0.44999999999999996,0.55,home,121,114,True,-35.290425546994584,True,True,False,False,True,True,True,-2.0,-28.0,1401.8735873683324,1437.164012915327,7,True,,,,,,,,,,,
20251212_27_5,20251212,2025-12-13T01:15:08.533899,27,5,Washington Wizards,Cleveland Cavaliers,away,0.2799999999999999,0.7200000000000001,0.7200000000000001,away,126,130,True,-420.8428426597639,False,False,False,False,True,False,True,-80.0,16.0,1199.301001545655,1620.1438442054189,4,False,,,,,,,,,,,
20251212_9_16,20251212,2025-12-13T01:15:08.596028,9,16,Golden State Warriors,Minnesota Timberwolves,home,0.55,0.44999999999999996,0.55,away,120,127,False,-70.99963256569777,True,True,False,False,True,True,True,17.0,23.0,1574.3938350313838,1645.3934675970816,7,True,,,,,,,,,,,
20251212_6_17,20251212,2025-12-13T01:15:08.575661,6,17,Dallas Mavericks,Brooklyn Nets,home,0.75,0.25,0.75,home,119,111,True,164.38964110362622,False,False,False,False,True,False,True,20.0,20.0,1468.3773927247964,1303.9877516211702,8,False,,,,,,,,,,,
20251212_20_11,20251212,2025-12-13T01:15:08.513072,20,11,Philadelphia 76ers,Indiana Pacers,away,0.478245442482479,0.521754557517521,0.521754557517521,home,115,105,False,-91.65258053514322,True,True,False,False,True,True,True,41.0,-15.0,1399.959865175984,1491.6124457111273,10,False,,,,,,,,,,,
20251212_29_26,20251212,2025-12-13T01:15:08.555231,29,26,Memphis Grizzlies,Utah Jazz,home,0.8306390913595313,0.1693609086404687,0.8306390913595313,away,126,130,False,152.42199538352975,False,False,False,False,True,False,True,29.0,-39.0,1478.5862175904697,1326.16422220694,4,False,,,,,,,,,,,
20251212_30_4,20251212,2025-12-13T01:15:08.469429,30,4,Charlotte Hornets,Chicago Bulls,home,0.5489139691017277,0.45108603089827226,0.5489139691017277,away,126,129,False,-154.2961407532357,False,True,False,False,True,False,True,-15.0,-59.0,1282.9611444441157,1437.2572851973514,3,True,,,,,,,,,,,
20251212_8_1,20251212,2025-12-13T01:15:08.492527,8,1,Detroit Pistons,Atlanta Hawks,home,0.75,0.25,0.75,home,142,115,True,123.213328899855,False,False,False,False,True,False,True,42.0,-37.0,1597.191049218457,1473.977720318602,27,False,,,,,,,,,,,
20251211_15_2,20251211,2025-12-13T01:15:08.404385,15,2,Milwaukee Bucks,Boston Celtics,away,0.4681598379667504,0.5318401620332496,0.5318401620332496,home,116,101,False,-165.06501938101655,False,False,False,False,True,False,True,-11.0,65.0,1510.2173321815596,1675.2823515625762,15,False,,,,,,,,,,,
20251211_3_22,20251211,2025-12-13T01:15:08.426647,3,22,New Orleans Pelicans,Portland Trail Blazers,away,0.338834674116113,0.661165325883887,0.661165325883887,home,143,120,False,-118.4978333990075,False,True,False,False,True,False,True,-14.0,-43.0,1313.1291658257337,1431.626999224741,23,False,,,,,,,,,,,
20251211_10_12,20251211,2025-12-13T01:15:08.383668,10,12,Houston Rockets,Los Angeles Clippers,home,0.8172488323446739,0.18275116765532606,0.8172488323446739,home,115,113,True,133.77240325531238,False,False,False,False,True,False,True,26.0,-8.0,1644.2591308809033,1510.486727625591,2,False,,,,,,,,,,,
20251211_23_7,20251211,2025-12-13T01:15:08.448174,23,7,Sacramento Kings,Denver Nuggets,away,0.2799999999999999,0.7200000000000001,0.7200000000000001,away,105,136,True,-275.30500258267125,False,False,False,False,True,False,True,-60.0,46.0,1407.218503054688,1682.5235056373592,31,False,,,,,,,,,,,
20251210_13_24,20251210,2025-12-13T01:15:08.360805,13,24,Los Angeles Lakers,San Antonio Spurs,home,0.7729599279504841,0.22704007204951593,0.7729599279504841,away,119,132,False,13.698463856562284,True,True,False,False,True,True,True,-44.0,12.0,1559.8601515818707,1546.1616877253084,13,False,,,,,,,,,,,
20251210_25_21,20251210,2025-12-13T01:15:08.339487,25,21,Oklahoma City Thunder,Phoenix Suns,home,0.9,0.09999999999999998,0.9,home,138,89,True,289.3981118111176,False,False,False,False,True,False,True,144.0,-66.0,1826.3186996007623,1536.9205877896447,49,False,,,,,,,,,,,
20251209_19_14,20251209,2025-12-10T16:54:59.931376,19,14,Orlando Magic,Miami Heat,home,0.55,0.44999999999999996,0.55,home,117,108,True,78.79822480716689,True,True,False,False,True,True,True,7.0,-19.0,1565.8886487173802,1487.0904239102133,9,False,,,,,,,,,,,
20251209_28_18,20251209,2025-12-10T16:54:59.901015,28,18,Toronto Raptors,New York Knicks,away,0.3346019349217233,0.6653980650782767,0.6653980650782767,away,101,117,True,-174.03615301630634,False,False,False,False,True,False,True,-49.0,65.0,1454.75793260529,1628.7940856215962,16,False,,,,,,,,,,,
20251208_11_23,20251208,2025-12-09T09:07:53.007788,11,23,Indiana Pacers,Sacramento Kings,home,0.8147153085443003,0.1852846914556997,0.8147153085443003,home,116,105,True,90.03589154932752,True,False,False,False,True,True,True,-3.0,-38.0,1502.5876593755108,1412.551767826183,11,False,,,,,,,,,,,
20251208_3_24,20251208,2025-12-09T09:07:53.008124,3,24,New Orleans Pelicans,San Antonio Spurs,away,0.2210771351949547,0.7789228648050452,0.7789228648050452,away,132,135,True,-238.36253659435624,False,False,False,False,True,False,True,-58.8,-14.0,1296.450062483638,1534.8125990779945,3,False,,,,,,,,,,,
20251208_16_21,20251208,2025-12-09T09:07:53.007966,16,21,Minnesota Timberwolves,Phoenix Suns,home,0.8299171624061965,0.1700828375938035,0.8299171624061965,away,105,108,False,97.59149495926908,True,False,False,False,True,True,True,29.0,-21.0,1638.9363169095705,1541.3448219503014,3,False,,,,,,,,,,,
20251207_30_7,20251207,2025-12-08T20:50:23.241551,30,7,Charlotte Hornets,Denver Nuggets,away,0.2799999999999999,0.7200000000000001,0.7200000000000001,away,106,115,True,303.5906300439974,False,False,False,False,True,False,False,0.0,0.0,1327.9071161837114,1631.4977462277088,9,True,,,,,,,,,,,
20251207_20_13,20251207,2025-12-08T20:50:22.637460,20,13,Philadelphia 76ers,Los Angeles Lakers,away,0.35789368812821,0.64210631187179,0.64210631187179,away,108,112,True,156.435290935598,False,False,False,False,True,False,True,15.0,0.0,1407.488166491723,1563.923457427321,4,True,,,,,,,,,,,
20251207_4_9,20251207,2025-12-08T20:50:23.094018,4,9,Chicago Bulls,Golden State Warriors,away,0.3423707724949587,0.6576292275050413,0.6576292275050413,away,91,123,True,62.37140085152328,True,False,False,False,True,True,True,-30.0,0.0,1473.0821426611797,1535.453543512703,32,True,,,,,,,,,,,
20251207_29_22,20251207,2025-12-08T20:50:22.936280,29,22,Memphis Grizzlies,Portland Trail Blazers,home,0.55,0.44999999999999996,0.55,home,119,96,True,8.690296467027565,True,True,False,False,True,True,True,15.0,-15.0,1443.0227158316848,1434.3324193646572,23,False,,,,,,,,,,,
20251207_18_19,20251207,2025-12-08T20:50:22.476375,18,19,New York Knicks,Orlando Magic,home,0.7760744276451667,0.22392557235483335,0.7760744276451667,home,106,100,True,26.842479106966493,True,True,False,False,True,True,True,15.0,15.0,1568.1801020184544,1541.337622911488,6,False,,,,,,,,,,,
20251207_26_25,20251207,2025-12-08T20:50:22.784582,26,25,Utah Jazz,Oklahoma City Thunder,away,0.2799999999999999,0.7200000000000001,0.7200000000000001,away,101,131,True,416.15902530520975,False,False,False,False,True,False,True,0.0,30.0,1344.30100049583,1760.4600258010398,30,True,,,,,,,,,,,
20251207_28_2,20251207,2025-12-08T20:50:22.308423,28,2,Toronto Raptors,Boston Celtics,away,0.2657826273892704,0.7342173726107296,0.7342173726107296,away,113,121,True,98.85234524800671,True,False,False,False,True,True,True,-15.0,15.0,1475.3433375018692,1574.195682749876,8,True,,,,,,,,,,,
20251206_27_1,20251206,2025-12-08T20:50:23.962697,27,1,Washington Wizards,Atlanta Hawks,away,0.3932547009150333,0.6067452990849667,0.6067452990849667,away,116,131,True,223.71541731990808,False,False,False,False,True,False,False,0.0,0.0,1270.027460378716,1493.7428776986242,15,True,,,,,,,,,,,
20251206_16_12,20251206,2025-12-08T20:50:23.677867,16,12,Minnesota Timberwolves,LA Clippers,home,0.8472741099848812,0.15272589001511883,0.8472741099848812,home,109,106,True,132.0869212731534,False,False,False,False,True,True,True,15.0,-15.0,1591.039401708167,1458.9524804350135,3,False,,,,,,,,,,,
20251206_8_15,20251206,2025-12-08T20:50:23.533365,8,15,Detroit Pistons,Milwaukee Bucks,away,0.4948720248443867,0.5051279751556133,0.5051279751556133,home,124,112,False,46.040119632494,True,True,False,False,True,True,False,0.0,0.0,1539.6115888160923,1493.5714691835983,12,True,,,,,,,,,,,
20251206_5_9,20251206,2025-12-08T20:50:24.272127,5,9,Cleveland Cavaliers,Golden State Warriors,home,0.65,0.35,0.65,away,94,99,False,3.481500438430203,True,True,False,False,True,True,False,0.0,0.0,1560.387757060807,1556.9062566223768,5,False,,,,,,,,,,,
20251206_6_10,20251206,2025-12-08T20:50:23.819359,6,10,Dallas Mavericks,Houston Rockets,away,0.2425280566302916,0.7574719433697084,0.7574719433697084,home,122,109,False,193.0950330486624,False,False,False,False,True,False,True,0.0,15.0,1410.076514124102,1603.1715471727643,13,True,,,,,,,,,,,
20251206_14_23,20251206,2025-12-08T20:50:23.387134,14,23,Miami Heat,Sacramento Kings,home,0.55,0.44999999999999996,0.55,away,111,127,False,7.716162497309369,True,True,False,False,True,True,True,0.0,-15.0,1460.44207167055,1452.7259091732406,16,False,,,,,,,,,,,
20251206_17_3,20251206,2025-12-08T20:50:24.119451,17,3,Brooklyn Nets,New Orleans Pelicans,home,0.55,0.44999999999999996,0.55,home,119,101,True,19.14181992728209,True,True,False,False,True,True,True,0.0,-30.0,1341.6248878652475,1322.4830679379656,18,False,,,,,,,,,,,
20251205_29_12,20251205,2025-12-08T20:50:25.334533,29,12,Memphis Grizzlies,LA Clippers,home,0.5184168478579342,0.4815831521420658,0.5184168478579342,home,107,98,True,52.42976460332875,True,False,False,False,True,True,True,0.0,-15.0,1426.5227158316848,1478.9524804350135,9,False,,,,,,,,,,,
20251205_18_26,20251205,2025-12-08T20:50:24.558095,18,26,New York Knicks,Utah Jazz,home,0.9,0.09999999999999998,0.9,home,146,112,True,244.78133238472333,False,False,False,False,True,False,True,15.0,0.0,1569.0823328805534,1324.30100049583,34,False,,,,,,,,,,,
20251205_25_6,20251205,2025-12-08T20:50:25.008556,25,6,Oklahoma City Thunder,Dallas Mavericks,home,0.9,0.09999999999999998,0.9,home,132,111,True,330.3835116769378,False,False,False,False,True,False,True,30.0,0.0,1760.4600258010398,1430.076514124102,21,False,,,,,,,,,,,
20251205_1_7,20251205,2025-12-08T20:50:25.779263,1,7,Atlanta Hawks,Denver Nuggets,away,0.2799999999999999,0.7200000000000001,0.7200000000000001,away,133,134,True,137.75486852908466,False,False,False,False,True,False,False,0.0,0.0,1493.7428776986242,1631.4977462277088,1,True,,,,,,,,,,,
20251205_8_22,20251205,2025-12-08T20:50:25.165585,8,22,Detroit Pistons,Portland Trail Blazers,home,0.65,0.35,0.65,home,122,116,True,106.40901478229875,False,False,False,False,True,True,False,0.0,0.0,1562.6115888160923,1456.2025740337938,6,False,,,,,,,,,,,
20251205_2_13,20251205,2025-12-08T20:50:25.634808,2,13,Boston Celtics,Los Angeles Lakers,home,0.65,0.35,0.65,home,126,105,True,3.799210983855119,True,True,False,False,True,True,True,15.0,15.0,1553.9368982654703,1550.1376872816152,21,False,,,,,,,,,,,
20251205_19_14,20251205,2025-12-08T20:50:24.857764,19,14,Orlando Magic,Miami Heat,home,0.55,0.44999999999999996,0.55,home,106,105,True,41.35683969274942,True,True,False,False,True,True,False,0.0,0.0,1528.7339576466634,1487.377117953914,1,False,,,,,,,,,,,
20251205_4_11,20251205,2025-12-08T20:50:24.702536,4,11,Chicago Bulls,Indiana Pacers,away,0.4273863785700632,0.5726136214299369,0.5726136214299369,away,105,120,True,45.13388261082173,True,True,False,False,True,True,True,-30.0,0.0,1469.6011444828227,1514.7350270936445,15,True,,,,,,,,,,,
20251205_15_20,20251205,2025-12-08T20:50:25.480708,15,20,Milwaukee Bucks,Philadelphia 76ers,home,0.9,0.09999999999999998,0.9,away,101,116,False,121.0833026918756,False,False,False,False,True,False,False,0.0,0.0,1513.5714691835983,1392.488166491723,15,False,,,,,,,,,,,
20251205_28_30,20251205,2025-12-08T20:50:24.415884,28,30,Toronto Raptors,Charlotte Hornets,home,0.8042314541099591,0.1957685458900409,0.8042314541099591,away,86,111,False,166.93622131815778,False,False,False,False,True,False,False,0.0,0.0,1494.8433375018692,1327.9071161837114,25,False,,,,,,,,,,,
20251205_10_21,20251205,2025-12-08T20:50:25.932791,10,21,Houston Rockets,Phoenix Suns,home,0.8261957054621989,0.1738042945378011,0.8261957054621989,home,117,98,True,75.91765802877171,True,False,False,False,True,True,True,15.0,0.0,1607.6715471727643,1531.7538891439926,19,False,,,,,,,,,,,
20251205_5_24,20251205,2025-12-08T20:50:26.088962,5,24,Cleveland Cavaliers,San Antonio Spurs,home,0.795647072810441,0.204352927189559,0.795647072810441,home,130,117,True,58.28098518446768,True,False,False,False,True,True,True,-15.0,15.0,1550.7220121322105,1492.4410269477428,13,False,,,,,,,,,,,
20251204_20_9,20251204,2025-12-08T20:50:26.660643,20,9,Philadelphia 76ers,Golden State Warriors,away,0.3252121352859128,0.6747878647140872,0.6747878647140872,home,99,98,False,144.4180901306538,False,False,False,False,True,False,False,0.0,0.0,1412.488166491723,1556.9062566223768,1,True,,,,,,,,,,,
20251204_28_13,20251204,2025-12-08T20:50:26.808647,28,13,Toronto Raptors,Los Angeles Lakers,away,0.3193301113547322,0.6806698886452678,0.6806698886452678,away,120,123,True,90.69438279712016,True,False,False,False,True,True,True,0.0,15.0,1488.2290746302008,1578.923457427321,3,True,,,,,,,,,,,
20251204_27_2,20251204,2025-12-08T20:50:26.522911,27,2,Washington Wizards,Boston Celtics,away,0.2578191091194147,0.7421808908805854,0.7421808908805854,away,101,146,True,290.9094378867542,False,False,False,False,True,False,True,0.0,15.0,1290.027460378716,1580.9368982654703,45,True,,,,,,,,,,,
20251204_3_16,20251204,2025-12-08T20:50:26.381735,3,16,New Orleans Pelicans,Minnesota Timberwolves,away,0.2944943119680279,0.7055056880319721,0.7055056880319721,away,116,125,True,222.25798864669173,False,False,False,False,True,False,True,-15.0,0.0,1328.447593004944,1550.7055816516356,9,True,,,,,,,,,,,
20251204_17_26,20251204,2025-12-08T20:50:26.236986,17,26,Brooklyn Nets,Utah Jazz,home,0.5108699856783427,0.48913001432165726,0.5108699856783427,away,110,123,False,22.17611263058233,True,True,False,False,True,True,False,0.0,0.0,1337.1248878652475,1359.30100049583,13,False,,,,,,,,,,,
20251203_10_23,20251203,2025-12-08T20:50:26.956098,10,23,Houston Rockets,Sacramento Kings,home,0.8216549872462966,0.1783450127537034,0.8216549872462966,home,121,95,True,144.09101395298785,False,False,False,False,True,False,False,0.0,0.0,1608.1715471727643,1464.0805332197765,26,False,,,,,,,,,,,
20251203_11_7,20251203,2025-12-08T20:50:27.545097,11,7,Indiana Pacers,Denver Nuggets,away,0.2987447854400219,0.7012552145599781,0.7012552145599781,away,120,135,True,116.76271913406435,False,False,False,False,True,False,False,0.0,0.0,1494.7350270936445,1611.4977462277088,15,True,,,,,,,,,,,
20251203_1_12,20251203,2025-12-08T20:50:28.001916,1,12,Atlanta Hawks,LA Clippers,home,0.55,0.44999999999999996,0.55,away,92,115,False,14.026296176237338,True,True,False,False,True,True,True,0.0,-30.0,1481.9326319032537,1467.9063357270163,23,False,,,,,,,,,,,
20251203_19_24,20251203,2025-12-08T20:50:27.851745,19,24,Orlando Magic,San Antonio Spurs,home,0.65,0.35,0.65,away,112,114,False,80.83097510890116,True,False,False,False,True,True,True,15.0,0.0,1540.7339576466634,1459.9029825377622,2,False,,,,,,,,,,,
20251203_5_22,20251203,2025-12-08T20:50:28.151599,5,22,Cleveland Cavaliers,Portland Trail Blazers,home,0.9,0.09999999999999998,0.9,away,110,122,False,97.03790340673233,True,False,False,False,True,False,True,0.0,-15.0,1561.887757060807,1464.8498536540746,12,False,,,,,,,,,,,
20251203_18_30,20251203,2025-12-08T20:50:27.692006,18,30,New York Knicks,Charlotte Hornets,home,0.9,0.09999999999999998,0.9,home,119,104,True,261.175216696842,False,False,False,False,True,False,True,15.0,0.0,1569.0823328805534,1307.9071161837114,15,False,,,,,,,,,,,
20251203_6_14,20251203,2025-12-08T20:50:27.398370,6,14,Dallas Mavericks,Miami Heat,home,0.5312267904765884,0.4687732095234116,0.5312267904765884,home,118,108,True,128.6398847074554,False,False,False,False,True,True,True,0.0,15.0,1381.576514124102,1510.2163988315574,10,False,,,,,,,,,,,
20251203_15_8,20251203,2025-12-08T20:50:27.244653,15,8,Milwaukee Bucks,Detroit Pistons,home,0.7747635215263189,0.2252364784736811,0.7747635215263189,home,113,109,True,71.76843488800046,True,False,False,False,True,True,True,-15.0,0.0,1453.0714691835983,1524.839904071599,4,False,,,,,,,,,,,
20251203_4_17,20251203,2025-12-08T20:50:27.102068,4,17,Chicago Bulls,Brooklyn Nets,home,0.7755169696462909,0.2244830303537091,0.7755169696462909,away,103,113,False,148.37681951354534,False,False,False,False,True,False,True,-15.0,-15.0,1472.5821426611797,1324.2053231476343,10,False,,,,,,,,,,,
20251202_9_25,20251202,2025-12-08T20:50:28.810048,9,25,Golden State Warriors,Oklahoma City Thunder,away,0.3297983086286495,0.6702016913713504,0.6702016913713504,away,112,124,True,203.55376917866303,False,False,False,False,True,False,True,0.0,30.0,1556.9062566223768,1760.4600258010398,12,True,,,,,,,,,,,
20251202_3_16,20251202,2025-12-08T20:50:28.661962,3,16,New Orleans Pelicans,Minnesota Timberwolves,away,0.2971973479399856,0.7028026520600144,0.7028026520600144,away,142,149,True,222.25798864669173,False,False,False,False,True,False,True,-15.0,0.0,1348.447593004944,1570.7055816516356,7,True,,,,,,,,,,,
20251202_2_18,20251202,2025-12-08T20:50:28.491365,2,18,Boston Celtics,New York Knicks,home,0.55,0.44999999999999996,0.55,home,123,117,True,13.997529426163965,True,True,False,False,True,True,True,0.0,15.0,1575.0848034543894,1589.0823328805534,6,False,,,,,,,,,,,
20251202_20_27,20251202,2025-12-08T20:50:29.129033,20,27,Philadelphia 76ers,Washington Wizards,home,0.65,0.35,0.65,home,121,102,True,122.46070611300684,False,False,False,False,True,False,False,0.0,0.0,1412.488166491723,1290.027460378716,19,False,,,,,,,,,,,
20251202_24_29,20251202,2025-12-08T20:50:28.958016,24,29,San Antonio Spurs,Memphis Grizzlies,home,0.72379668452374,0.27620331547626,0.72379668452374,home,126,119,True,35.380266706077464,True,True,False,False,True,True,True,0.0,15.0,1478.4029825377622,1443.0227158316848,7,False,,,,,,,,,,,
20251202_28_22,20251202,2025-12-08T20:50:28.333451,28,22,Toronto Raptors,Portland Trail Blazers,home,0.65,0.35,0.65,home,121,118,True,29.87922097612613,True,True,False,False,True,True,False,0.0,0.0,1509.7290746302008,1479.8498536540746,3,False,,,,,,,,,,,
20251201_13_21,20251201,2025-12-08T20:50:29.496375,13,21,Los Angeles Lakers,Phoenix Suns,home,0.8734709579622916,0.12652904203770843,0.8734709579622916,away,108,125,False,129.34401033423592,False,False,False,False,True,True,True,30.0,0.0,1590.923457427321,1461.579447093085,17,False,,,,,,,,,,,
20251201_26_10,20251201,2025-12-08T20:50:29.985764,26,10,Utah Jazz,Houston Rockets,away,0.1294166610733259,0.8705833389266742,0.8705833389266742,home,133,125,False,293.8705466769343,False,False,False,False,True,False,True,-15.0,15.0,1329.30100049583,1623.1715471727643,8,True,,,,,,,,,,,
20251201_27_15,20251201,2025-12-08T20:50:30.167296,27,15,Washington Wizards,Milwaukee Bucks,away,0.2915156007361172,0.7084843992638827,0.7084843992638827,home,129,126,False,203.5440088048824,False,False,False,False,True,False,True,-15.0,-15.0,1275.027460378716,1478.5714691835983,3,True,,,,,,,,,,,
20251201_7_6,20251201,2025-12-08T20:50:30.340478,7,6,Denver Nuggets,Dallas Mavericks,home,0.9,0.09999999999999998,0.9,away,121,131,False,201.42123210360683,False,False,False,False,True,False,False,0.0,0.0,1631.4977462277088,1430.076514124102,10,False,,,,,,,,,,,
20251201_17_30,20251201,2025-12-08T20:50:30.763912,17,30,Brooklyn Nets,Charlotte Hornets,home,0.55,0.44999999999999996,0.55,home,116,103,True,37.798206963922894,True,True,False,False,True,True,True,-15.0,0.0,1345.7053231476343,1307.9071161837114,13,False,,,,,,,,,,,
20251201_14_12,20251201,2025-12-08T20:50:29.314819,14,12,Miami Heat,LA Clippers,home,0.65,0.35,0.65,home,140,123,True,7.310063104541086,True,True,False,False,True,True,True,15.0,-15.0,1510.2163988315574,1502.9063357270163,17,False,,,,,,,,,,,
20251201_11_5,20251201,2025-12-08T20:50:29.830559,11,5,Indiana Pacers,Cleveland Cavaliers,home,0.5472199159329278,0.45278008406707215,0.5472199159329278,away,119,135,False,86.62040809273594,True,False,False,False,True,True,False,0.0,0.0,1493.9822867181867,1580.602694810923,16,False,,,,,,,,,,,
20251201_8_1,20251201,2025-12-08T20:50:30.583657,8,1,Detroit Pistons,Atlanta Hawks,home,0.7462967053516496,0.2537032946483504,0.7462967053516496,home,99,98,True,7.019783519957628,True,True,False,False,True,True,True,0.0,15.0,1524.839904071599,1517.8201205516414,1,False,,,,,,,,,,,
20251201_19_4,20251201,2025-12-08T20:50:29.669410,19,4,Orlando Magic,Chicago Bulls,home,0.8385516165973071,0.16144838340269285,0.8385516165973071,home,125,120,True,45.41271060014856,True,True,False,False,True,True,True,15.0,-15.0,1530.8566914486173,1485.4439808484688,5,False,,,,,,,,,,,
20251130_13_3,20251130,2025-12-08T20:50:31.190643,13,3,Los Angeles Lakers,New Orleans Pelicans,home,0.9,0.09999999999999998,0.9,home,133,121,True,245.47586442237707,False,False,False,False,True,False,True,30.0,-15.0,1593.923457427321,1348.447593004944,12,False,,,,,,,,,,,
20251130_26_10,20251130,2025-12-08T20:50:31.428036,26,10,Utah Jazz,Houston Rockets,away,0.1345292215378841,0.8654707784621158,0.8654707784621158,away,101,129,True,323.8705466769343,False,False,False,False,True,False,True,-15.0,15.0,1329.30100049583,1653.1715471727643,28,True,,,,,,,,,,,
20251130_23_29,20251130,2025-12-08T20:50:31.902344,23,29,Sacramento Kings,Memphis Grizzlies,home,0.5403683882955227,0.4596316117044773,0.5403683882955227,away,107,115,False,6.223293942258579,True,True,False,False,True,True,True,0.0,15.0,1454.698716328428,1460.9220102706863,8,False,,,,,,,,,,,
20251130_5_2,20251130,2025-12-08T20:50:31.677630,5,2,Cleveland Cavaliers,Boston Celtics,home,0.55,0.44999999999999996,0.55,away,115,117,False,6.410176082505359,True,True,False,False,True,True,False,0.0,0.0,1577.602694810923,1584.012870893428,2,False,,,,,,,,,,,
20251130_16_24,20251130,2025-12-08T20:50:30.982491,16,24,Minnesota Timberwolves,San Antonio Spurs,home,0.55,0.44999999999999996,0.55,home,125,112,True,34.23174089231702,True,True,False,False,True,True,True,0.0,15.0,1545.2055816516356,1510.9738407593186,13,False,,,,,,,,,,,
