PERSON_ID,PLAYER_NAME,SEASON,ROUND_NUMBER,ROUND_PICK,OVERALL_PICK
1642843,Cooper Flagg,2025,1,1,1
1642844,Dylan Harper,2025,1,2,2
1642845,VJ Edgecombe,2025,1,3,3
1642851,Kon Knueppel,2025,1,4,4
1642846,Ace Bailey,2025,1,5,5
1642848,Tre Johnson,2025,1,6,6
1642847,Jeremiah Fears,2025,1,7,7
1642856,Egor Dëmin,2025,1,8,8
1642867,Collin Murray-Boyles,2025,1,9,9
1642863,Khaman Maluach,2025,1,10,10
1642907,Cedric Coward,2025,1,11,11
1642855,Noa Essengue,2025,1,12,12
1642852,Derik Queen,2025,1,13,13
1642868,Carter Bryant,2025,1,14,14
1642850,Thomas Sorber,2025,1,15,15
1642905,Yang Hansen,2025,1,16,16
1642866,Joan Beringer,2025,1,17,17
1642383,Walter Clayton Jr.,2025,1,18,18
1642849,Nolan Traore,2025,1,19,19
1642857,Kasparas Jakučionis,2025,1,20,20
1642860,Will Riley,2025,1,21,21
1642962,Drake Powell,2025,1,22,22
1642854,Asa Newell,2025,1,23,23
1642363,Nique Clifford,2025,1,24,24
1642859,Jase Richardson,2025,1,25,25
1642879,Ben Saraf,2025,1,26,26
1642874,Danny Wolf,2025,1,27,27
1642864,Hugo González,2025,1,28,28
1642862,Liam McNeeley,2025,1,29,29
1642949,Yanic Konan Niederhäuser,2025,1,30,30
1642853,Rasheer Fleming,2025,2,1,31
1642869,Noah Penda,2025,2,2,32
1642883,Sion James,2025,2,3,33
1641750,Ryan Kalkbrenner,2025,2,4,34
1641780,Johni Broome,2025,2,5,35
1642876,Adou Thiero,2025,2,6,36
1642404,Chaz Lanier,2025,2,7,37
1642880,Kam Jones,2025,2,8,38
1642918,Alijah Martin,2025,2,9,39
1642877,Micah Peavy,2025,2,10,40
1642886,Koby Brea,2025,2,11,41
1642875,Maxime Raynaud,2025,2,12,42
1642364,Jamir Watkins,2025,2,13,43
1642964,Brooks Barnhizer,2025,2,14,44
1642911,Rocco Zikarsky,2025,2,15,45
1642873,Amari Williams,2025,2,16,46
1642881,Bogoljub Marković,2025,2,17,47
1642914,Javon Small,2025,2,18,48
1642878,Tyrese Proctor,2025,2,19,49
1642920,Kobe Sanders,2025,2,20,50
1642885,Mohamed Diawara,2025,2,21,51
1642893,Alex Toohey,2025,2,22,52
1642910,John Tonje,2025,2,23,53
1643007,Taelon Peter,2025,2,24,54
1642950,Lachlan Olbrich,2025,2,25,55
1642954,Will Richard,2025,2,26,56
1642917,Max Shulga,2025,2,27,57
1643008,Saliou Niang,2025,2,28,58
1642942,Jahmai Mashack,2025,2,29,59
1642258,Zaccharie Risacher,2024,1,1,1
1642259,Alex Sarr,2024,1,2,2
1642263,Reed Sheppard,2024,1,3,3
1642264,Stephon Castle,2024,1,4,4
1641842,Ronald Holland II,2024,1,5,5
1642275,Tidjane Salaün,2024,1,6,6
1642270,Donovan Clingan,2024,1,7,7
1642265,Rob Dillingham,2024,1,8,8
1641744,Zach Edey,2024,1,9,9
1642262,Cody Williams,2024,1,10,10
1641824,Matas Buzelis,2024,1,11,11
1642260,Nikola Topić,2024,1,12,12
1642269,Devin Carter,2024,1,13,13
1642267,Bub Carrington,2024,1,14,14
1642276,Kel'el Ware,2024,1,15,15
1642272,Jared McCain,2024,1,16,16
1642261,Dalton Knecht,2024,1,17,17
1641783,Tristan da Silva,2024,1,18,18
1642266,Ja'Kobe Walter,2024,1,19,19
1642281,Jaylon Tyson,2024,1,20,20
1642274,Yves Missi,2024,1,21,21
1641747,DaRon Holmes II,2024,1,22,22
1642358,AJ Johnson,2024,1,23,23
1642273,Kyshawn George,2024,1,24,24
1642359,Pacôme Dadiet,2024,1,25,25
1641794,Dillon Jones,2024,1,26,26
1630545,Terrence Shannon Jr.,2024,1,27,27
1642346,Ryan Dunn,2024,1,28,28
1642268,Isaiah Collier,2024,1,29,29
1631248,Baylor Scheierman,2024,1,30,30
1642367,Jonathan Mogbo,2024,2,1,31
1642271,Kyle Filipowski,2024,2,2,32
1641890,Tyler Smith,2024,2,3,33
1642278,Tyler Kolek,2024,2,4,34
1642277,Johnny Furphy,2024,2,5,35
1642361,Juan Nunez,2024,2,6,36
1641752,Bobi Klintman,2024,2,7,37
1642349,Ajay Mitchell,2024,2,8,38
1642377,Jaylen Wells,2024,2,9,39
1642345,Oso Ighodaro,2024,2,10,40
1641737,Adem Bona,2024,2,11,41
1642354,KJ Simpson,2024,2,12,42
1642365,Nikola Djurisic,2024,2,13,43
1641796,Pelle Larsson,2024,2,14,44
1642347,Jamal Shead,2024,2,15,45
1642353,Cam Christie,2024,2,16,46
1641810,Antonio Reeves,2024,2,17,47
1631127,Harrison Ingram,2024,2,18,48
1641803,Tristen Newton,2024,2,19,49
1642402,Enrique Freeman,2024,2,20,50
1642351,Melvin Ajinca,2024,2,21,51
1642366,Quinten Post,2024,2,22,52
1642285,Cam Spencer,2024,2,23,53
1641817,Anton Watson,2024,2,24,54
1642355,Bronny James,2024,2,25,55
1641755,Kevin McCullar Jr.,2024,2,26,56
1642279,Ulrich Chomche,2024,2,27,57
1630574,Ariel Hukporti,2024,2,28,58
1641705,Victor Wembanyama,2023,1,1,1
1641706,Brandon Miller,2023,1,2,2
1630703,Scoot Henderson,2023,1,3,3
1641708,Amen Thompson,2023,1,4,4
1641709,Ausar Thompson,2023,1,5,5
1641710,Anthony Black,2023,1,6,6
1641731,Bilal Coulibaly,2023,1,7,7
1641716,Jarace Walker,2023,1,8,8
1641707,Taylor Hendricks,2023,1,9,9
1641717,Cason Wallace,2023,1,10,10
1641724,Jett Howard,2023,1,11,11
1641726,Dereck Lively II,2023,1,12,12
1641711,Gradey Dick,2023,1,13,13
1641722,Jordan Hawkins,2023,1,14,14
1641723,Kobe Bufkin,2023,1,15,15
1641718,Keyonte George,2023,1,16,16
1641720,Jalen Hood-Schifino,2023,1,17,17
1631170,Jaime Jaquez Jr.,2023,1,18,18
1641764,Brandin Podziemski,2023,1,19,19
1641715,Cam Whitmore,2023,1,20,20
1641730,Noah Clowney,2023,1,21,21
1641727,Dariq Whitehead,2023,1,22,22
1631200,Kris Murray,2023,1,23,23
1641765,Olivier-Maxence Prosper,2023,1,24,24
1631204,Marcus Sasser,2023,1,25,25
1641767,Ben Sheppard,2023,1,26,26
1641733,Nick Smith Jr.,2023,1,27,27
1641729,Brice Sensabaugh,2023,1,28,28
1631124,Julian Strawther,2023,1,29,29
1641738,Kobe Brown,2023,1,30,30
1641762,James Nnaji,2023,2,1,31
1629618,Jalen Pickett,2023,2,2,32
1631159,Leonard Miller,2023,2,3,33
1641732,Colby Jones,2023,2,4,34
1641763,Julian Phillips,2023,2,5,35
1641748,Andre Jackson Jr.,2023,2,6,36
1641816,Hunter Tyson,2023,2,7,37
1641775,Jordan Walsh,2023,2,8,38
1631243,Mouhamed Gueye,2023,2,9,39
1641721,Maxwell Lewis,2023,2,10,40
1641735,Amari Bailey,2023,2,11,41
1641774,Tristan Vukcevic,2023,2,12,42
1641712,Rayan Rupert,2023,2,13,43
1631321,Sidy Cissoko,2023,2,14,44
1641713,GG Jackson,2023,2,15,45
1641754,Seth Lundy,2023,2,16,46
1631340,Mojave King,2023,2,17,47
1641757,Jordan Miller,2023,2,18,48
1641734,Emoni Bates,2023,2,19,49
1641749,Keyontae Johnson,2023,2,20,50
1630592,Jalen Wilson,2023,2,21,51
1641739,Toumani Camara,2023,2,22,52
1641740,Jaylen Clark,2023,2,23,53
1641771,Jalen Slawson,2023,2,24,54
1631209,Isaiah Wong,2023,2,25,55
1641844,Tarik Biberovic,2023,2,26,56
1631218,Trayce Jackson-Davis,2023,2,27,57
1641753,Chris Livingston,2023,2,28,58
1631094,Paolo Banchero,2022,1,1,1
1631096,Chet Holmgren,2022,1,2,2
1631095,Jabari Smith Jr.,2022,1,3,3
1631099,Keegan Murray,2022,1,4,4
1631093,Jaden Ivey,2022,1,5,5
1631097,Bennedict Mathurin,2022,1,6,6
1631101,Shaedon Sharpe,2022,1,7,7
1630700,Dyson Daniels,2022,1,8,8
1631110,Jeremy Sochan,2022,1,9,9
1631098,Johnny Davis,2022,1,10,10
1631172,Ousmane Dieng,2022,1,11,11
1631114,Jalen Williams,2022,1,12,12
1631105,Jalen Duren,2022,1,13,13
1630534,Ochai Agbaji,2022,1,14,14
1631109,Mark Williams,2022,1,15,15
1631100,AJ Griffin,2022,1,16,16
1631106,Tari Eason,2022,1,17,17
1631207,Dalen Terry,2022,1,18,18
1631222,Jake LaRavia,2022,1,19,19
1631103,Malaki Branham,2022,1,20,20
1631128,Christian Braun,2022,1,21,21
1631117,Walker Kessler,2022,1,22,22
1631223,David Roddy,2022,1,23,23
1630699,MarJon Beauchamp,2022,1,24,24
1631104,Blake Wesley,2022,1,25,25
1631111,Wendell Moore Jr.,2022,1,26,26
1631107,Nikola Jović,2022,1,27,27
1631116,Patrick Baldwin Jr.,2022,1,28,28
1631102,TyTy Washington Jr.,2022,1,29,29
1631212,Peyton Watson,2022,1,30,30
1629614,Andrew Nembhard,2022,2,1,31
1631216,Caleb Houstan,2022,2,2,32
1631132,Christian Koloko,2022,2,3,33
1631119,Jaylin Williams,2022,2,4,34
1631108,Max Christie,2022,2,5,35
1630629,Gabriele Procida,2022,2,6,36
1630702,Jaden Hardy,2022,2,7,37
1631113,Kennedy Chandler,2022,2,8,38
1631215,Khalifa Diop,2022,2,9,39
1631121,Bryce McGowens,2022,2,10,40
1630604,E.J. Liddell,2022,2,11,41
1631211,Trevor Keels,2022,2,12,42
1631217,Moussa Diabaté,2022,2,13,43
1631157,Ryan Rollins,2022,2,14,44
1631169,Josh Minott,2022,2,15,45
1631130,Ismael Kamagate,2022,2,16,46
1631246,Vince Williams Jr.,2022,2,17,47
1631112,Kendall Brown,2022,2,18,48
1630600,Isaiah Mobley,2022,2,19,49
1631164,Matteo Spagnolo,2022,2,20,50
1631213,Tyrese Martin,2022,2,21,51
1631255,Karlo Matković,2022,2,22,52
1631120,JD Davison,2022,2,23,53
1631161,Yannick Nzosa,2022,2,24,54
1630611,Gui Santos,2022,2,25,55
1631247,Luke Travers,2022,2,26,56
1631133,Jabari Walker,2022,2,27,57
1630656,Hugo Besson,2022,2,28,58
1630595,Cade Cunningham,2021,1,1,1
1630224,Jalen Green,2021,1,2,2
1630596,Evan Mobley,2021,1,3,3
1630567,Scottie Barnes,2021,1,4,4
1630591,Jalen Suggs,2021,1,5,5
1630581,Josh Giddey,2021,1,6,6
1630228,Jonathan Kuminga,2021,1,7,7
1630532,Franz Wagner,2021,1,8,8
1630558,Davion Mitchell,2021,1,9,9
1630533,Ziaire Williams,2021,1,10,10
1630547,James Bouknight,2021,1,11,11
1630563,Joshua Primo,2021,1,12,12
1630537,Chris Duarte,2021,1,13,13
1630541,Moses Moody,2021,1,14,14
1630557,Corey Kispert,2021,1,15,15
1630578,Alperen Sengun,2021,1,16,16
1630530,Trey Murphy III,2021,1,17,17
1630544,Tre Mann,2021,1,18,18
1630539,Kai Jones,2021,1,19,19
1630552,Jalen Johnson,2021,1,20,20
1630553,Keon Johnson,2021,1,21,21
1630543,Isaiah Jackson,2021,1,22,22
1630586,Usman Garuba,2021,1,23,23
1630528,Josh Christopher,2021,1,24,24
1629656,Quentin Grimes,2021,1,25,25
1630538,Bones Hyland,2021,1,26,26
1630560,Cam Thomas,2021,1,27,27
1630531,Jaden Springer,2021,1,28,28
1630549,Day'Ron Sharpe,2021,1,29,29
1630583,Santi Aldama,2021,1,30,30
1630225,Isaiah Todd,2021,2,1,31
1630526,Jeremiah Robinson-Earl,2021,2,2,32
1630554,Jason Preston,2021,2,3,33
1630599,Rokas Jokubaitis,2021,2,4,34
1630529,Herbert Jones,2021,2,5,35
1630540,Miles McBride,2021,2,6,36
1630550,JT Thor,2021,2,7,37
1630245,Ayo Dosunmu,2021,2,8,38
1629674,Neemias Queta,2021,2,9,39
1630215,Jared Butler,2021,2,10,40
1630580,Joe Wieskamp,2021,2,11,41
1630587,Isaiah Livers,2021,2,12,42
1630535,Greg Brown III,2021,2,13,43
1630556,Kessler Edwards,2021,2,14,44
1630584,Juhann Begarin,2021,2,15,45
1630625,Dalano Banton,2021,2,16,46
1630525,David Johnson,2021,2,17,47
1630536,Sharife Cooper,2021,2,18,48
1630681,Marcus Zegarowski,2021,2,19,49
1630196,Filip Petrusev,2021,2,20,50
1630527,Brandon Boston Jr.,2021,2,21,51
1630568,Luka Garza,2021,2,22,52
1629646,Charles Bassey,2021,2,23,53
1630572,Sandro Mamukelashvili,2021,2,24,54
1630598,Aaron Wiggins,2021,2,25,55
1630575,Scottie Lewis,2021,2,26,56
1630638,Balsa Koprivica,2021,2,27,57
1630579,Jericho Sims,2021,2,28,58
1630564,RaiQuan Gray,2021,2,29,59
1630686,Georgios Kalaitzakis,2021,2,30,60
1630162,Anthony Edwards,2020,1,1,1
1630164,James Wiseman,2020,1,2,2
1630163,LaMelo Ball,2020,1,3,3
1630172,Patrick Williams,2020,1,4,4
1630171,Isaac Okoro,2020,1,5,5
1630168,Onyeka Okongwu,2020,1,6,6
1630165,Killian Hayes,2020,1,7,7
1630167,Obi Toppin,2020,1,8,8
1630166,Deni Avdija,2020,1,9,9
1630188,Jalen Smith,2020,1,10,10
1630170,Devin Vassell,2020,1,11,11
1630169,Tyrese Haliburton,2020,1,12,12
1630184,Kira Lewis Jr.,2020,1,13,13
1630174,Aaron Nesmith,2020,1,14,14
1630175,Cole Anthony,2020,1,15,15
1630191,Isaiah Stewart,2020,1,16,16
1630197,Aleksej Pokusevski,2020,1,17,17
1630182,Josh Green,2020,1,18,18
1630180,Saddiq Bey,2020,1,19,19
1630173,Precious Achiuwa,2020,1,20,20
1630178,Tyrese Maxey,2020,1,21,21
1630192,Zeke Nnaji,2020,1,22,22
1630195,Leandro Bolmaro,2020,1,23,23
1630181,R.J. Hampton,2020,1,24,24
1630193,Immanuel Quickley,2020,1,25,25
1630202,Payton Pritchard,2020,1,26,26
1628962,Udoka Azubuike,2020,1,27,27
1630183,Jaden McDaniels,2020,1,28,28
1630201,Malachi Flynn,2020,1,29,29
1630217,Desmond Bane,2020,1,30,30
1630179,Tyrell Terry,2020,2,1,31
1630176,Vernon Carey Jr.,2020,2,2,32
1630187,Daniel Oturu,2020,2,3,33
1630177,Theo Maledon,2020,2,4,34
1630214,Xavier Tillman,2020,2,5,35
1630189,Tyler Bey,2020,2,6,36
1630249,Vít Krejčí,2020,2,7,37
1630240,Saben Lee,2020,2,8,38
1630190,Elijah Hughes,2020,2,9,39
1630218,Robert Woodard II,2020,2,10,40
1630200,Tre Jones,2020,2,11,41
1630208,Nick Richards,2020,2,12,42
1630186,Jahmi'us Ramsey,2020,2,13,43
1630250,Marko Simonovic,2020,2,14,44
1629670,Jordan Nwora,2020,2,15,45
1629604,CJ Elleby,2020,2,16,46
1630236,Yam Madar,2020,2,17,47
1630185,Nico Mannion,2020,2,18,48
1630198,Isaiah Joe,2020,2,19,49
1630219,Skylar Mays,2020,2,20,50
1630251,Justinian Jessup,2020,2,21,51
1630231,KJ Martin,2020,2,22,52
1630216,Cassius Winston,2020,2,23,53
1630199,Cassius Stanley,2020,2,24,54
1630206,Jay Scrubb,2020,2,25,55
1630203,Grant Riller,2020,2,26,56
1629617,Reggie Perry,2020,2,27,57
1630194,Paul Reed,2020,2,28,58
1630223,Jalen Harris,2020,2,29,59
1630241,Sam Merrill,2020,2,30,60
1629627,Zion Williamson,2019,1,1,1
1629630,Ja Morant,2019,1,2,2
1629628,RJ Barrett,2019,1,3,3
1629631,De'Andre Hunter,2019,1,4,4
1629636,Darius Garland,2019,1,5,5
1629633,Jarrett Culver,2019,1,6,6
1629632,Coby White,2019,1,7,7
1629637,Jaxson Hayes,2019,1,8,8
1629060,Rui Hachimura,2019,1,9,9
1629629,Cam Reddish,2019,1,10,10
1629661,Cameron Johnson,2019,1,11,11
1629023,P.J. Washington,2019,1,12,12
1629639,Tyler Herro,2019,1,13,13
1629641,Romeo Langford,2019,1,14,14
1629635,Sekou Doumbouya,2019,1,15,15
1629643,Chuma Okeke,2019,1,16,16
1629638,Nickeil Alexander-Walker,2019,1,17,17
1629048,Goga Bitadze,2019,1,18,18
1629677,Luka Samanic,2019,1,19,19
1629680,Matisse Thybulle,2019,1,20,20
1629634,Brandon Clarke,2019,1,21,21
1629684,Grant Williams,2019,1,22,22
1629647,Darius Bazley,2019,1,23,23
1629660,Ty Jerome,2019,1,24,24
1629642,Nassir Little,2019,1,25,25
1629685,Dylan Windler,2019,1,26,26
1629662,Mfiondu Kabengele,2019,1,27,27
1629673,Jordan Poole,2019,1,28,28
1629640,Keldon Johnson,2019,1,29,29
1629645,Kevin Porter Jr.,2019,1,30,30
1629651,Nic Claxton,2019,2,1,31
1629644,KZ Okpala,2019,2,2,32
1629035,Carsen Edwards,2019,2,3,33
1628981,Bruno Fernando,2019,2,4,34
1629712,Didi Louzada,2019,2,5,35
1628998,Cody Martin,2019,2,6,36
1629686,Deividas Sirvydis,2019,2,7,37
1629655,Daniel Gafford,2019,2,8,38
1629346,Alen Smailagic,2019,2,9,39
1629713,Justin James,2019,2,10,40
1629672,Eric Paschall,2019,2,11,41
1629678,Admiral Schofield,2019,2,12,42
1629669,Jaylen Nowell,2019,2,13,43
1629626,Bol Bol,2019,2,14,44
1629676,Isaiah Roby,2019,2,15,45
1629659,Talen Horton-Tucker,2019,2,16,46
1629649,Ignas Brazdeikis,2019,2,17,47
1629611,Terance Mann,2019,2,18,48
1629683,Quinndary Weatherspoon,2019,2,19,49
1629714,Jarrell Brantley,2019,2,20,50
1629682,Tremont Waters,2019,2,21,51
1629667,Jalen McDaniels,2019,2,22,52
1629625,Justin Wright-Foreman,2019,2,23,53
1629621,Marial Shayok,2019,2,24,54
1629657,Kyle Guy,2019,2,25,55
1628986,Jaylen Hands,2019,2,26,56
1629648,Jordan Bone,2019,2,27,57
1629671,Miye Oni,2019,2,28,58
1629608,Dewan Hernandez,2019,2,29,59
1629079,Vanja Marinkovic,2019,2,30,60
1629028,Deandre Ayton,2018,1,1,1
1628963,Marvin Bagley III,2018,1,2,2
1629029,Luka Dončić,2018,1,3,3
1628991,Jaren Jackson Jr.,2018,1,4,4
1629027,Trae Young,2018,1,5,5
1628964,Mo Bamba,2018,1,6,6
1628976,Wendell Carter Jr.,2018,1,7,7
1629012,Collin Sexton,2018,1,8,8
1628995,Kevin Knox II,2018,1,9,9
1628969,Mikal Bridges,2018,1,10,10
1628983,Shai Gilgeous-Alexander,2018,1,11,11
1628970,Miles Bridges,2018,1,12,12
1629010,Jerome Robinson,2018,1,13,13
1629008,Michael Porter Jr.,2018,1,14,14
1628972,Troy Brown Jr.,2018,1,15,15
1629015,Zhaire Smith,2018,1,16,16
1628978,Donte DiVincenzo,2018,1,17,17
1629022,Lonnie Walker IV,2018,1,18,18
1628989,Kevin Huerter,2018,1,19,19
1629006,Josh Okogie,2018,1,20,20
1628960,Grayson Allen,2018,1,21,21
1628990,Chandler Hutchison,2018,1,22,22
1628988,Aaron Holiday,2018,1,23,23
1629014,Anfernee Simons,2018,1,24,24
1629021,Moritz Wagner,2018,1,25,25
1629013,Landry Shamet,2018,1,26,26
1629057,Robert Williams III,2018,1,27,27
1628980,Jacob Evans,2018,1,28,28
1629058,Dzanan Musa,2018,1,29,29
1629016,Omari Spellman,2018,1,30,30
1629059,Elie Okobo,2018,2,1,31
1628975,Jevon Carter,2018,2,2,32
1628973,Jalen Brunson,2018,2,3,33
1628984,Devonte' Graham,2018,2,4,34
1628982,Melvin Frazier Jr.,2018,2,5,35
1629011,Mitchell Robinson,2018,2,6,36
1629018,Gary Trent Jr.,2018,2,7,37
1629017,Khyri Thomas,2018,2,8,38
1629067,Isaac Bonga,2018,2,9,39
1629066,Rodions Kurucs,2018,2,10,40
1629020,Jarred Vanderbilt,2018,2,11,41
1628971,Bruce Brown,2018,2,12,42
1628992,Justin Jackson,2018,2,13,43
1629068,Issuf Sanon,2018,2,14,44
1628977,Hamidou Diallo,2018,2,15,45
1629001,De'Anthony Melton,2018,2,16,46
1629004,Svi Mykhailiuk,2018,2,17,47
1628966,Keita Bates-Diop,2018,2,18,48
1629002,Chimezie Metu,2018,2,19,49
1628993,Alize Johnson,2018,2,20,50
1628974,Tony Carr,2018,2,21,51
1629053,Vincent Edwards,2018,2,22,52
1628985,Devon Hall,2018,2,23,53
1629003,Shake Milton,2018,2,24,54
1629083,Arnoldas Kulboka,2018,2,25,55
1629034,Ray Spalding,2018,2,26,56
1628987,Kevin Hervey,2018,2,27,57
1629118,Thomas Welsh,2018,2,28,58
1628994,George King,2018,2,29,59
1628961,Kostas Antetokounmpo,2018,2,30,60
1628365,Markelle Fultz,2017,1,1,1
1628366,Lonzo Ball,2017,1,2,2
1628369,Jayson Tatum,2017,1,3,3
1628367,Josh Jackson,2017,1,4,4
1628368,De'Aaron Fox,2017,1,5,5
1628371,Jonathan Isaac,2017,1,6,6
1628374,Lauri Markkanen,2017,1,7,7
1628373,Frank Ntilikina,2017,1,8,8
1628372,Dennis Smith Jr.,2017,1,9,9
1628380,Zach Collins,2017,1,10,10
1628370,Malik Monk,2017,1,11,11
1628379,Luke Kennard,2017,1,12,12
1628378,Donovan Mitchell,2017,1,13,13
1628389,Bam Adebayo,2017,1,14,14
1628382,Justin Jackson,2017,1,15,15
1628383,Justin Patton,2017,1,16,16
1628391,D.J. Wilson,2017,1,17,17
1628388,T.J. Leaf,2017,1,18,18
1628381,John Collins,2017,1,19,19
1628385,Harry Giles III,2017,1,20,20
1628390,Terrance Ferguson,2017,1,21,21
1628386,Jarrett Allen,2017,1,22,22
1628384,OG Anunoby,2017,1,23,23
1628399,Tyler Lydon,2017,1,24,24
1628394,Anžejs Pasečņiks,2017,1,25,25
1628403,Caleb Swanigan,2017,1,26,26
1628398,Kyle Kuzma,2017,1,27,27
1628396,Tony Bradley,2017,1,28,28
1628401,Derrick White,2017,1,29,29
1628404,Josh Hart,2017,1,30,30
1628402,Frank Jackson,2017,2,1,31
1628432,Davon Reed,2017,2,2,32
1628411,Wes Iwundu,2017,2,3,33
1628412,Frank Mason III,2017,2,4,34
1628397,Ivan Rabb,2017,2,5,35
1628413,Jonah Bolden,2017,2,6,36
1628400,Semi Ojeleye,2017,2,7,37
1628395,Jordan Bell,2017,2,8,38
1628393,Jawun Evans,2017,2,9,39
1628407,Dwayne Bacon,2017,2,10,40
1628416,Tyler Dorsey,2017,2,11,41
1628418,Thomas Bryant,2017,2,12,42
1628392,Isaiah Hartenstein,2017,2,13,43
1628422,Damyean Dotson,2017,2,14,44
1628415,Dillon Brooks,2017,2,15,45
1628425,Sterling Brown,2017,2,16,46
1628387,Ike Anigbogu,2017,2,17,47
1628414,Sindarius Thornwell,2017,2,18,48
1628427,Vlatko Cancar,2017,2,19,49
1628406,Mathias Lessort,2017,2,20,50
1628420,Monte Morris,2017,2,21,51
1628410,Edmond Sumner,2017,2,22,52
1628443,Kadeem Allen,2017,2,23,53
1628409,Alec Peters,2017,2,24,54
1628430,Nigel Williams-Goss,2017,2,25,55
1628444,Jabari Bird,2017,2,26,56
1628426,Sasha Vezenkov,2017,2,27,57
1628445,Ognjen Jaramaz,2017,2,28,58
1628417,Jaron Blossomgame,2017,2,29,59
1628446,Alpha Kaba,2017,2,30,60
1627732,Ben Simmons,2016,1,1,1
1627742,Brandon Ingram,2016,1,2,2
1627759,Jaylen Brown,2016,1,3,3
1627733,Dragan Bender,2016,1,4,4
1627739,Kris Dunn,2016,1,5,5
1627741,Buddy Hield,2016,1,6,6
1627750,Jamal Murray,2016,1,7,7
1627737,Marquese Chriss,2016,1,8,8
1627751,Jakob Poeltl,2016,1,9,9
1627748,Thon Maker,2016,1,10,10
1627734,Domantas Sabonis,2016,1,11,11
1627752,Taurean Prince,2016,1,12,12
1627834,Georgios Papagiannis,2016,1,13,13
1627756,Denzel Valentine,2016,1,14,14
1627823,Juancho Hernangomez,2016,1,15,15
1627824,Guerschon Yabusele,2016,1,16,16
1627735,Wade Baldwin IV,2016,1,17,17
1627740,Henry Ellenson,2016,1,18,18
1627736,Malik Beasley,2016,1,19,19
1627747,Caris LeVert,2016,1,20,20
1627761,DeAndre' Bembry,2016,1,21,21
1627781,Malachi Richardson,2016,1,22,22
1627790,Ante Zizic,2016,1,23,23
1627789,Timothe Luwawu-Cabarrot,2016,1,24,24
1627744,Brice Johnson,2016,1,25,25
1627788,Furkan Korkmaz,2016,1,26,26
1627783,Pascal Siakam,2016,1,27,27
1627746,Skal Labissiere,2016,1,28,28
1627749,Dejounte Murray,2016,1,29,29
1627745,Damian Jones,2016,1,30,30
1627738,Deyonta Davis,2016,2,1,31
1627826,Ivica Zubac,2016,2,2,32
1627767,Cheick Diallo,2016,2,3,33
1627755,Tyler Ulis,2016,2,4,34
1627825,Rade Zagorac,2016,2,5,35
1627763,Malcolm Brogdon,2016,2,6,36
1627778,Chinanu Onuaku,2016,2,7,37
1627775,Patrick McCaw,2016,2,8,38
1627837,David Michineau,2016,2,9,39
1627754,Diamond Stone,2016,2,10,40
1627757,Stephen Zimmerman,2016,2,11,41
1627785,Isaiah Whitehead,2016,2,12,42
1627753,Zhou Qi,2016,2,13,43
1627833,Isaia Cordinier,2016,2,14,44
1627743,Demetrius Jackson,2016,2,15,45
1627773,AJ Hammons,2016,2,16,46
1627774,Jake Layman,2016,2,17,47
1627835,Paul Zipser,2016,2,18,48
1627771,Michael Gbinije,2016,2,19,49
1627777,Georges Niang,2016,2,20,50
1627791,Ben Bentil,2016,2,21,51
1627762,Joel Bolomboy,2016,2,22,52
1627822,Petr Cornelie,2016,2,23,53
1627770,Kay Felder,2016,2,24,54
1627779,Marcus Paige,2016,2,25,55
1627772,Daniel Hamilton,2016,2,26,56
1627845,Wang Zhelin,2016,2,27,57
1627846,Abdel Nader,2016,2,28,58
1627766,Isaiah Cousins,2016,2,29,59
1627820,Tyrone Wallace,2016,2,30,60
1626157,Karl-Anthony Towns,2015,1,1,1
1626156,D'Angelo Russell,2015,1,2,2
1626143,Jahlil Okafor,2015,1,3,3
204001,Kristaps Porziņģis,2015,1,4,4
1626209,Mario Hezonja,2015,1,5,5
1626161,Willie Cauley-Stein,2015,1,6,6
1626144,Emmanuel Mudiay,2015,1,7,7
1626169,Stanley Johnson,2015,1,8,8
1626163,Frank Kaminsky,2015,1,9,9
1626159,Justise Winslow,2015,1,10,10
1626167,Myles Turner,2015,1,11,11
1626168,Trey Lyles,2015,1,12,12
1626164,Devin Booker,2015,1,13,13
1626166,Cameron Payne,2015,1,14,14
1626162,Kelly Oubre Jr.,2015,1,15,15
1626179,Terry Rozier,2015,1,16,16
1626173,Rashad Vaughn,2015,1,17,17
1626155,Sam Dekker,2015,1,18,18
1626170,Jerian Grant,2015,1,19,19
1626153,Delon Wright,2015,1,20,20
1626147,Justin Anderson,2015,1,21,21
1626171,Bobby Portis Jr.,2015,1,22,22
1626178,Rondae Hollis-Jefferson,2015,1,23,23
1626145,Tyus Jones,2015,1,24,24
1626185,Jarell Martin,2015,1,25,25
1626221,Nikola Milutinov,2015,1,26,26
1626204,Larry Nance Jr.,2015,1,27,27
1626154,RJ Hunter,2015,1,28,28
1626191,Chris McCullough,2015,1,29,29
1626172,Kevon Looney,2015,1,30,30
1626224,Cedi Osman,2015,2,1,31
1626149,Montrezl Harrell,2015,2,2,32
1626175,Jordan Mickey,2015,2,3,33
1626148,Anthony Brown,2015,2,4,34
1626195,Willy Hernangomez,2015,2,5,35
1626176,Rakeem Christmas,2015,2,6,36
1626158,Richaun Holmes,2015,2,7,37
1626199,Darrun Hilliard,2015,2,8,38
1626225,Juan Pablo Vaulet,2015,2,9,39
1626196,Josh Richardson,2015,2,10,40
1626192,Pat Connaughton,2015,2,11,41
1626152,Olivier Hanlan,2015,2,12,42
1626202,Joe Young,2015,2,13,43
1626150,Andrew Harrison,2015,2,14,44
1626194,Marcus Thornton,2015,2,15,45
1626181,Norman Powell,2015,2,16,46
1626222,Arturas Gudaitis,2015,2,17,47
1626177,Dakari Johnson,2015,2,18,48
1626206,Aaron White,2015,2,19,49
1626226,Marcus Eriksson,2015,2,20,50
1626227,Tyler Harvey,2015,2,21,51
1626228,Satnam Singh,2015,2,22,52
1626218,Sir'Dominic Pointer,2015,2,23,53
1626229,Daniel Diez,2015,2,24,54
1626215,Cady Lalanne,2015,2,25,55
1626183,Branden Dawson,2015,2,26,56
1626230,Nikola Radicevic,2015,2,27,57
1626160,JP Tokoto,2015,2,28,58
1626231,Dimitrios Agravanis,2015,2,29,59
1626232,Luka Mitrovic,2015,2,30,60
203952,Andrew Wiggins,2014,1,1,1
203953,Jabari Parker,2014,1,2,2
203954,Joel Embiid,2014,1,3,3
203932,Aaron Gordon,2014,1,4,4
203957,Dante Exum,2014,1,5,5
203935,Marcus Smart,2014,1,6,6
203944,Julius Randle,2014,1,7,7
203917,Nik Stauskas,2014,1,8,8
203943,Noah Vonleh,2014,1,9,9
203901,Elfrid Payton,2014,1,10,10
203926,Doug McDermott,2014,1,11,11
203967,Dario Saric,2014,1,12,12
203897,Zach LaVine,2014,1,13,13
203933,T.J. Warren,2014,1,14,14
203940,Adreian Payne,2014,1,15,15
203994,Jusuf Nurkić,2014,1,16,16
203923,James Young,2014,1,17,17
203898,Tyler Ennis,2014,1,18,18
203914,Gary Harris,2014,1,19,19
203998,Bruno Caboclo,2014,1,20,20
203956,Mitch McGary,2014,1,21,21
203919,Jordan Adams,2014,1,22,22
203918,Rodney Hood,2014,1,23,23
203894,Shabazz Napier,2014,1,24,24
203991,Clint Capela,2014,1,25,25
203798,PJ Hairston,2014,1,26,26
203992,Bogdan Bogdanović,2014,1,27,27
203912,C.J. Wilcox,2014,1,28,28
203962,Josh Huestis,2014,1,29,29
203937,Kyle Anderson,2014,1,30,30
203996,Damien Inglis,2014,2,1,31
203909,KJ McDaniels,2014,2,2,32
203925,Joe Harris,2014,2,3,33
203921,Cleanthony Early,2014,2,4,34
203950,Jarnell Stokes,2014,2,5,35
203948,Johnny O'Bryant III,2014,2,6,36
203908,DeAndre Daniels,2014,2,7,37
203915,Spencer Dinwiddie,2014,2,8,38
203924,Jerami Grant,2014,2,9,39
203922,Glenn Robinson III,2014,2,10,40
203999,Nikola Jokić,2014,2,11,41
203910,Nick Johnson,2014,2,12,42
204002,Edy Tavares,2014,2,13,43
203900,Markel Brown,2014,2,14,44
203939,Dwight Powell,2014,2,15,45
203903,Jordan Clarkson,2014,2,16,46
203893,Russ Smith,2014,2,17,47
203934,Lamar Patterson,2014,2,18,48
203946,Cameron Bairstow,2014,2,19,49
203938,Alec Brown,2014,2,20,50
203648,Thanasis Antetokounmpo,2014,2,21,51
203995,Vasilije Micic,2014,2,22,52
203993,Alessandro Gentile,2014,2,23,53
204009,Nemanja Dangubic,2014,2,24,54
203902,Semaj Christon,2014,2,25,55
203906,Devyn Marble,2014,2,26,56
204010,Louis Labeyrie,2014,2,27,57
203895,Jordan McRae,2014,2,28,58
203904,Xavier Thames,2014,2,29,59
203928,Cory Jefferson,2014,2,30,60
203461,Anthony Bennett,2013,1,1,1
203506,Victor Oladipo,2013,1,2,2
203490,Otto Porter Jr.,2013,1,3,3
203469,Cody Zeller,2013,1,4,4
203458,Alex Len,2013,1,5,5
203457,Nerlens Noel,2013,1,6,6
203463,Ben McLemore,2013,1,7,7
203484,Kentavious Caldwell-Pope,2013,1,8,8
203504,Trey Burke,2013,1,9,9
203468,CJ McCollum,2013,1,10,10
203487,Michael Carter-Williams,2013,1,11,11
203500,Steven Adams,2013,1,12,12
203482,Kelly Olynyk,2013,1,13,13
203498,Shabazz Muhammad,2013,1,14,14
203507,Giannis Antetokounmpo,2013,1,15,15
203512,Lucas Nogueira,2013,1,16,16
203471,Dennis Schröder,2013,1,17,17
203499,Shane Larkin,2013,1,18,18
203508,Sergey Karasev,2013,1,19,19
203503,Tony Snell,2013,1,20,20
203476,Gorgui Dieng,2013,1,21,21
203486,Mason Plumlee,2013,1,22,22
203524,Solomon Hill,2013,1,23,23
203501,Tim Hardaway Jr.,2013,1,24,24
203493,Reggie Bullock Jr.,2013,1,25,25
203460,Andre Roberson,2013,1,26,26
203497,Rudy Gobert,2013,1,27,27
203520,Livio Jean-Charles,2013,1,28,28
203462,Archie Goodwin,2013,1,29,29
203517,Nemanja Nedovic,2013,1,30,30
203459,Allen Crabbe,2013,2,1,31
203518,Alex Abrines,2013,2,2,32
203467,Carrick Felix,2013,2,3,33
203477,Isaiah Canaan,2013,2,4,34
203318,Glen Rice,2013,2,5,35
203492,Ray McCallum,2013,2,6,36
203502,Tony Mitchell,2013,2,7,37
203489,Nate Wolters,2013,2,8,38
203481,Jeff Withey,2013,2,9,39
203511,Grant Jerrett,2013,2,10,40
203479,Jamaal Franklin,2013,2,11,41
203510,Pierre Jackson,2013,2,12,42
203495,Ricky Ledo,2013,2,13,43
203488,Mike Muscala,2013,2,14,44
203525,Marko Todorovic,2013,2,15,45
203475,Erick Green,2013,2,16,46
203526,Raul Neto,2013,2,17,47
203527,Ryan Kelly,2013,2,18,48
203513,Erik Murphy,2013,2,19,49
203516,James Ennis III,2013,2,20,50
203528,Romero Osby,2013,2,21,51
203485,Lorenzo Brown,2013,2,22,52
203470,Colton Iverson,2013,2,23,53
203529,Arsalan Kazemi,2013,2,24,54
203530,Joffrey Lauvergne,2013,2,25,55
203491,Peyton Siva,2013,2,26,56
203531,Alex Oriakhi,2013,2,27,57
203472,Deshaun Thomas,2013,2,28,58
203532,Bojan Dubljevic,2013,2,29,59
203533,Janis Timma,2013,2,30,60
203076,Anthony Davis,2012,1,1,1
203077,Michael Kidd-Gilchrist,2012,1,2,2
203078,Bradley Beal,2012,1,3,3
203079,Dion Waiters,2012,1,4,4
203080,Thomas Robinson,2012,1,5,5
203081,Damian Lillard,2012,1,6,6
203084,Harrison Barnes,2012,1,7,7
203082,Terrence Ross,2012,1,8,8
203083,Andre Drummond,2012,1,9,9
203085,Austin Rivers,2012,1,10,10
203086,Meyers Leonard,2012,1,11,11
203087,Jeremy Lamb,2012,1,12,12
203088,Kendall Marshall,2012,1,13,13
203089,John Henson,2012,1,14,14
203090,Maurice Harkless,2012,1,15,15
203091,Royce White,2012,1,16,16
203092,Tyler Zeller,2012,1,17,17
203093,Terrence Jones,2012,1,18,18
203094,Andrew Nicholson,2012,1,19,19
203095,Evan Fournier,2012,1,20,20
203096,Jared Sullinger,2012,1,21,21
203097,Fab Melo,2012,1,22,22
203098,John Jenkins,2012,1,23,23
203099,Jared Cunningham,2012,1,24,24
203100,Tony Wroten,2012,1,25,25
203101,Miles Plumlee,2012,1,26,26
203102,Arnett Moultrie,2012,1,27,27
203103,Perry Jones III,2012,1,28,28
203104,Marquis Teague,2012,1,29,29
203105,Festus Ezeli,2012,1,30,30
203106,Jeffery Taylor,2012,2,1,31
203107,Tomas Satoransky,2012,2,2,32
203108,Bernard James,2012,2,3,33
203109,Jae Crowder,2012,2,4,34
203110,Draymond Green,2012,2,5,35
203111,Orlando Johnson,2012,2,6,36
203112,Quincy Acy,2012,2,7,37
203113,Quincy Miller,2012,2,8,38
203114,Khris Middleton,2012,2,9,39
203115,Will Barton,2012,2,10,40
203116,Tyshawn Taylor,2012,2,11,41
203117,Doron Lamb,2012,2,12,42
203118,Mike Scott,2012,2,13,43
203119,Kim English,2012,2,14,44
203120,Justin Hamilton,2012,2,15,45
203121,Darius Miller,2012,2,16,46
203122,Kevin Murphy,2012,2,17,47
203123,Kostas Papanikolaou,2012,2,18,48
203124,Kyle O'Quinn,2012,2,19,49
203125,Izzet Turkyilmaz,2012,2,20,50
203126,Kris Joseph,2012,2,21,51
203136,Ognjen Kuzmic,2012,2,22,52
203128,Furkan Aldemir,2012,2,23,53
203129,Tornike Shengelia,2012,2,24,54
203130,Darius Johnson-Odom,2012,2,25,55
203131,Tomislav Zubcic,2012,2,26,56
203132,Ilkan Karaman,2012,2,27,57
203133,Robbie Hummel,2012,2,28,58
203134,Marcus Denmon,2012,2,29,59
203135,Robert Sacre,2012,2,30,60
202681,Kyrie Irving,2011,1,1,1
202682,Derrick Williams,2011,1,2,2
202683,Enes Freedom,2011,1,3,3
202684,Tristan Thompson,2011,1,4,4
202685,Jonas Valanciunas,2011,1,5,5
202686,Jan Vesely,2011,1,6,6
202687,Bismack Biyombo,2011,1,7,7
202688,Brandon Knight,2011,1,8,8
202689,Kemba Walker,2011,1,9,9
202690,Jimmer Fredette,2011,1,10,10
202691,Klay Thompson,2011,1,11,11
202692,Alec Burks,2011,1,12,12
202693,Markieff Morris,2011,1,13,13
202694,Marcus Morris Sr.,2011,1,14,14
202695,Kawhi Leonard,2011,1,15,15
202696,Nikola Vučević,2011,1,16,16
202697,Iman Shumpert,2011,1,17,17
202698,Chris Singleton,2011,1,18,18
202699,Tobias Harris,2011,1,19,19
202700,Donatas Motiejunas,2011,1,20,20
202701,Nolan Smith,2011,1,21,21
202702,Kenneth Faried,2011,1,22,22
202703,Nikola Mirotic,2011,1,23,23
202704,Reggie Jackson,2011,1,24,24
202705,MarShon Brooks,2011,1,25,25
202706,Jordan Hamilton,2011,1,26,26
202707,JaJuan Johnson,2011,1,27,27
202708,Norris Cole,2011,1,28,28
202709,Cory Joseph,2011,1,29,29
202710,Jimmy Butler III,2011,1,30,30
202711,Bojan Bogdanovic,2011,2,1,31
202712,Justin Harper,2011,2,2,32
202713,Kyle Singler,2011,2,3,33
202714,Shelvin Mack,2011,2,4,34
202715,Tyler Honeycutt,2011,2,5,35
202716,Jordan Williams,2011,2,6,36
202717,Trey Thompkins,2011,2,7,37
202718,Chandler Parsons,2011,2,8,38
202719,Jeremy Tyler,2011,2,9,39
202720,Jon Leuer,2011,2,10,40
202721,Darius Morris,2011,2,11,41
202722,Davis Bertans,2011,2,12,42
202723,Malcolm Lee,2011,2,13,43
202724,Charles Jenkins,2011,2,14,44
202725,Josh Harrellson,2011,2,15,45
202726,Andrew Goudelock,2011,2,16,46
202727,Travis Leslie,2011,2,17,47
202728,Keith Benson,2011,2,18,48
202729,Josh Selby,2011,2,19,49
202730,Lavoy Allen,2011,2,20,50
202739,Jon Diebler,2011,2,21,51
202731,Vernon Macklin,2011,2,22,52
202732,DeAndre Liggins,2011,2,23,53
202733,MIlan Macvan,2011,2,24,54
202734,E'Twaun Moore,2011,2,25,55
202624,Chukwudiebere Maduabum,2011,2,26,56
202735,Tanguy Ngombo,2011,2,27,57
202736,Ater Majok,2011,2,28,58
202737,Adam Hanga,2011,2,29,59
202738,Isaiah Thomas,2011,2,30,60
202322,John Wall,2010,1,1,1
202323,Evan Turner,2010,1,2,2
202324,Derrick Favors,2010,1,3,3
202325,Wesley Johnson,2010,1,4,4
202326,DeMarcus Cousins,2010,1,5,5
202327,Ekpe Udoh,2010,1,6,6
202328,Greg Monroe,2010,1,7,7
202329,Al-Farouq Aminu,2010,1,8,8
202330,Gordon Hayward,2010,1,9,9
202331,Paul George,2010,1,10,10
202332,Cole Aldrich,2010,1,11,11
202333,Xavier Henry,2010,1,12,12
202334,Ed Davis,2010,1,13,13
202335,Patrick Patterson,2010,1,14,14
202336,Larry Sanders,2010,1,15,15
202337,Luke Babbitt,2010,1,16,16
202338,Kevin Seraphin,2010,1,17,17
202339,Eric Bledsoe,2010,1,18,18
202340,Avery Bradley,2010,1,19,19
202341,James Anderson,2010,1,20,20
202342,Craig Brackins,2010,1,21,21
202343,Elliot Williams,2010,1,22,22
202344,Trevor Booker,2010,1,23,23
202345,Damion James,2010,1,24,24
202346,Dominique Jones,2010,1,25,25
202347,Quincy Pondexter,2010,1,26,26
202348,Jordan Crawford,2010,1,27,27
202349,Greivis Vasquez,2010,1,28,28
202350,Daniel Orton,2010,1,29,29
202351,Lazar Hayward,2010,1,30,30
202353,Tibor Pleiss,2010,2,1,31
202354,Dexter Pittman,2010,2,2,32
202355,Hassan Whiteside,2010,2,3,33
202356,Armon Johnson,2010,2,4,34
202357,Nemanja Bjelica,2010,2,5,35
202358,Terrico White,2010,2,6,36
202359,Darington Hobson,2010,2,7,37
202360,Andy Rautins,2010,2,8,38
202361,Landry Fields,2010,2,9,39
202362,Lance Stephenson,2010,2,10,40
202363,Jarvis Varnado,2010,2,11,41
202364,Da'Sean Butler,2010,2,12,42
202365,Devin Ebanks,2010,2,13,43
202366,Jerome Jordan,2010,2,14,44
202370,Paulao Prestes,2010,2,15,45
202371,Gani Lawal,2010,2,16,46
202372,Tiny Gallon,2010,2,17,47
202160,Latavious Williams,2010,2,18,48
202373,Ryan Richards,2010,2,19,49
202374,Solomon Alabi,2010,2,20,50
202375,Magnum Rolle,2010,2,21,51
202376,Luke Harangody,2010,2,22,52
202377,Pape Sy,2010,2,23,53
202378,Willie Warren,2010,2,24,54
202379,Jeremy Evans,2010,2,25,55
202380,Hamady Ndiaye,2010,2,26,56
202385,Ryan Reid,2010,2,27,57
202382,Derrick Caracter,2010,2,28,58
202383,Stanley Robinson,2010,2,29,59
202384,Dwayne Collins,2010,2,30,60
201933,Blake Griffin,2009,1,1,1
201934,Hasheem Thabeet,2009,1,2,2
201935,James Harden,2009,1,3,3
201936,Tyreke Evans,2009,1,4,4
201937,Ricky Rubio,2009,1,5,5
201938,Jonny Flynn,2009,1,6,6
201939,Stephen Curry,2009,1,7,7
201941,Jordan Hill,2009,1,8,8
201942,DeMar DeRozan,2009,1,9,9
201943,Brandon Jennings,2009,1,10,10
201944,Terrence Williams,2009,1,11,11
201945,Gerald Henderson,2009,1,12,12
201946,Tyler Hansbrough,2009,1,13,13
201947,Earl Clark,2009,1,14,14
201948,Austin Daye,2009,1,15,15
201949,James Johnson,2009,1,16,16
201950,Jrue Holiday,2009,1,17,17
201951,Ty Lawson,2009,1,18,18
201952,Jeff Teague,2009,1,19,19
201953,Eric Maynor,2009,1,20,20
201954,Darren Collison,2009,1,21,21
201964,Victor Claver,2009,1,22,22
201956,Omri Casspi,2009,1,23,23
201957,Byron Mullens,2009,1,24,24
201958,Rodrigue Beaubois,2009,1,25,25
201959,Taj Gibson,2009,1,26,26
201960,DeMarre Carroll,2009,1,27,27
201961,Wayne Ellington,2009,1,28,28
201962,Toney Douglas,2009,1,29,29
201963,Christian Eyenga,2009,1,30,30
201965,Jeff Ayres,2009,2,1,31
201966,Jermaine Taylor,2009,2,2,32
201967,Dante Cunningham,2009,2,3,33
201968,Sergio Llull,2009,2,4,34
201969,DaJuan Summers,2009,2,5,35
201970,Sam Young,2009,2,6,36
201971,DeJuan Blair,2009,2,7,37
201972,Jon Brockman,2009,2,8,38
201973,Jonas Jerebko,2009,2,9,39
201974,Derrick Brown,2009,2,10,40
201975,Jodie Meeks,2009,2,11,41
201976,Patrick Beverley,2009,2,12,42
201977,Marcus Thornton,2009,2,13,43
201978,Chase Budinger,2009,2,14,44
201979,Nick Calathes,2009,2,15,45
201980,Danny Green,2009,2,16,46
201994,Henk Norel,2009,2,17,47
201981,Taylor Griffin,2009,2,18,48
201982,Sergiy Gladyr,2009,2,19,49
201983,Goran Suton,2009,2,20,50
201984,Jack McClinton,2009,2,21,51
201985,AJ Price,2009,2,22,52
201986,Nando De Colo,2009,2,23,53
201987,Robert Vaden,2009,2,24,54
201988,Patty Mills,2009,2,25,55
201989,Ahmad Nivins,2009,2,26,56
201990,Emir Preldzic,2009,2,27,57
201991,Lester Hudson,2009,2,28,58
201992,Chinemelu Elonu,2009,2,29,59
201993,Robert Dozier,2009,2,30,60
201565,Derrick Rose,2008,1,1,1
201563,Michael Beasley,2008,1,2,2
201564,O.J. Mayo,2008,1,3,3
201566,Russell Westbrook,2008,1,4,4
201567,Kevin Love,2008,1,5,5
201568,Danilo Gallinari,2008,1,6,6
201569,Eric Gordon,2008,1,7,7
201570,Joe Alexander,2008,1,8,8
201571,D.J. Augustin,2008,1,9,9
201572,Brook Lopez,2008,1,10,10
201573,Jerryd Bayless,2008,1,11,11
201574,Jason Thompson,2008,1,12,12
201575,Brandon Rush,2008,1,13,13
201576,Anthony Randolph,2008,1,14,14
201577,Robin Lopez,2008,1,15,15
201578,Marreese Speights,2008,1,16,16
201579,Roy Hibbert,2008,1,17,17
201580,JaVale McGee,2008,1,18,18
201581,JJ Hickson,2008,1,19,19
201582,Alexis Ajinca,2008,1,20,20
201583,Ryan Anderson,2008,1,21,21
201584,Courtney Lee,2008,1,22,22
201585,Kosta Koufos,2008,1,23,23
201586,Serge Ibaka,2008,1,24,24
201587,Nicolas Batum,2008,1,25,25
201588,George Hill,2008,1,26,26
201589,Darrell Arthur,2008,1,27,27
201590,Donte Greene,2008,1,28,28
201591,DJ White,2008,1,29,29
201592,J.R. Giddens,2008,1,30,30
201593,Nikola Pekovic,2008,2,1,31
201594,Walter Sharpe,2008,2,2,32
201595,Joey Dorsey,2008,2,3,33
201596,Mario Chalmers,2008,2,4,34
201599,DeAndre Jordan,2008,2,5,35
201600,Omer Asik,2008,2,6,36
201601,Luc Mbah a Moute,2008,2,7,37
201602,Kyle Weaver,2008,2,8,38
201603,Sonny Weems,2008,2,9,39
201604,Chris Douglas-Roberts,2008,2,10,40
201605,Nathan Jawai,2008,2,11,41
201606,Sean Singletary,2008,2,12,42
201607,Patrick Ewing,2008,2,13,43
201608,Ante Tomic,2008,2,14,44
201609,Goran Dragic,2008,2,15,45
201610,Trent Plaisted,2008,2,16,46
201611,Henry Walker,2008,2,17,47
201612,Malik Hairston,2008,2,18,48
201613,Richard Hendrix,2008,2,19,49
201614,DeVon Hardin,2008,2,20,50
201615,Shan Foster,2008,2,21,51
201616,Darnell Jackson,2008,2,22,52
201617,Tadija Dragicevic,2008,2,23,53
201618,Maarty Leunen,2008,2,24,54
201446,Mike Taylor,2008,2,25,55
201619,Sasha Kaun,2008,2,26,56
201620,James Gist,2008,2,27,57
201621,Joe Crawford,2008,2,28,58
201622,Deron Washington,2008,2,29,59
201623,Semih Erden,2008,2,30,60
201141,Greg Oden,2007,1,1,1
201142,Kevin Durant,2007,1,2,2
201143,Al Horford,2007,1,3,3
201144,Mike Conley,2007,1,4,4
201145,Jeff Green,2007,1,5,5
201146,Yi Jianlian,2007,1,6,6
201147,Corey Brewer,2007,1,7,7
201148,Brandan Wright,2007,1,8,8
201149,Joakim Noah,2007,1,9,9
201150,Spencer Hawes,2007,1,10,10
201151,Acie Law,2007,1,11,11
201152,Thaddeus Young,2007,1,12,12
201153,Julian Wright,2007,1,13,13
201154,Al Thornton,2007,1,14,14
201155,Rodney Stuckey,2007,1,15,15
201156,Nick Young,2007,1,16,16
201157,Sean Williams,2007,1,17,17
201158,Marco Belinelli,2007,1,18,18
201159,Javaris Crittenton,2007,1,19,19
201160,Jason Smith,2007,1,20,20
201161,Daequan Cook,2007,1,21,21
201162,Jared Dudley,2007,1,22,22
201163,Wilson Chandler,2007,1,23,23
201164,Rudy Fernandez,2007,1,24,24
201165,Morris Almond,2007,1,25,25
201166,Aaron Brooks,2007,1,26,26
201167,Arron Afflalo,2007,1,27,27
201168,Tiago Splitter,2007,1,28,28
201169,Alando Tucker,2007,1,29,29
201170,Petteri Koponen,2007,1,30,30
201171,Carl Landry,2007,2,1,31
201172,Gabe Pruitt,2007,2,2,32
201173,Marcus Williams,2007,2,3,33
201174,Nick Fazekas,2007,2,4,34
201175,Glen Davis,2007,2,5,35
201176,Jermareo Davidson,2007,2,6,36
201177,Josh McRoberts,2007,2,7,37
201178,Kyrylo Fesenko,2007,2,8,38
201179,Stanko Barac,2007,2,9,39
201180,Sun Sun,2007,2,10,40
201181,Chris Richard,2007,2,11,41
201182,Derrick Byars,2007,2,12,42
201183,Adam Haluska,2007,2,13,43
201184,Reyshawn Terry,2007,2,14,44
201185,Jared Jordan,2007,2,15,45
201186,Stephane Lasme,2007,2,16,46
201187,Dominic McGuire,2007,2,17,47
201188,Marc Gasol,2007,2,18,48
201189,Aaron Gray,2007,2,19,49
201190,Renaldas Seibutis,2007,2,20,50
201191,JamesOn Curry,2007,2,21,51
201192,Taurean Green,2007,2,22,52
201193,Demetris Nichols,2007,2,23,53
201194,Brad Newley,2007,2,24,54
201195,Herbert Hill,2007,2,25,55
201196,Ramon Sessions,2007,2,26,56
201197,Sammy Mejia,2007,2,27,57
201198,Giorgos Printezis,2007,2,28,58
201199,DJ Strawberry,2007,2,29,59
201200,Milovan Rakovic,2007,2,30,60
200745,Andrea Bargnani,2006,1,1,1
200746,LaMarcus Aldridge,2006,1,2,2
200747,Adam Morrison,2006,1,3,3
200748,Tyrus Thomas,2006,1,4,4
200749,Shelden Williams,2006,1,5,5
200750,Brandon Roy,2006,1,6,6
200751,Randy Foye,2006,1,7,7
200752,Rudy Gay,2006,1,8,8
200753,Patrick O'Bryant,2006,1,9,9
200754,Mouhamed Sene,2006,1,10,10
200755,JJ Redick,2006,1,11,11
200756,Hilton Armstrong,2006,1,12,12
200757,Thabo Sefolosha,2006,1,13,13
200758,Ronnie Brewer,2006,1,14,14
200759,Cedric Simmons,2006,1,15,15
200760,Rodney Carney,2006,1,16,16
200761,Shawne Williams,2006,1,17,17
200762,Oleksiy Pecherov,2006,1,18,18
200763,Quincy Douby,2006,1,19,19
200764,Renaldo Balkman,2006,1,20,20
200765,Rajon Rondo,2006,1,21,21
200766,Marcus Williams,2006,1,22,22
200767,Josh Boone,2006,1,23,23
200768,Kyle Lowry,2006,1,24,24
200769,Shannon Brown,2006,1,25,25
200770,Jordan Farmar,2006,1,26,26
200771,Sergio Rodriguez,2006,1,27,27
200772,Maurice Ager,2006,1,28,28
200776,Mardy Collins,2006,1,29,29
200777,Joel Freeland,2006,1,30,30
200778,James White,2006,2,1,31
200779,Steve Novak,2006,2,2,32
200780,Solomon Jones,2006,2,3,33
200781,Paul Davis,2006,2,4,34
200782,P.J. Tucker,2006,2,5,35
200783,Craig Smith,2006,2,6,36
200784,Bobby Jones,2006,2,7,37
200785,Kosta Perovic,2006,2,8,38
200786,David Noel,2006,2,9,39
200787,Denham Brown,2006,2,10,40
200788,James Augustine,2006,2,11,41
200789,Daniel Gibson,2006,2,12,42
200790,Marcus Vinicius,2006,2,13,43
200791,Lior Eliyahu,2006,2,14,44
200792,Alexander Johnson,2006,2,15,45
200793,Dee Brown,2006,2,16,46
200794,Paul Millsap,2006,2,17,47
200795,Vladimir Veremeenko,2006,2,18,48
200796,Leon Powe,2006,2,19,49
200797,Ryan Hollins,2006,2,20,50
200798,Cheikh Samb,2006,2,21,51
200799,Guillermo Diaz,2006,2,22,52
200800,Yotam Halperin,2006,2,23,53
200801,Hassan Adams,2006,2,24,54
200802,Ejike Ugboaja,2006,2,25,55
200803,Edin Bavcic,2006,2,26,56
200804,Loukas Mavrokefalidis,2006,2,27,57
200805,JR Pinnock,2006,2,28,58
200806,Damir Markota,2006,2,29,59
200807,Will Blalock,2006,2,30,60
101106,Andrew Bogut,2005,1,1,1
101107,Marvin Williams,2005,1,2,2
101114,Deron Williams,2005,1,3,3
101108,Chris Paul,2005,1,4,4
101109,Raymond Felton,2005,1,5,5
101110,Martell Webster,2005,1,6,6
101111,Charlie Villanueva,2005,1,7,7
101112,Channing Frye,2005,1,8,8
101113,Ike Diogu,2005,1,9,9
101115,Andrew Bynum,2005,1,10,10
101116,Fran Vazquez,2005,1,11,11
101117,Yaroslav Korolev,2005,1,12,12
101118,Sean May,2005,1,13,13
101119,Rashad McCants,2005,1,14,14
101120,Antoine Wright,2005,1,15,15
101121,Joey Graham,2005,1,16,16
101122,Danny Granger,2005,1,17,17
101123,Gerald Green,2005,1,18,18
101124,Hakim Warrick,2005,1,19,19
101125,Julius Hodge,2005,1,20,20
101126,Nate Robinson,2005,1,21,21
101127,Jarrett Jack,2005,1,22,22
101128,Francisco Garcia,2005,1,23,23
101129,Luther Head,2005,1,24,24
101130,Johan Petro,2005,1,25,25
101131,Jason Maxiell,2005,1,26,26
101132,Linas Kleiza,2005,1,27,27
101133,Ian Mahinmi,2005,1,28,28
101134,Wayne Simien,2005,1,29,29
101135,David Lee,2005,1,30,30
101136,Salim Stoudamire,2005,2,1,31
101137,Daniel Ewing,2005,2,2,32
101138,Brandon Bass,2005,2,3,33
101139,CJ Miles,2005,2,4,34
101140,Ricky Sanchez,2005,2,5,35
101141,Ersan Ilyasova,2005,2,6,36
101142,Ronny Turiaf,2005,2,7,37
101143,Travis Diener,2005,2,8,38
101144,Von Wafer,2005,2,9,39
101145,Monta Ellis,2005,2,10,40
101146,Roko Ukic,2005,2,11,41
101147,Chris Taft,2005,2,12,42
101148,Mile Ilic,2005,2,13,43
101149,Martynas Andriuskevicius,2005,2,14,44
101150,Lou Williams,2005,2,15,45
101151,Erazem Lorbek,2005,2,16,46
101152,Bracey Wright,2005,2,17,47
101153,Mickael Gelabale,2005,2,18,48
101154,Andray Blatche,2005,2,19,49
101155,Ryan Gomes,2005,2,20,50
101156,Robert Whaley,2005,2,21,51
101157,Axel Hervelle,2005,2,22,52
101158,Orien Greene,2005,2,23,53
101159,Dijon Thompson,2005,2,24,54
101160,Lawrence Roberts,2005,2,25,55
101161,Amir Johnson,2005,2,26,56
101162,Marcin Gortat,2005,2,27,57
101166,Uros Slokar,2005,2,28,58
101164,Cenk Akyol,2005,2,29,59
101165,Alex Acker,2005,2,30,60
2730,Dwight Howard,2004,1,1,1
2731,Emeka Okafor,2004,1,2,2
2732,Ben Gordon,2004,1,3,3
2733,Shaun Livingston,2004,1,4,4
2734,Devin Harris,2004,1,5,5
2735,Josh Childress,2004,1,6,6
2736,Luol Deng,2004,1,7,7
2737,Rafael Araujo,2004,1,8,8
2738,Andre Iguodala,2004,1,9,9
2739,Luke Jackson,2004,1,10,10
2740,Andris Biedrins,2004,1,11,11
2741,Robert Swift,2004,1,12,12
2742,Sebastian Telfair,2004,1,13,13
2743,Kris Humphries,2004,1,14,14
2744,Al Jefferson,2004,1,15,15
2745,Kirk Snyder,2004,1,16,16
2746,Josh Smith,2004,1,17,17
2747,JR Smith,2004,1,18,18
2748,Dorell Wright,2004,1,19,19
2749,Jameer Nelson,2004,1,20,20
2750,Pavel Podkolzin,2004,1,21,21
2751,Viktor Khryapa,2004,1,22,22
2752,Sergei Monia,2004,1,23,23
2753,Delonte West,2004,1,24,24
2754,Tony Allen,2004,1,25,25
2755,Kevin Martin,2004,1,26,26
2756,Sasha Vujacic,2004,1,27,27
2757,Beno Udrih,2004,1,28,28
2758,David Harrison,2004,1,29,29
2760,Anderson Varejao,2004,2,1,30
2761,Jackson Vroman,2004,2,2,31
2762,Peter John Ramos,2004,2,3,32
2763,Lionel Chalmers,2004,2,4,33
2764,Donta Smith,2004,2,5,34
2765,Andre Emmett,2004,2,6,35
2766,Antonio Burks,2004,2,7,36
2767,Royal Ivey,2004,2,8,37
2768,Chris Duhon,2004,2,9,38
2769,Albert Miralles,2004,2,10,39
2770,Justin Reed,2004,2,11,40
2801,David Young,2004,2,12,41
2771,Viktor Sanikidze,2004,2,13,42
2772,Trevor Ariza,2004,2,14,43
2773,Tim Pickett,2004,2,15,44
2774,Bernard Robinson,2004,2,16,45
2775,Ha Ha,2004,2,17,46
2776,Pape Sow,2004,2,18,47
2777,Ricky Minard,2004,2,19,48
2778,Sergei Lishouk,2004,2,20,49
2779,Vassilis Spanoulis,2004,2,21,50
2780,Christian Drejer,2004,2,22,51
2781,Romain Sato,2004,2,23,52
2782,Matt Freije,2004,2,24,53
2783,Rickey Paulding,2004,2,25,54
2784,Luis Flores,2004,2,26,55
2785,Marcus Douthit,2004,2,27,56
2807,Sergei Karaulov,2004,2,28,57
2786,Blake Stepp,2004,2,29,58
2787,Rashad Wright,2004,2,30,59
2544,LeBron James,2003,1,1,1
2545,Darko Milicic,2003,1,2,2
2546,Carmelo Anthony,2003,1,3,3
2547,Chris Bosh,2003,1,4,4
2548,Dwyane Wade,2003,1,5,5
2549,Chris Kaman,2003,1,6,6
2550,Kirk Hinrich,2003,1,7,7
2551,T.J. Ford,2003,1,8,8
2552,Michael Sweetney,2003,1,9,9
2553,Jarvis Hayes,2003,1,10,10
2554,Mickael Pietrus,2003,1,11,11
2555,Nick Collison,2003,1,12,12
2556,Marcus Banks,2003,1,13,13
2557,Luke Ridnour,2003,1,14,14
2558,Reece Gaines,2003,1,15,15
2559,Troy Bell,2003,1,16,16
2560,Zarko Cabarkapa,2003,1,17,17
2561,David West,2003,1,18,18
2562,Sasha Pavlovic,2003,1,19,19
2563,Dahntay Jones,2003,1,20,20
2564,Boris Diaw,2003,1,21,21
2565,Zoran Planinic,2003,1,22,22
2566,Travis Outlaw,2003,1,23,23
2567,Brian Cook,2003,1,24,24
2568,Carlos Delfino,2003,1,25,25
2569,Ndudi Ebi,2003,1,26,26
2570,Kendrick Perkins,2003,1,27,27
2571,Leandro Barbosa,2003,1,28,28
2572,Josh Howard,2003,1,29,29
2573,Maciej Lampe,2003,2,1,30
2574,Jason Kapono,2003,2,2,31
2575,Luke Walton,2003,2,3,32
2602,Jerome Beasley,2003,2,4,33
2577,Sofoklis Schortsanitis,2003,2,5,34
2578,Szymon Szewczyk,2003,2,6,35
2579,Mario Austin,2003,2,7,36
2580,Travis Hansen,2003,2,8,37
2581,Steve Blake,2003,2,9,38
2582,Slavko Vranes,2003,2,10,39
2583,Derrick Zimmerman,2003,2,11,40
2584,Willie Green,2003,2,12,41
2585,Zaza Pachulia,2003,2,13,42
2586,Keith Bogans,2003,2,14,43
2587,Malick Badiane,2003,2,15,44
2588,Matt Bonner,2003,2,16,45
2589,Sani Becirovic,2003,2,17,46
2590,Mo Williams,2003,2,18,47
2591,James Lang,2003,2,19,48
2592,James Jones,2003,2,20,49
2593,Paccelis Morlende,2003,2,21,50
2594,Kyle Korver,2003,2,22,51
2595,Remon Van de Hare,2003,2,23,52
2596,Tommy Smith,2003,2,24,53
2597,Nedzad Sinanovic,2003,2,25,54
2598,Rick Rickert,2003,2,26,55
2599,Brandon Hunter,2003,2,27,56
2600,Xue Yuyang,2003,2,28,57
2601,Andreas Glyniadakis,2003,2,29,58
2397,Yao Ming,2002,1,1,1
2398,Jay Williams,2002,1,2,2
2399,Mike Dunleavy,2002,1,3,3
2400,Drew Gooden,2002,1,4,4
2401,Nikoloz Tskitishvili,2002,1,5,5
2402,Dajuan Wagner,2002,1,6,6
2403,Nene,2002,1,7,7
2404,Chris Wilcox,2002,1,8,8
2405,Amar'e Stoudemire,2002,1,9,9
2406,Caron Butler,2002,1,10,10
2407,Jared Jeffries,2002,1,11,11
2408,Melvin Ely,2002,1,12,12
2409,Marcus Haislip,2002,1,13,13
2410,Fred Jones,2002,1,14,14
2411,Bostjan Nachbar,2002,1,15,15
2412,Jiri Welsch,2002,1,16,16
2413,Juan Dixon,2002,1,17,17
2414,Curtis Borchardt,2002,1,18,18
2415,Ryan Humphrey,2002,1,19,19
2416,Kareem Rush,2002,1,20,20
2417,Qyntel Woods,2002,1,21,21
2418,Casey Jacobsen,2002,1,22,22
2419,Tayshaun Prince,2002,1,23,23
2420,Nenad Krstic,2002,1,24,24
2421,Frank Williams,2002,1,25,25
2422,John Salmons,2002,1,26,26
2423,Chris Jefferies,2002,1,27,27
2424,Dan Dickau,2002,1,28,28
2426,Steve Logan,2002,2,1,29
2427,Roger Mason Jr.,2002,2,2,30
2425,Robert Archibald,2002,2,3,31
2428,Vincent Yarbrough,2002,2,4,32
2429,Dan Gadzuric,2002,2,5,33
2430,Carlos Boozer,2002,2,6,34
2525,Milos Vujanic,2002,2,7,35
2431,David Andersen,2002,2,8,36
2432,Tito Maddox,2002,2,9,37
2433,Rod Grizzard,2002,2,10,38
2434,Juan Carlos Navarro,2002,2,11,39
2435,Mario Kasun,2002,2,12,40
2436,Flip Murray,2002,2,13,41
2438,Jason Jennings,2002,2,14,42
2437,Lonny Baxter,2002,2,15,43
2439,Sam Clancy,2002,2,16,44
2440,Matt Barnes,2002,2,17,45
2441,Jamal Sampson,2002,2,18,46
2442,Chris Owens,2002,2,19,47
2526,Peter Fehse,2002,2,20,48
2443,Darius Songaila,2002,2,21,49
2444,Federico Kammerichs,2002,2,22,50
2445,Marcus Taylor,2002,2,23,51
2446,Rasual Butler,2002,2,24,52
2447,Tamar Slay,2002,2,25,53
2448,Mladen Sekularac,2002,2,26,54
2449,Luis Scola,2002,2,27,55
2450,Randy Holcomb,2002,2,28,56
2451,Corsley Edwards,2002,2,29,57
2198,Kwame Brown,2001,1,1,1
2199,Tyson Chandler,2001,1,2,2
2200,Pau Gasol,2001,1,3,3
2201,Eddy Curry,2001,1,4,4
2202,Jason Richardson,2001,1,5,5
2203,Shane Battier,2001,1,6,6
2204,Eddie Griffin,2001,1,7,7
2205,DeSagana Diop,2001,1,8,8
2206,Rodney White,2001,1,9,9
2207,Joe Johnson,2001,1,10,10
2208,Kedrick Brown,2001,1,11,11
2209,Vladimir Radmanovic,2001,1,12,12
2210,Richard Jefferson,2001,1,13,13
2211,Troy Murphy,2001,1,14,14
2212,Steven Hunter,2001,1,15,15
2213,Kirk Haston,2001,1,16,16
2214,Michael Bradley,2001,1,17,17
2215,Jason Collins,2001,1,18,18
2216,Zach Randolph,2001,1,19,19
2217,Brendan Haywood,2001,1,20,20
2218,Joseph Forte,2001,1,21,21
2219,Jeryl Sasser,2001,1,22,22
2220,Brandon Armstrong,2001,1,23,23
2221,Raul Lopez,2001,1,24,24
2222,Gerald Wallace,2001,1,25,25
2223,Samuel Dalembert,2001,1,26,26
2224,Jamaal Tinsley,2001,1,27,27
2225,Tony Parker,2001,1,28,28
2239,Trenton Hassell,2001,2,1,29
2240,Gilbert Arenas,2001,2,2,30
2241,Omar Cook,2001,2,3,31
2226,Will Solomon,2001,2,4,32
2242,Terence Morris,2001,2,5,33
2243,Brian Scalabrine,2001,2,6,34
2244,Jeff Trepagnier,2001,2,7,35
2245,Damone Brown,2001,2,8,36
2246,Mehmet Okur,2001,2,9,37
2247,Michael Wright,2001,2,10,38
2248,Earl Watson,2001,2,11,39
2249,Jamison Brewer,2001,2,12,40
2250,Bobby Simmons,2001,2,13,41
2251,Eric Chenowith,2001,2,14,42
2252,Kyle Hill,2001,2,15,43
2253,Sean Lampley,2001,2,16,44
2254,Loren Woods,2001,2,17,45
2255,Ousmane Cisse,2001,2,18,46
2238,Antonis Fotsis,2001,2,19,47
2256,Ken Johnson,2001,2,20,48
2257,Ruben Boumtje-Boumtje,2001,2,21,49
2228,Alton Ford,2001,2,22,50
2259,Andre Hutson,2001,2,23,51
2260,Jarron Collins,2001,2,24,52
2261,Kenny Satterfield,2001,2,25,53
2262,Maurice Jeffers,2001,2,26,54
2263,Robertas Javtokas,2001,2,27,55
2264,Alvin Jones,2001,2,28,56
2265,Bryan Bracey,2001,2,29,57
2030,Kenyon Martin,2000,1,1,1
2031,Stromile Swift,2000,1,2,2
2032,Darius Miles,2000,1,3,3
2033,Marcus Fizer,2000,1,4,4
2034,Mike Miller,2000,1,5,5
2035,DerMarr Johnson,2000,1,6,6
2036,Chris Mihm,2000,1,7,7
2037,Jamal Crawford,2000,1,8,8
2038,Joel Przybilla,2000,1,9,9
2039,Keyon Dooling,2000,1,10,10
2040,Jerome Moiso,2000,1,11,11
2041,Etan Thomas,2000,1,12,12
2042,Courtney Alexander,2000,1,13,13
2043,Mateen Cleaves,2000,1,14,14
2044,Jason Collier,2000,1,15,15
2045,Hedo Turkoglu,2000,1,16,16
2046,Desmond Mason,2000,1,17,17
2047,Quentin Richardson,2000,1,18,18
2048,Jamaal Magloire,2000,1,19,19
2049,Speedy Claxton,2000,1,20,20
2050,Morris Peterson,2000,1,21,21
2051,Donnell Harvey,2000,1,22,22
2052,DeShawn Stevenson,2000,1,23,23
2053,Dalibor Bagaric,2000,1,24,24
2054,Jake Tsakalidis,2000,1,25,25
2055,Mamadou N'diaye,2000,1,26,26
2056,Primoz Brezec,2000,1,27,27
2057,Erick Barkley,2000,1,28,28
2058,Mark Madsen,2000,1,29,29
2060,Marko Jaric,2000,2,1,30
2061,Dan Langhi,2000,2,2,31
2062,A.J. Guyton,2000,2,3,32
2063,Jake Voskuhl,2000,2,4,33
2064,Khalid El-Amin,2000,2,5,34
2065,Mike Smith,2000,2,6,35
2066,Soumaila Samake,2000,2,7,36
2067,Eddie House,2000,2,8,37
2059,Eduardo Najera,2000,2,9,38
2068,Lavor Postell,2000,2,10,39
2069,Hanno Mottola,2000,2,11,40
2070,Chris Carrawell,2000,2,12,41
2071,Olumide Oyedeji,2000,2,13,42
2072,Michael Redd,2000,2,14,43
2073,Brian Cardinal,2000,2,15,44
2074,Jabari Smith,2000,2,16,45
2075,DeeAndre Hulett,2000,2,17,46
2076,Josip Sesar,2000,2,18,47
2077,Mark Karcher,2000,2,19,48
2078,Jason Hart,2000,2,20,49
2079,Kaniel Dickens,2000,2,21,50
2080,Igor Rakocevic,2000,2,22,51
2081,Ernest Brown,2000,2,23,52
2082,Dan McClintock,2000,2,24,53
2083,Cory Hightower,2000,2,25,54
2084,Chris Porter,2000,2,26,55
2085,Jaquay Walls,2000,2,27,56
2086,Scoonie Penn,2000,2,28,57
2087,Pete Mickeal,2000,2,29,58
1882,Elton Brand,1999,1,1,1
1883,Steve Francis,1999,1,2,2
1884,Baron Davis,1999,1,3,3
1885,Lamar Odom,1999,1,4,4
1886,Jonathan Bender,1999,1,5,5
1887,Wally Szczerbiak,1999,1,6,6
1888,Richard Hamilton,1999,1,7,7
1889,Andre Miller,1999,1,8,8
1890,Shawn Marion,1999,1,9,9
1891,Jason Terry,1999,1,10,10
1892,Trajan Langdon,1999,1,11,11
1893,Aleksandar Radojevic,1999,1,12,12
1894,Corey Maggette,1999,1,13,13
1895,William Avery,1999,1,14,14
1896,Frederic Weis,1999,1,15,15
1897,Metta World Peace,1999,1,16,16
1898,Cal Bowdler,1999,1,17,17
1899,James Posey,1999,1,18,18
1900,Quincy Lewis,1999,1,19,19
1901,Dion Glover,1999,1,20,20
1902,Jeff Foster,1999,1,21,21
1903,Kenny Thomas,1999,1,22,22
1904,Devean George,1999,1,23,23
1905,Andrei Kirilenko,1999,1,24,24
1906,Tim James,1999,1,25,25
1907,Vonteego Cummings,1999,1,26,26
1908,Jumaine Jones,1999,1,27,27
1909,Scott Padgett,1999,1,28,28
1910,Leon Smith,1999,1,29,29
1911,John Celestand,1999,2,1,30
1912,Rico Hill,1999,2,2,31
1913,Michael Ruffin,1999,2,3,32
1914,Chris Herren,1999,2,4,33
1915,Evan Eschmeyer,1999,2,5,34
1916,Calvin Booth,1999,2,6,35
1917,Wang Zhi-zhi,1999,2,7,36
1918,Obinna Ekezie,1999,2,8,37
1919,Laron Profit,1999,2,9,38
1920,A.J. Bramlett,1999,2,10,39
1921,Gordan Giricek,1999,2,11,40
1922,Francisco Elson,1999,2,12,41
1923,Louis Bullock,1999,2,13,42
1924,Lee Nailon,1999,2,14,43
1925,Tyrone Washington,1999,2,15,44
1926,Ryan Robertson,1999,2,16,45
1927,J.R. Koch,1999,2,17,46
1928,Todd MacCulloch,1999,2,18,47
1929,Galen Young,1999,2,19,48
1930,Lari Ketner,1999,2,20,49
1931,Venson Hamilton,1999,2,21,50
1932,Antwain Smith,1999,2,22,51
1933,Roberto Bergersen,1999,2,23,52
1934,Rodney Buford,1999,2,24,53
1935,Melvin Levett,1999,2,25,54
1936,Kris Clack,1999,2,26,55
1937,Tim Young,1999,2,27,56
1938,Manu Ginobili,1999,2,28,57
1939,Eddie Lucas,1999,2,29,58
1709,Michael Olowokandi,1998,1,1,1
1710,Mike Bibby,1998,1,2,2
1711,Raef LaFrentz,1998,1,3,3
1712,Antawn Jamison,1998,1,4,4
1713,Vince Carter,1998,1,5,5
1714,Robert Traylor,1998,1,6,6
1715,Jason Williams,1998,1,7,7
1716,Larry Hughes,1998,1,8,8
1717,Dirk Nowitzki,1998,1,9,9
1718,Paul Pierce,1998,1,10,10
1719,Bonzi Wells,1998,1,11,11
1720,Michael Doleac,1998,1,12,12
1721,Keon Clark,1998,1,13,13
1722,Michael Dickerson,1998,1,14,14
1723,Matt Harpring,1998,1,15,15
1724,Bryce Drew,1998,1,16,16
1725,Rasho Nesterovic,1998,1,17,17
1726,Mirsad Turkcan,1998,1,18,18
1727,Pat Garrity,1998,1,19,19
1728,Roshown McLeod,1998,1,20,20
1729,Ricky Davis,1998,1,21,21
1730,Brian Skinner,1998,1,22,22
1731,Tyronn Lue,1998,1,23,23
1732,Felipe Lopez,1998,1,24,24
1733,Al Harrington,1998,1,25,25
1734,Sam Jacobson,1998,1,26,26
1735,Vladimir Stepania,1998,1,27,27
1736,Corey Benjamin,1998,1,28,28
1737,Nazr Mohammed,1998,1,29,29
1738,Ansu Sesay,1998,2,1,30
1739,Ruben Patterson,1998,2,2,31
1740,Rashard Lewis,1998,2,3,32
1741,Jelani McCoy,1998,2,4,33
1742,Shammond Williams,1998,2,5,34
1743,Bruno Sundov,1998,2,6,35
1744,Jerome James,1998,2,7,36
1745,Casey Shaw,1998,2,8,37
1746,DeMarco Johnson,1998,2,9,38
1747,Rafer Alston,1998,2,10,39
1748,Korleone Young,1998,2,11,40
1749,Cuttino Mobley,1998,2,12,41
1750,Miles Simon,1998,2,13,42
1751,Jahidi White,1998,2,14,43
1752,Sean Marks,1998,2,15,44
1753,Toby Bailey,1998,2,16,45
1754,Andrae Patterson,1998,2,17,46
1755,Tyson Wheeler,1998,2,18,47
1756,Ryan Stack,1998,2,19,48
1757,Cory Carr,1998,2,20,49
1758,Andrew Betts,1998,2,21,50
1759,Corey Brewer,1998,2,22,51
1760,Derrick Dial,1998,2,23,52
1761,Greg Buckner,1998,2,24,53
1762,Tremaine Fowlkes,1998,2,25,54
1763,Ryan Bowen,1998,2,26,55
1764,J.R. Henderson,1998,2,27,56
1765,Torraye Braggs,1998,2,28,57
1766,Maceo Baston,1998,2,29,58
1495,Tim Duncan,1997,1,1,1
1496,Keith Van Horn,1997,1,2,2
1497,Chauncey Billups,1997,1,3,3
1498,Antonio Daniels,1997,1,4,4
1499,Tony Battie,1997,1,5,5
1500,Ron Mercer,1997,1,6,6
1501,Tim Thomas,1997,1,7,7
1502,Adonal Foyle,1997,1,8,8
1503,Tracy McGrady,1997,1,9,9
1504,Danny Fortson,1997,1,10,10
1505,Tariq Abdul-Wahad,1997,1,11,11
1506,Austin Croshere,1997,1,12,12
1507,Derek Anderson,1997,1,13,13
1508,Maurice Taylor,1997,1,14,14
1509,Kelvin Cato,1997,1,15,15
1510,Brevin Knight,1997,1,16,16
1511,Johnny Taylor,1997,1,17,17
1512,Chris Anstey,1997,1,18,18
1513,Scot Pollard,1997,1,19,19
1514,Paul Grant,1997,1,20,20
1515,Anthony Parker,1997,1,21,21
1516,Ed Gray,1997,1,22,22
1517,Bobby Jackson,1997,1,23,23
1518,Rodrick Rhodes,1997,1,24,24
1519,John Thomas,1997,1,25,25
1520,Charles Smith,1997,1,26,26
1521,Jacque Vaughn,1997,1,27,27
1522,Keith Booth,1997,1,28,28
1523,Serge Zwikker,1997,2,1,29
1524,Mark Sanford,1997,2,2,30
1525,Charles O'Bannon,1997,2,3,31
1526,James Cotton,1997,2,4,32
1527,Marko Milic,1997,2,5,33
1528,Bubba Wells,1997,2,6,34
1529,Kebu Stewart,1997,2,7,35
1530,James Collins,1997,2,8,36
1531,Marc Jackson,1997,2,9,37
1532,Jerald Honeycutt,1997,2,10,38
1533,Anthony Johnson,1997,2,11,39
1534,Eddie Elisma,1997,2,12,40
1535,Jason Lawson,1997,2,13,41
1536,Stephen Jackson,1997,2,14,42
1537,Gordon Malone,1997,2,15,43
1538,Cedric Henderson,1997,2,16,44
1539,God Shammgod,1997,2,17,45
1540,Eric Washington,1997,2,18,46
1541,Alvin Williams,1997,2,19,47
1542,Predrag Drobnjak,1997,2,20,48
1543,Alain Digbeau,1997,2,21,49
1544,Chris Crawford,1997,2,22,50
1545,DeJuan Wheat,1997,2,23,51
1546,C.J. Bruton,1997,2,24,52
1547,Paul Rogers,1997,2,25,53
1548,Mark Blount,1997,2,26,54
1549,Ben Pepper,1997,2,27,55
1550,Nate Erdmann,1997,2,28,56
1551,Roberto Duenas,1997,2,29,57
947,Allen Iverson,1996,1,1,1
948,Marcus Camby,1996,1,2,2
949,Shareef Abdur-Rahim,1996,1,3,3
950,Stephon Marbury,1996,1,4,4
951,Ray Allen,1996,1,5,5
952,Antoine Walker,1996,1,6,6
953,Lorenzen Wright,1996,1,7,7
954,Kerry Kittles,1996,1,8,8
955,Samaki Walker,1996,1,9,9
956,Erick Dampier,1996,1,10,10
957,Todd Fuller,1996,1,11,11
958,Vitaly Potapenko,1996,1,12,12
977,Kobe Bryant,1996,1,13,13
978,Peja Stojakovic,1996,1,14,14
959,Steve Nash,1996,1,15,15
960,Tony Delk,1996,1,16,16
979,Jermaine O'Neal,1996,1,17,17
961,John Wallace,1996,1,18,18
962,Walter McCarty,1996,1,19,19
980,Zydrunas Ilgauskas,1996,1,20,20
963,Dontae' Jones,1996,1,21,21
964,Roy Rogers,1996,1,22,22
981,Efthimios Rentzias,1996,1,23,23
965,Derek Fisher,1996,1,24,24
982,Martin Muursepp,1996,1,25,25
966,Jerome Williams,1996,1,26,26
967,Brian Evans,1996,1,27,27
968,Priest Lauderdale,1996,1,28,28
969,Travis Knight,1996,1,29,29
970,Othella Harrington,1996,2,1,30
971,Mark Hendrickson,1996,2,2,31
972,Ryan Minor,1996,2,3,32
983,Moochie Norris,1996,2,4,33
973,Shawn Harvey,1996,2,5,34
974,Joseph Blair,1996,2,6,35
975,Doron Sheffer,1996,2,7,36
976,Jeff McInnis,1996,2,8,37
984,Steve Hamer,1996,2,9,38
985,Russ Millard,1996,2,10,39
986,Marcus Mann,1996,2,11,40
987,Jason Sasser,1996,2,12,41
988,Randy Livingston,1996,2,13,42
989,Ben Davis,1996,2,14,43
990,Malik Rose,1996,2,15,44
991,Joe Vogel,1996,2,16,45
992,Marcus Brown,1996,2,17,46
993,Ron Riley,1996,2,18,47
994,Jamie Feick,1996,2,19,48
1043,Amal McCaskill,1996,2,20,49
996,Terrell Bell,1996,2,21,50
997,Chris Robinson,1996,2,22,51
998,Mark Pope,1996,2,23,52
999,Jeff Nordgaard,1996,2,24,53
1000,Shandon Anderson,1996,2,25,54
1001,Ronnie Henderson,1996,2,26,55
1002,Reggie Geary,1996,2,27,56
1003,Drew Barry,1996,2,28,57
1004,Darnell Robinson,1996,2,29,58
693,Joe Smith,1995,1,1,1
686,Antonio McDyess,1995,1,2,2
711,Jerry Stackhouse,1995,1,3,3
739,Rasheed Wallace,1995,1,4,4
708,Kevin Garnett,1995,1,5,5
735,Bryant Reeves,1995,1,6,6
757,Damon Stoudamire,1995,1,7,7
704,Shawn Respert,1995,1,8,8
709,Ed O'Bannon,1995,1,9,9
703,Kurt Thomas,1995,1,10,10
718,Gary Trent,1995,1,11,11
685,Cherokee Parks,1995,1,12,12
722,Corliss Williamson,1995,1,13,13
677,Eric Williams,1995,1,14,14
699,Brent Barry,1995,1,15,15
673,Alan Henderson,1995,1,16,16
682,Bob Sura,1995,1,17,17
689,Theo Ratliff,1995,1,18,18
719,Randolph Childress,1995,1,19,19
679,Jason Caffey,1995,1,20,20
714,Michael Finley,1995,1,21,21
678,George Zidek,1995,1,22,22
696,Travis Best,1995,1,23,23
684,Loren Meyer,1995,1,24,24
710,David Vaughn,1995,1,25,25
726,Sherell Ford,1995,1,26,26
712,Mario Bennett,1995,1,27,27
731,Greg Ostertag,1995,1,28,28
724,Cory Alexander,1995,1,29,29
691,Lou Roe,1995,2,1,30
1434,Dragan Tarlac,1995,2,2,31
720,Terrence Rencher,1995,2,3,32
675,Junior Burrough,1995,2,4,33
692,Andrew DeClercq,1995,2,5,34
728,Jimmy King,1995,2,6,35
734,Lawrence Moten,1995,2,7,36
701,Frankie King,1995,2,8,37
83626,Rashard Griffith,1995,2,9,38
681,Donny Marshall,1995,2,10,39
730,Dwayne Whitfield,1995,2,11,40
83624,Erik Meek,1995,2,12,41
671,Donnie Boyce,1995,2,13,42
727,Eric Snow,1995,2,14,43
83623,Anthony Pelle,1995,2,15,44
83622,Troy Brown,1995,2,16,45
83628,George Banks,1995,2,17,46
721,Tyus Edney,1995,2,18,47
707,Mark Davis,1995,2,19,48
706,Jerome Allen,1995,2,20,49
729,Martin Lewis,1995,2,21,50
83621,Dejan Bodiroga,1995,2,22,51
697,Fred Hoiberg,1995,2,23,52
83627,Constantin Popa,1995,2,24,53
83625,Aurelijius Zukauskas,1995,2,25,54
1075,Michael McDonald,1995,2,26,55
713,Chris Carr,1995,2,27,56
733,Cuonzo Martin,1995,2,28,57
690,Don Reid,1995,2,29,58
299,Glenn Robinson,1994,1,1,1
467,Jason Kidd,1994,1,2,2
255,Grant Hill,1994,1,3,3
923,Donyell Marshall,1994,1,4,4
436,Juwan Howard,1994,1,5,5
412,Sharone Wright,1994,1,6,6
441,Lamond Murray,1994,1,7,7
258,Brian Grant,1994,1,8,8
376,Eric Montross,1994,1,9,9
224,Eddie Jones,1994,1,10,10
435,Carlos Rogers,1994,1,11,11
234,Khalid Reeves,1994,1,12,12
147,Jalen Rose,1994,1,13,13
212,Yinka Dare,1994,1,14,14
15,Eric Piatkowski,1994,1,15,15
32,Clifford Rozier,1994,1,16,16
243,Aaron McKie,1994,1,17,17
211,Eric Mobley,1994,1,18,18
434,Tony Dumas,1994,1,19,19
189,B.J. Tyler,1994,1,20,20
54,Dickey Simpkins,1994,1,21,21
223,Bill Curley,1994,1,22,22
445,Wesley Person,1994,1,23,23
42,Monty Williams,1994,1,24,24
65,Greg Minor,1994,1,25,25
369,Charlie Ward,1994,1,26,26
240,Brooks Thompson,1994,1,27,27
83619,Deon Thomas,1994,2,1,28
226,Antonio Lang,1994,2,2,29
458,Howard Eisley,1994,2,3,30
83620,Rodney Dent,1994,2,4,31
29,Jim McIlvaine,1994,2,5,32
308,Derrick Alston,1994,2,6,33
1093,Gaylon Nickerson,1994,2,7,34
63,Michael Smith,1994,2,8,35
83612,Andrei Fetisov,1994,2,9,36
112,Dontonio Wingfield,1994,2,10,37
241,Darrin Hancock,1994,2,11,38
292,Anthony Miller,1994,2,12,39
1067,Jeff Webster,1994,2,13,40
83616,William Njoku,1994,2,14,41
83618,Gary Collier,1994,2,15,42
1035,Shawnelle Scott,1994,2,16,43
83615,Damon Bailey,1994,2,17,44
132,Dwayne Morton,1994,2,18,45
702,Voshon Lenard,1994,2,19,46
320,Jamie Watson,1994,2,20,47
83613,Jevon Crudup,1994,2,21,48
83614,Kris Bruton,1994,2,22,49
1127,Charles Claxton,1994,2,23,50
1444,Lawrence Funderburke,1994,2,24,51
924,Anthony Goldwire,1994,2,25,52
83617,Albert Burditt,1994,2,26,53
1442,Zeljko Rebraca,1994,2,27,54
185,Chris Webber,1993,1,1,1
762,Shawn Bradley,1993,1,2,2
358,Anfernee Hardaway,1993,1,3,3
469,Jamal Mashburn,1993,1,4,4
375,Isaiah Rider,1993,1,5,5
384,Calbert Cheaney,1993,1,6,6
310,Bobby Hurley,1993,1,7,7
452,Vin Baker,1993,1,8,8
915,Rodney Rogers,1993,1,9,9
283,Lindsey Hunter,1993,1,10,10
275,Allan Houston,1993,1,11,11
248,George Lynch,1993,1,12,12
143,Terry Dehere,1993,1,13,13
321,Scott Haskin,1993,1,14,14
346,Doug Edwards,1993,1,15,15
777,Rex Walters,1993,1,16,16
37,Greg Graham,1993,1,17,17
1007,Luther Wright,1993,1,18,18
768,Acie Earl,1993,1,19,19
197,Scott Burrell,1993,1,20,20
381,James Robinson,1993,1,21,21
168,Chris Mills,1993,1,22,22
911,Ervin Johnson,1993,1,23,23
208,Sam Cassell,1993,1,24,24
916,Corie Blount,1993,1,25,25
903,Geert Hammink,1993,1,26,26
1635,Malcolm Mackey,1993,1,27,27
446,Lucious Harris,1993,2,1,28
83611,Sherron Mills,1993,2,2,29
49,Gheorghe Muresan,1993,2,3,30
76308,Evers Burns,1993,2,4,31
76732,Alphonso Ford,1993,2,5,32
35,Eric Riley,1993,2,6,33
1577,Darnell Mee,1993,2,7,34
1055,Ed Stokes,1993,2,8,35
83606,John Best,1993,2,9,36
89,Nick Van Exel,1993,2,10,37
83602,Conrad McRae,1993,2,11,38
83605,Thomas Hill,1993,2,12,39
316,Richard Manning,1993,2,13,40
83603,Anthony Reed,1993,2,14,41
1817,Adonis Jordan,1993,2,15,42
76852,Josh Grant,1993,2,16,43
83601,Alex Holcombe,1993,2,17,44
935,Bryon Russell,1993,2,18,45
77846,Richard Petruska,1993,2,19,46
43,Chris Whitney,1993,2,20,47
78329,Kevin Thompson,1993,2,21,48
83608,Mark Buford,1993,2,22,49
83607,Marcelo Nicola,1993,2,23,50
83604,Spencer Dunkley,1993,2,24,51
46,Mike Peplowski,1993,2,25,52
83610,Leonard White,1993,2,26,53
83609,Byron Wilson,1993,2,27,54
406,Shaquille O'Neal,1992,1,1,1
297,Alonzo Mourning,1992,1,2,2
363,Christian Laettner,1992,1,3,3
754,Jim Jackson,1992,1,4,4
111,LaPhonso Ellis,1992,1,5,5
339,Tom Gugliotta,1992,1,6,6
1005,Walt Williams,1992,1,7,7
103,Todd Day,1992,1,8,8
221,Clar. Weatherspoon,1992,1,9,9
228,Adam Keefe,1992,1,10,10
109,Robert Horry,1992,1,11,11
114,Harold Miner,1992,1,12,12
179,Bryant Stith,1992,1,13,13
907,Malik Sealy,1992,1,14,14
324,Anthony Peeler,1992,1,15,15
1010,Randy Woods,1992,1,16,16
57,Doug Christie,1992,1,17,17
145,Tracy Murray,1992,1,18,18
931,Don MacLean,1992,1,19,19
93,Hubert Davis,1992,1,20,20
468,Jon Barry,1992,1,21,21
932,Oliver Miller,1992,1,22,22
195,Lee Mayberry,1992,1,23,23
84,Latrell Sprewell,1992,1,24,24
771,Elmore Spencer,1992,1,25,25
77138,Dave Johnson,1992,1,26,26
780,Byron Houston,1992,1,27,27
77486,Marlon Maxey,1992,2,1,28
136,P.J. Brown,1992,2,2,29
399,Sean Rooks,1992,2,3,30
78201,Reggie Smith,1992,2,4,31
85,Brent Price,1992,2,5,32
200603,Corey Williams,1992,2,6,33
1814,Chris Smith,1992,2,7,34
76148,Tony Bennett,1992,2,8,35
1030,Duane Cooper,1992,2,9,36
77647,Isaiah Morris,1992,2,10,37
1120,Elmer Bennett,1992,2,11,38
1036,Litterial Green,1992,2,12,39
83597,Steve Rogers,1992,2,13,40
461,Popeye Jones,1992,2,14,41
761,Matt Geiger,1992,2,15,42
390,Sasha Danilovic,1992,2,16,43
83596,Henry Williams,1992,2,17,44
12,Chris King,1992,2,18,45
438,Robert Werdann,1992,2,19,46
77644,Darren Morningstar,1992,2,20,47
76517,Brian Davis,1992,2,21,48
83599,Ron Ellis,1992,2,22,49
900,Matt Fish,1992,2,23,50
83600,Tim Burroughs,1992,2,24,51
1099,Matt Steigenga,1992,2,25,52
83598,Curtis Blair,1992,2,26,53
83595,Brett Roberts,1992,2,27,54
913,Larry Johnson,1991,1,1,1
72,Kenny Anderson,1991,1,2,2
182,Billy Owens,1991,1,3,3
87,Dikembe Mutombo,1991,1,4,4
120,Steven Smith,1991,1,5,5
475,Doug Smith,1991,1,6,6
26,Luc Longley,1991,1,7,7
1855,Mark Macon,1991,1,8,8
278,Stacey Augmon,1991,1,9,9
183,Bison Dele,1991,1,10,10
210,Terrell Brandon,1991,1,11,11
21,Greg Anthony,1991,1,12,12
905,Dale Davis,1991,1,13,13
1101,Rich King,1991,1,14,14
138,Anthony Avent,1991,1,15,15
423,Chris Gatling,1991,1,16,16
2349,Victor Alexander,1991,1,17,17
76265,Kevin Brooks,1991,1,18,18
78194,Labradford Smith,1991,1,19,19
1819,John Turner,1991,1,20,20
785,Eric Murdock,1991,1,21,21
1034,LeRon Ellis,1991,1,22,22
914,Stanley Roberts,1991,1,23,23
296,Rick Fox,1991,1,24,24
83585,Shaun Vandiver,1991,1,25,25
1821,Mark Randall,1991,1,26,26
432,Pete Chilcutt,1991,1,27,27
77426,Kevin Lynch,1991,2,1,28
83594,George Ackles,1991,2,2,29
77628,Rodney Monroe,1991,2,3,30
753,Randy Brown,1991,2,4,31
76772,Chad Gallagher,1991,2,5,32
1106,Donald Hodge,1991,2,6,33
76277,Myron Brown,1991,2,7,34
77098,Mike Iuzzolino,1991,2,8,35
76450,Chris Corchiani,1991,2,9,36
386,Elliot Perry,1991,2,10,37
83592,Joe Wylie,1991,2,11,38
1429,Jimmy Oliver,1991,2,12,39
77,Doug Overton,1991,2,13,40
76875,Sean Green,1991,2,14,41
83587,Steve Hood,1991,2,15,42
78273,Lamont Strothers,1991,2,16,43
83588,Alvaro Teheran,1991,2,17,44
184,Bobby Phills,1991,2,18,45
30,Richard Dumas,1991,2,19,46
83590,Keith Hughes,1991,2,20,47
1134,Ike Austin,1991,2,21,48
357,Greg Sutton,1991,2,22,49
83591,Joey Wright,1991,2,23,50
440,Zan Tabak,1991,2,24,51
83586,Anthony Jones,1991,2,25,52
83589,Von McDade,1991,2,26,53
83593,Marcus Kennedy,1991,2,27,54
934,Derrick Coleman,1990,1,1,1
56,Gary Payton,1990,1,2,2
51,Mahmoud Abdul-Rauf,1990,1,3,3
192,Dennis Scott,1990,1,4,4
383,Kendall Gill,1990,1,5,5
280,Felton Spencer,1990,1,6,6
1489,Lionel Simmons,1990,1,7,7
77260,Bo Kimble,1990,1,8,8
416,Willie Burton,1990,1,9,9
716,Rumeal Robinson,1990,1,10,10
238,Tyrone Hill,1990,1,11,11
77251,Alec Kessler,1990,1,12,12
919,Loy Vaught,1990,1,13,13
77496,Travis Mays,1990,1,14,14
77114,Dave Jamerson,1990,1,15,15
371,Terry Mills,1990,1,16,16
1054,Jerrod Mustaf,1990,1,17,17
190,Duane Causwell,1990,1,18,18
244,Dee Brown,1990,1,19,19
76821,Gerald Glass,1990,1,20,20
420,Jayson Williams,1990,1,21,21
76801,Tate George,1990,1,22,22
41,Anthony Bonner,1990,1,23,23
368,Dwayne Schintzius,1990,1,24,24
76001,Alaa Abdelnaby,1990,1,25,25
76183,Lance Blanks,1990,1,26,26
922,Elden Campbell,1990,1,27,27
77129,Les Jepsen,1990,2,1,28
389,Toni Kukoc,1990,2,2,29
61,Carl Herrera,1990,2,3,30
77286,Negele Knight,1990,2,4,31
1680,Brian Oliver,1990,2,5,32
77794,Walter Palmer,1990,2,6,33
340,Kevin Pritchard,1990,2,7,34
323,Greg Foster,1990,2,8,35
1027,Trevor Wilson,1990,2,9,36
76672,A.J. English,1990,2,10,37
146,Jud Buechler,1990,2,11,38
88,Steve Scheffler,1990,2,12,39
902,Bimbo Coles,1990,2,13,40
76097,Stephen Bardo,1990,2,14,41
77386,Marcus Liberty,1990,2,15,42
763,Tony Massenburg,1990,2,16,43
1667,Steve Henson,1990,2,17,44
213,Antonio Davis,1990,2,18,45
78555,Kenny Williams,1990,2,19,46
400,Derek Strong,1990,2,20,47
76,Cedric Ceballos,1990,2,21,48
83584,Phil Henderson,1990,2,22,49
76079,Milos Babic,1990,2,23,50
380,Tony Smith,1990,2,24,51
474,Stefano Rusconi,1990,2,25,52
83583,Abdul Shamsid-Deen,1990,2,26,53
925,Sean Higgins,1990,2,27,54
442,Pervis Ellison,1989,1,1,1
198,Danny Ferry,1989,1,2,2
251,Sean Elliott,1989,1,3,3
779,Glen Rice,1989,1,4,4
462,J.R. Reid,1989,1,5,5
351,Stacey King,1989,1,6,6
45,George McCloud,1989,1,7,7
1839,Randy White,1989,1,8,8
67,Tom Hammonds,1989,1,9,9
71,Pooh Richardson,1989,1,10,10
98,Nick Anderson,1989,1,11,11
302,Mookie Blaylock,1989,1,12,12
78197,Michael Smith,1989,1,13,13
896,Tim Hardaway,1989,1,14,14
77387,Todd Lichti,1989,1,15,15
344,Dana Barros,1989,1,16,16
431,Shawn Kemp,1989,1,17,17
769,B.J. Armstrong,1989,1,18,18
77822,Kenny Payne,1989,1,19,19
1874,Jeff Sanders,1989,1,20,20
898,Blue Edwards,1989,1,21,21
77096,Byron Irvin,1989,1,22,22
77460,Roy Marble,1989,1,23,23
76433,Anthony Cook,1989,1,24,24
1972,John Morton,1989,1,25,25
124,Vlade Divac,1989,1,26,26
76123,Kenny Battle,1989,1,27,27
428,Sherman Douglas,1989,2,1,28
77720,Dyron Nix,1989,2,2,29
77301,Frank Kornet,1989,2,3,30
77474,Jeff Martin,1989,2,4,31
76288,Stanley Brundy,1989,2,5,32
76643,Jay Edwards,1989,2,6,33
77370,Gary Leonard,1989,2,7,34
1090,Pat Durham,1989,2,8,35
361,Clifford Robinson,1989,2,9,36
76050,Michael Ansley,1989,2,10,37
28,Doug West,1989,2,11,38
77060,Ed Horton,1989,2,12,39
129,Dino Radja,1989,2,13,40
78021,Doug Roth,1989,2,14,41
83579,Michael Cutright,1989,2,15,42
359,Chucky Brown,1989,2,16,43
83577,Reggie Cross,1989,2,17,44
76911,Scott Haffner,1989,2,18,45
76184,Ricky Blanton,1989,2,19,46
83580,Reggie Turner,1989,2,20,47
83581,Junie Lewis,1989,2,21,48
906,Haywoode Workman,1989,2,22,49
77893,Brian Quinnett,1989,2,23,50
77649,Mike Morrison,1989,2,24,51
285,Greg Grant,1989,2,25,52
83582,Jeff Hodge,1989,2,26,53
83578,Toney Mack,1989,2,27,54
330,Danny Manning,1988,1,1,1
22,Rik Smits,1988,1,2,2
293,Charles Smith,1988,1,3,3
356,Chris Morris,1988,1,4,4
782,Mitch Richmond,1988,1,5,5
765,Hersey Hawkins,1988,1,6,6
897,Tim Perry,1988,1,7,7
364,Rex Chapman,1988,1,8,8
938,Rony Seikaly,1988,1,9,9
335,Willie Anderson,1988,1,10,10
781,Will Perdue,1988,1,11,11
265,Harvey Grant,1988,1,12,12
81,Jeff Grayer,1988,1,13,13
105,Dan Majerle,1988,1,14,14
202,Gary Grant,1988,1,15,15
76387,Derrick Chievous,1988,1,16,16
287,Eric Leckner,1988,1,17,17
76157,Ricky Berry,1988,1,18,18
393,Rod Strickland,1988,1,19,19
236,Kevin Edwards,1988,1,20,20
95,Mark Bryant,1988,1,21,21
705,Randolph Keys,1988,1,22,22
77335,Jerome Lane,1988,1,23,23
216,Brian Shaw,1988,1,24,24
77970,David Rivers,1988,1,25,25
76709,Rolando Ferreira,1988,2,1,26
2652,Shelton Jones,1988,2,2,27
457,Andrew Lang,1988,2,3,28
219,Vinny Del Negro,1988,2,4,29
76552,Fennis Dembo,1988,2,5,30
78247,Everette Stephens,1988,2,6,31
1593,Charles Shackleford,1988,2,7,32
3,Grant Long,1988,2,8,33
78347,Tom Tolbert,1988,2,9,34
76862,Sylvester Gray,1988,2,10,35
289,Ledell Eackles,1988,2,11,36
76320,Greg Butler,1988,2,12,37
1051,Dean Garrett,1988,2,13,38
77057,Tito Horford,1988,2,14,39
76841,Orlando Graham,1988,2,15,40
78175,Keith Smart,1988,2,16,41
83573,Jeff Moe,1988,2,17,42
77614,Todd Mitchell,1988,2,18,43
78295,Anthony Taylor,1988,2,19,44
76790,Tom Garrick,1988,2,20,45
78528,Morlon Wiley,1988,2,21,46
137,Vernon Maxwell,1988,2,22,47
52,Micheal Williams,1988,2,23,48
83575,Jose Vargas,1988,2,24,49
70,Steve Kerr,1988,2,25,50
77398,Robert Lock,1988,3,1,51
83570,Derrick Hamilton,1988,3,2,52
193,Anthony Mason,1988,3,3,53
83563,Jorge Gonzalez,1988,3,4,54
83572,Rodney Johns,1988,3,5,55
78654,Barry Sumpter,1988,3,6,56
83562,Herman Montenegro,1988,3,7,57
83576,Jeff Moore,1988,3,8,58
77170,Nate Johnston,1988,3,9,59
83565,Ed Davender,1988,3,10,60
83569,Herbert Crook,1988,3,11,61
83566,Derrick Lewis,1988,3,12,62
83571,Mike Jones,1988,3,13,63
76152,Winston Bennett,1988,3,14,64
76770,Corey Gaines,1988,3,15,65
83568,Dwight Boyd,1988,3,16,66
76839,Ricky Grace,1988,3,17,67
83564,Darryl Middleton,1988,3,18,68
83560,Phil Stinnie,1988,3,19,69
83574,Jerry Johnson,1988,3,20,70
77694,Craig Neal,1988,3,21,71
83561,Lee Johnson,1988,3,22,72
76042,Michael Anderson,1988,3,23,73
77789,Gerald Paddio,1988,3,24,74
83567,Archie Marshall,1988,3,25,75
764,David Robinson,1987,1,1,1
288,Armen Gilliam,1987,1,2,2
77054,Dennis Hopson,1987,1,3,3
199,Reggie Williams,1987,1,4,4
937,Scottie Pippen,1987,1,5,5
181,Kenny Smith,1987,1,6,6
134,Kevin Johnson,1987,1,7,7
178,Olden Polynice,1987,1,8,8
365,Derrick McKey,1987,1,9,9
270,Horace Grant,1987,1,10,10
397,Reggie Miller,1987,1,11,11
177,Muggsy Bogues,1987,1,12,12
341,Joe Wolf,1987,1,13,13
76748,Tellis Frank,1987,1,14,14
77771,Jose Ortiz,1987,1,15,15
1846,Chris Welp,1987,1,16,16
77673,Ronnie Murphy,1987,1,17,17
349,Mark Jackson,1987,1,18,18
80,Ken Norman,1987,1,19,19
76695,Jim Farmer,1987,1,20,20
76426,Dallas Comegys,1987,1,21,21
77384,Reggie Lewis,1987,1,22,22
246,Greg Anderson,1987,1,23,23
83467,Fred Banks,1987,2,1,24
77637,Ron Moore,1987,2,2,25
76024,Steve Alford,1987,2,3,26
76179,Nate Blackwell,1987,2,4,27
1984,Rickie Winslow,1987,2,5,28
83547,Lester Fonville,1987,2,6,29
78582,Nikita Wilson,1987,2,7,30
77632,Andre Moore,1987,2,8,31
737,Bob McCann,1987,2,9,32
78514,Tony White,1987,2,10,33
78031,Brian Rowsom,1987,2,11,34
77358,Doug Lee,1987,2,12,35
78464,Duane Washington,1987,2,13,36
83495,Derrick Dowell,1987,2,14,37
76415,Norris Coleman,1987,2,15,38
355,Vincent Askew,1987,2,16,39
76782,Winston Garland,1987,2,17,40
77153,Kannard Johnson,1987,2,18,41
83488,Terence Bailey,1987,2,19,42
83482,Andrew Kennedy,1987,2,20,43
83490,Terry Coner,1987,2,21,44
38,Brad Lohaus,1987,2,22,45
83537,Bruce Dalrymple,1987,2,23,46
83541,Tim McCalister,1987,3,1,47
78445,Jamie Waller,1987,3,2,48
83459,Jerome Batiste,1987,3,3,49
78644,Phil Zevenbergen,1987,3,4,50
83478,Sven Myer,1987,3,5,51
140,Donald Royal,1987,3,6,52
76472,Winston Crite,1987,3,7,53
83512,Tom Schafer,1987,3,8,54
83525,Tommy Amaker,1987,3,9,55
83501,John Fox,1987,3,10,56
83481,Hansi Gnad,1987,3,11,57
683,Darryl Johnson,1987,3,12,58
83497,Danny Pearson,1987,3,13,59
83513,Sean Couch,1987,3,14,60
83552,Clarence Martin,1987,3,15,61
83484,Eric Riggins,1987,3,16,62
333,Kevin Gamble,1987,3,17,63
83533,J. J. Weber,1987,3,18,64
78507,Eric White,1987,3,19,65
83558,Mike Richmond,1987,3,20,66
83493,Song Tao,1987,3,21,67
76586,Billy Donovan,1987,3,22,68
83472,Willie Glass,1987,3,23,69
83458,Tom Sheehey,1987,4,1,70
83461,Mike Morgan,1987,4,2,71
83520,Andrew Moten,1987,4,3,72
83506,Todd May,1987,4,4,73
76057,Joe Arlauckas,1987,4,5,74
201,Chris Dudley,1987,4,6,75
83534,Steve Beck,1987,4,7,76
83508,David Boone,1987,4,8,77
83528,Todd Linder,1987,4,9,78
917,Jack Haley,1987,4,10,79
83543,Carven Holcomb,1987,4,11,80
83499,Scott Thompson,1987,4,12,81
83524,Joe Niego,1987,4,13,82
83464,Benny Bolton,1987,4,14,83
83551,Reuben Holmes,1987,4,15,84
83483,Brian Rahilly,1987,4,16,85
83546,Norwood Barber,1987,4,17,86
83530,Darryl Bedford,1987,4,18,87
77872,Dave Popson,1987,4,19,88
83557,David Johnson,1987,4,20,89
83489,Theofanis Christodoulou,1987,4,21,90
83456,Darryl Kennedy,1987,4,22,91
83473,Ralph Tally,1987,4,23,92
83540,Chad Kessler,1987,5,1,93
83517,James Blackmon,1987,5,2,94
83460,Glenn Clem,1987,5,3,95
83507,Dennis Williams,1987,5,4,96
83477,Vernon Carr,1987,5,5,97
83545,Carl Lott,1987,5,6,98
83536,Brent Counts,1987,5,7,99
97,Ronnie Grandison,1987,5,8,100
83529,Michael Tait,1987,5,9,101
83503,Anthony Wilson,1987,5,10,102
83516,Mike Milling,1987,5,11,103
83523,Andre LaFleur,1987,5,12,104
83466,Terry Williams,1987,5,13,105
83496,Patrick Fairs,1987,5,14,106
77294,Bart Kofoed,1987,5,15,107
83485,Frank Ross,1987,5,16,108
83549,David Moss,1987,5,17,109
83532,Brian Vaughns,1987,5,18,110
83470,Gerry Wright,1987,5,19,111
83556,Sam Hill,1987,5,20,112
83491,Jose Antonio Montero,1987,5,21,113
83454,Dave Butler,1987,5,22,114
83474,Kenny Travis,1987,6,1,115
77704,Martin Nessley,1987,6,2,116
83462,Howard Triche,1987,6,3,117
83519,Perry Bromwell,1987,6,4,118
83504,Ricky Brown,1987,6,5,119
83479,Darryl Thomas,1987,6,6,120
83544,Harold Jensen,1987,6,7,121
83535,Marcel Boyce,1987,6,8,122
83511,Kelvin Scarborough,1987,6,9,123
83527,Tom Gneiting,1987,6,10,124
83500,Doug Altenberger,1987,6,11,125
83514,Gary Graham,1987,6,12,126
36,Sarunas Marciulionis,1987,6,13,127
83498,Dwayne Scholten,1987,6,14,128
83522,Fred Jenkins,1987,6,15,129
83553,Art Sabb,1987,6,16,130
83480,Tracy Foster,1987,6,17,131
83548,Bernard Johnson,1987,6,18,132
83531,Gay Elmore,1987,6,19,133
83469,Antoine Joubert,1987,6,20,134
83555,Quintan Gates,1987,6,21,135
83492,Riccardo Morandotti,1987,6,22,136
83457,Tim Naegeli,1987,6,23,137
83471,Frank Ford,1987,6,24,138
83539,Henry Carr,1987,7,1,139
83518,Frank Booker,1987,7,2,140
83463,Wayne Williams,1987,7,3,141
83505,Raynard Davis,1987,7,4,142
83476,Scott Adubato,1987,7,5,143
83542,Michael Foster,1987,7,6,144
83538,Roy Singleton,1987,7,7,145
83509,Rowan Gomes,1987,7,8,146
83526,Mike Giomi,1987,7,9,147
83502,Earvin Leavy,1987,7,10,148
83515,Montel Hatcher,1987,7,11,149
83494,Jamie Dixon,1987,7,12,150
83521,Clarence Grier,1987,7,13,151
83465,Ronnie Leggette,1987,7,14,152
83554,Keith Webster,1987,7,15,153
83486,Eric Semisch,1987,7,16,154
83550,Kenny Stone,1987,7,17,155
83510,Curtis Hunter,1987,7,18,156
83468,Mark Gottfried,1987,7,19,157
83559,Gerald White,1987,7,20,158
83487,Franjo Arapovic,1987,7,21,159
83455,Jerry Corcoran,1987,7,22,160
83475,Ron Vanderschaaf,1987,7,23,161
921,Brad Daugherty,1986,1,1,1
83362,Len Bias,1986,1,2,2
78463,Chris Washburn,1986,1,3,3
456,Chuck Person,1986,1,4,4
78440,Kenny Walker,1986,1,5,5
76138,William Bedford,1986,1,6,6
78293,Roy Tarpley,1986,1,7,7
166,Ron Harper,1986,1,8,8
78110,Brad Sellers,1986,1,9,9
1008,Johnny Dawkins,1986,1,10,10
927,John Salley,1986,1,11,11
78554,John Williams,1986,1,12,12
78465,Dwayne Washington,1986,1,13,13
76158,Walter Berry,1986,1,14,14
209,Dell Curry,1986,1,15,15
77476,Mo Martin,1986,1,16,16
77881,Harold Pressley,1986,1,17,17
76019,Mark Alarie,1986,1,18,18
1631,Billy Thompson,1986,1,19,19
77130,Buck Johnson,1986,1,20,20
77173,Anthony Jones,1986,1,21,21
101,Scott Skiles,1986,1,22,22
83377,Ken Barlow,1986,1,23,23
717,Arvydas Sabonis,1986,1,24,24
899,Mark Price,1986,2,1,25
1068,Greg Dreiling,1986,2,2,26
23,Dennis Rodman,1986,2,3,27
1474,Larry Krystkowiak,1986,2,4,28
271,Johnny Newman,1986,2,5,29
203,Nate McMillan,1986,2,6,30
83432,Joe Ward,1986,2,7,31
76990,Cedric Henderson,1986,2,8,32
404,Kevin Duckworth,1986,2,9,33
78007,Johnny Rogers,1986,2,10,34
78429,Milt Wagner,1986,2,11,35
83399,Steve Mitchell,1986,2,12,36
83440,Parragiotis Fasoulas,1986,2,13,37
83423,Lemone Lampley,1986,2,14,38
912,Rafael Addison,1986,2,15,39
83392,Augusto Binelli,1986,2,16,40
78198,Otis Smith,1986,2,17,41
83394,Ron Kellogg,1986,2,18,42
76703,Dave Feitl,1986,2,19,43
766,David Wingate,1986,2,20,44
78192,Keith Smith,1986,2,21,45
204,Jeff Hornacek,1986,2,22,46
77104,Michael Jackson,1986,2,23,47
77542,Forrest McKenzie,1986,3,1,48
83444,Juden Smith,1986,3,2,49
76994,Kevin Henderson,1986,3,3,50
78558,Mike Williams,1986,3,4,51
78584,Ricky Wilson,1986,3,5,52
77674,Tod Murphy,1986,3,6,53
77866,Dwayne Polee,1986,3,7,54
930,Kenny Gattison,1986,3,8,55
83387,Keith Colbert,1986,3,9,56
76588,Bruce Douglas,1986,3,10,57
76991,Dave Henderson,1986,3,11,58
83370,Wendell Alexis,1986,3,12,59
77845,Drazen Petrovic,1986,3,13,60
1117,John Shasky,1986,3,14,61
83453,Anthony Welch,1986,3,15,62
83446,Bill Breeding,1986,3,16,63
83410,Don Redden,1986,3,17,64
77053,Dave Hoppen,1986,3,18,65
194,Anthony Bowie,1986,3,19,66
78027,Ron Rowan,1986,3,20,67
83426,Baskerville Holmes,1986,3,21,68
78377,Andre Turner,1986,3,22,69
77372,Jim Les,1986,3,23,70
83368,Calvin Thompson,1986,4,1,71
83413,Derrick Taylor,1986,4,2,72
83437,Warren Martin,1986,4,3,73
77571,Scott Meents,1986,4,4,74
83371,Dan Bingenheimer,1986,4,5,75
83422,Michael Graham,1986,4,6,76
76831,Grant Gondrezick,1986,4,7,77
83434,John Brownlee,1986,4,8,78
83405,Carlos Briggs,1986,4,9,79
83384,Alvin Franklin,1986,4,10,80
83416,Steve Hale,1986,4,11,81
83400,Barry Mungar,1986,4,12,82
83443,David Shaffer,1986,4,13,83
83447,Marty Embry,1986,4,14,84
77105,Myron Jackson,1986,4,15,85
83376,Chauncey Robinson,1986,4,16,86
83411,Anthony Watson,1986,4,17,87
83396,Efrem Winters,1986,4,18,88
77002,Conner Henry,1986,4,19,89
83391,Wes Stallings,1986,4,20,90
83382,Bob Beecher,1986,4,21,91
83378,Dale Blaney,1986,4,22,92
83361,Tony Benford,1986,4,23,93
83367,Jerome Mincey,1986,5,1,94
77939,Richard Rellford,1986,5,2,95
83436,Ben Davis,1986,5,3,96
78181,Clinton Smith,1986,5,4,97
83402,Jimmy Gilbert,1986,5,5,98
77880,Dominic Pressley,1986,5,6,99
77166,Steffond Johnson,1986,5,7,100
83431,Greg Spurling,1986,5,8,101
83406,Earl Kelley,1986,5,9,102
83385,Keith Morrison,1986,5,10,103
83398,Paul Fortier,1986,5,11,104
83417,Archie Johnson,1986,5,12,105
83439,Jerry Adams,1986,5,13,106
83445,Kerry Boagni,1986,5,14,107
83451,Jay Bilas,1986,5,15,108
83374,Clarence Hanley,1986,5,16,109
83408,Jon Collins,1986,5,17,110
83393,Nicky Jones,1986,5,18,111
83419,Andre Banks,1986,5,19,112
83388,Kevin Holmes,1986,5,20,113
83425,Bobby Deaton,1986,5,21,114
83381,Roger Harden,1986,5,22,115
83363,Dave Colbert,1986,5,23,116
83369,Butch Wade,1986,6,1,117
83412,Jeff Hall,1986,6,2,118
83438,Gilbert Wilburn,1986,6,3,119
939,Pete Myers,1986,6,4,120
83276,Bobby Lee Hurt,1986,6,5,121
77280,Curtis Kitchen,1986,6,6,122
83430,Jim McCaffrey,1986,6,7,123
1118,Tim Kempton,1986,6,8,124
83407,Kevin Lewis,1986,6,9,125
83383,John Flowers,1986,6,10,126
83418,Troy Webster,1986,6,11,127
83397,Lorenzo Duncan,1986,6,12,128
83441,Tony Hampton,1986,6,13,129
83448,Chuck Everson,1986,6,14,130
83450,Greg Anderson,1986,6,15,131
83373,Greg Grant,1986,6,16,132
76752,Anthony Frederick,1986,6,17,133
78421,Alexander Volkov,1986,6,18,134
83421,Robert Worthy,1986,6,19,135
83389,Andre McCloud,1986,6,20,136
83427,John Kimbrell,1986,6,21,137
83380,Walter Downing,1986,6,22,138
83365,Greg Wendt,1986,6,23,139
83366,Duane Kendall,1986,7,1,140
83414,Steve Woodside,1986,7,2,141
83435,Ralph Dalton,1986,7,3,142
83372,Steve Kenilvort,1986,7,4,143
83403,Robert Henderson,1986,7,5,144
83424,Glen McCants,1986,7,6,145
83433,Johnny Brown,1986,7,7,146
83429,Damon Goodwin,1986,7,8,147
83404,Michael Anderson,1986,7,9,148
83386,Ron Rankin,1986,7,10,149
83401,Joe Price,1986,7,11,150
83415,Jim Dolan,1986,7,12,151
83442,Randy Schiff,1986,7,13,152
83449,Mark Mitchell,1986,7,14,153
83452,Kim Cooksey,1986,7,15,154
83375,Larry Polec,1986,7,16,155
83409,Mike Marshall,1986,7,17,156
83395,Valeri Tikhonenko,1986,7,18,157
83420,Rick Olson,1986,7,19,158
83390,Dan Palombizio,1986,7,20,159
83428,Jeff Strong,1986,7,21,160
83379,Mark Coleman,1986,7,22,161
83364,Tom Ivey,1986,7,23,162
121,Patrick Ewing,1985,1,1,1
47,Wayman Tisdale,1985,1,2,2
104,Benoit Benjamin,1985,1,3,3
1365,Xavier McDaniel,1985,1,4,4
402,Jon Koncak,1985,1,5,5
170,Joe Kleine,1985,1,6,6
904,Chris Mullin,1985,1,7,7
96,Detlef Schrempf,1985,1,8,8
891,Charles Oakley,1985,1,9,9
291,Ed Pinckney,1985,1,10,10
77361,Keith Lee,1985,1,11,11
76869,Kenny Green,1985,1,12,12
252,Karl Malone,1985,1,13,13
77076,Alfredrick Hughes,1985,1,14,14
78656,Blair Rasmussen,1985,1,15,15
82,Bill Wennington,1985,1,16,16
76172,Uwe Blab,1985,1,17,17
247,Joe Dumars,1985,1,18,18
76960,Steve Harris,1985,1,19,19
78417,Sam Vincent,1985,1,20,20
767,Terry Catledge,1985,1,21,21
77946,Jerry Reynolds,1985,1,22,22
920,A.C. Green,1985,1,23,23
345,Terry Porter,1985,1,24,24
1091,Mike Smrek,1985,2,1,25
77481,Bill Martin,1985,2,2,26
77509,Dwayne McClain,1985,2,3,27
77154,Ken Johnson,1985,2,4,28
76260,Mike Brittain,1985,2,5,29
83344,Calvin Duncan,1985,2,6,30
76195,Manute Bol,1985,2,7,31
78407,Nick Vanos,1985,2,8,32
78264,Greg Stokes,1985,2,9,33
83307,Aubrey Sherrod,1985,2,10,34
895,Tyrone Corbin,1985,2,11,35
77214,Yvon Joseph,1985,2,12,36
78102,Carey Scurry,1985,2,13,37
77472,Fernando Martin,1985,2,14,38
83350,George Montgomery,1985,2,15,39
76009,Mark Acres,1985,2,16,40
76384,Lorenzo Charles,1985,2,17,41
83276,Bobby Lee Hurt,1985,2,18,42
78251,Barry Stevens,1985,2,19,43
78601,Voise Winters,1985,2,20,44
73,Hot Rod Williams,1985,2,21,45
76237,Adrian Branch,1985,2,22,46
786,Gerald Wilkins,1985,2,23,47
83318,Kenny Patterson,1985,3,1,48
78620,Brad Wright,1985,3,2,49
83356,Leonard Allen,1985,3,3,50
83285,Charles Bradley,1985,3,4,51
83340,Anicet Lavodrama,1985,3,5,52
83328,Rolando Lamb,1985,3,6,53
417,Sam Mitchell,1985,3,7,54
83345,Herb Johnson,1985,3,8,55
83335,Jerry Everett,1985,3,9,56
83326,Michael Payne,1985,3,10,57
83300,Vernon Moore,1985,3,11,58
78352,Sedric Toney,1985,3,12,59
83278,Andre Goode,1985,3,13,60
78635,Perry Young,1985,3,14,61
83323,Nigel Miguel,1985,3,15,62
77233,Harold Keeling,1985,3,16,63
83280,Richie Johnson,1985,3,17,64
83301,Ken Perry,1985,3,18,65
149,Michael Adams,1985,3,19,66
83291,Steve Black,1985,3,20,67
83333,Eugene McDowell,1985,3,21,68
1479,Mike Brown,1985,3,22,69
83265,Andre Battle,1985,3,23,70
83275,Luster Goodwin,1985,4,1,71
83316,Vince Hamilton,1985,4,2,72
76411,Fred Cofield,1985,4,3,73
83339,Jim Deines,1985,4,4,74
78261,Alex Stivrins,1985,4,5,75
83288,Willie Simmons,1985,4,6,76
717,Arvydas Sabonis,1985,4,7,77
83336,Granger Hall,1985,4,8,78
76528,Mark Davis,1985,4,9,79
83304,Craig Beard,1985,4,10,80
83297,Richie Adams,1985,4,11,81
78022,Scott Roth,1985,4,12,82
78035,Delaney Rudd,1985,4,13,83
174,John Battle,1985,4,14,84
83349,Joe Atkinson,1985,4,15,85
83360,Bubba Jennings,1985,4,16,86
892,Spud Webb,1985,4,17,87
83325,Mike Brooks,1985,4,18,88
78566,Pete Williams,1985,4,19,89
76803,Derrick Gervin,1985,4,20,90
77565,Cozell McQueen,1985,4,21,91
78140,Dexter Shouse,1985,4,22,92
83268,Cliff Weber,1985,4,23,93
83317,Kelvin Johnson,1985,5,1,94
83273,Greg Cavener,1985,5,2,95
83271,Mike Schlegel,1985,5,3,96
83329,Lou Stefanovic,1985,5,4,97
83287,Bob Lojewski,1985,5,5,98
83338,Wayne Carlander,1985,5,6,99
83296,Larry Hampton,1985,5,7,100
83343,Gunther Behnke,1985,5,8,101
83334,Shawn Campbell,1985,5,9,102
83305,Reid Gettys,1985,5,10,103
83302,Dean Shaffer,1985,5,11,104
83353,Ray Hall,1985,5,12,105
83309,Clayton Olivier,1985,5,13,106
83348,James Anderson,1985,5,14,107
83322,Kelly Blaine,1985,5,15,108
83359,Tommy Davis,1985,5,16,109
83281,Mike Lahm,1985,5,17,110
83315,Ivan Daniels,1985,5,18,111
83311,Kenny Brown,1985,5,19,112
83293,Carl Wright,1985,5,20,113
83332,Ray Knight,1985,5,21,114
83284,Timo Saarelainen,1985,5,22,115
83266,Albert Butts,1985,5,23,116
83274,Gerald Crosby,1985,6,1,117
83319,Stu Primus,1985,6,2,118
83270,Kent Lockhart,1985,6,3,119
83289,Charles Valentine,1985,6,4,120
83342,Malcolm Thomas,1985,6,5,121
83330,Earl Walker,1985,6,6,122
83294,Tony Duckett,1985,6,7,123
83337,Charles Rayne,1985,6,8,124
83346,Ricky Johnson,1985,6,9,125
83306,Dan Meagher,1985,6,10,126
83298,Matt England,1985,6,11,127
83308,Chris Harper,1985,6,12,128
83354,Jim Miller,1985,6,13,129
83321,George Almones,1985,6,14,130
83351,Curtis Moore,1985,6,15,131
83358,Carlton Cooper,1985,6,16,132
83277,Vincent Giles,1985,6,17,133
83327,Sam Potter,1985,6,18,134
83312,Joe Carrabino,1985,6,19,135
83292,Daryl Lloyd,1985,6,20,136
83331,Quentin Anderson,1985,6,21,137
83283,Tony Neal,1985,6,22,138
77383,Ralph Lewis,1985,6,23,139
83314,Jeff Acres,1985,7,1,140
83272,Eric Boyd,1985,7,2,141
83269,Ken Bantum,1985,7,3,142
83341,Gary Maloncon,1985,7,4,143
77852,Mike Phelps,1985,7,5,144
83286,Alton Lee Gipson,1985,7,6,145
83295,Bob Ferry,1985,7,7,146
83347,Buzz Peterson,1985,7,8,147
76824,Georgi Glouchkov,1985,7,9,148
83303,Jeff Adkins,1985,7,10,149
83299,Keith Gray,1985,7,11,150
83355,Mike Wacker,1985,7,12,151
83310,Al Young,1985,7,13,152
83352,Mark Owen,1985,7,14,153
83324,Gary McLain,1985,7,15,154
83357,Ed Catchings,1985,7,16,155
83279,Frank James,1985,7,17,156
83320,Don Turney,1985,7,18,157
83313,Eddie Smith,1985,7,19,158
83290,Jaye Andrews,1985,7,20,159
53,Mario Elie,1985,7,21,160
83282,Keith Cleplicki,1985,7,22,161
83267,Chris Remly,1985,7,23,162
165,Hakeem Olajuwon,1984,1,1,1
76217,Sam Bowie,1984,1,2,2
893,Michael Jordan,1984,1,3,3
64,Sam Perkins,1984,1,4,4
787,Charles Barkley,1984,1,5,5
78386,Mel Turpin,1984,1,6,6
926,Alvin Robertson,1984,1,7,7
76834,Lancaster Gordon,1984,1,8,8
901,Otis Thorpe,1984,1,9,9
78611,Leon Wood,1984,1,10,10
788,Kevin Willis,1984,1,11,11
77516,Tim McCormick,1984,1,12,12
77081,Jay Humphries,1984,1,13,13
262,Michael Cage,1984,1,14,14
78241,Terence Stansbury,1984,1,15,15
304,John Stockton,1984,1,16,16
78381,Jeff Turner,1984,1,17,17
313,Vern Fleming,1984,1,18,18
78323,Bernard Thompson,1984,1,19,19
76338,Tony Campbell,1984,1,20,20
76713,Kenny Fields,1984,1,21,21
78116,Tom Sewell,1984,1,22,22
77183,Earl Jones,1984,1,23,23
78634,Michael Young,1984,1,24,24
76621,Devin Durrant,1984,2,1,25
83247,Victor Fleming,1984,2,2,26
76046,Ron Anderson,1984,2,3,27
76177,Cory Blackwell,1984,2,4,28
76861,Stuart Gray,1984,2,5,29
76316,Steve Burtt,1984,2,6,30
77670,Jay Murphy,1984,2,7,31
83123,Eric Turner,1984,2,8,32
306,Steve Colter,1984,2,9,33
83154,Tony Costner,1984,2,10,34
78578,Othell Wilson,1984,2,11,35
77178,Charles Jones,1984,2,12,36
76412,Ben Coleman,1984,2,13,37
78164,Charlie Sitton,1984,2,14,38
78633,Danny Young,1984,2,15,39
83261,Anthony Teachey,1984,2,16,40
78174,Tom Sluby,1984,2,17,41
78515,Willie White,1984,2,18,42
83171,Greg Wiltjer,1984,2,19,43
83160,Fred Reynolds,1984,2,20,44
77865,Gary Plummer,1984,2,21,45
760,Jerome Kersey,1984,2,22,46
83102,Ronnie Williams,1984,2,23,47
83137,James Banks,1984,3,1,48
83163,Tim Dillon,1984,3,2,49
77524,Ben McDonald,1984,3,3,50
77839,Jim Petersen,1984,3,4,51
83211,Terry Williams,1984,3,5,52
83161,Ricky Ross,1984,3,6,53
83130,Roosevelt Chapman,1984,3,7,54
83112,Lewis Jackson,1984,3,8,55
83129,Jeff Allen,1984,3,9,56
76167,Joe Binion,1984,3,10,57
83152,Bobby Parks,1984,3,11,58
83225,Murray Jarman,1984,3,12,59
83239,Leonard Mitchell,1984,3,13,60
76476,Jeff Cross,1984,3,14,61
77870,David Pope,1984,3,15,62
83195,Yommy Sangodeyi,1984,3,16,63
83103,Curtis Green,1984,3,17,64
83249,Tim Kearney,1984,3,18,65
83121,Kevin Springman,1984,3,19,66
83212,Vernon Delancy,1984,3,20,67
76855,Butch Graves,1984,3,21,68
83128,George Singleton,1984,3,22,69
76342,Rick Carlisle,1984,3,23,70
77107,Ralph Jackson,1984,4,1,71
83166,Melvin Johnson,1984,4,2,72
83234,Art Aaron,1984,4,3,73
83200,Willie Jackson,1984,4,4,74
83229,Marc Glass,1984,4,5,75
76844,Jim Grandholm,1984,4,6,76
83164,Mark Halsel,1984,4,7,77
83173,John Devereaux,1984,4,8,78
83184,Karl Tilleman,1984,4,9,79
77001,Carl Henry,1984,4,10,80
83145,Dickie Beal,1984,4,11,81
83219,Jeff Collins,1984,4,12,82
83206,Jeff Jenkins,1984,4,13,83
83258,John Horrocks,1984,4,14,84
83190,Hank Cornley,1984,4,15,85
78029,Jim Rowinski,1984,4,16,86
738,Bob Thornton,1984,4,17,87
83243,Brett Applegate,1984,4,18,88
83120,Phillip Smith,1984,4,19,89
77191,Ozell Jones,1984,4,20,90
83142,Earl Harrison,1984,4,21,91
83127,John Revelli,1984,4,22,92
83098,Kevin Mullin,1984,4,23,93
83188,Gene Smith,1984,5,1,94
83169,Lamont Robinson,1984,5,2,95
83237,Vince Hinchen,1984,5,3,96
83201,Al McClain,1984,5,4,97
83227,Alonza Allen,1984,5,5,98
83157,Cohn Irish,1984,5,6,99
83175,Eric Richardson,1984,5,7,100
83108,Steve Bartek,1984,5,8,101
83132,Jim Foster,1984,5,9,102
83180,Prince Bridges,1984,5,10,103
83149,Terry Martin,1984,5,11,104
83222,Bill Flye,1984,5,12,105
83208,Eli Pasquale,1984,5,13,106
83264,Dave Williams,1984,5,14,107
83254,Marcus Gaither,1984,5,15,108
83191,Michael Gerren,1984,5,16,109
83114,Scott McCollum,1984,5,17,110
83250,Mike Whitmarsh,1984,5,18,111
83116,Rick Doyle,1984,5,19,112
83213,Ernie Floyd,1984,5,20,113
83141,Dan Federman,1984,5,21,114
83124,Lance Berwald,1984,5,22,115
83099,Todd Orlando,1984,5,23,116
83189,Clyde Vaughn,1984,6,1,117
83170,Jeff Tipton,1984,6,2,118
83236,Matt Doherty,1984,6,3,119
78162,Mckinley Singleton,1984,6,4,120
83230,Phillip Haynes,1984,6,5,121
83153,Blaise Bugajeski,1984,6,6,122
83113,Tony Martin,1984,6,7,123
83172,Dion Brown,1984,6,8,124
83181,Willie Burton,1984,6,9,125
83136,Bruce Vanley,1984,6,10,126
83150,Jim Master,1984,6,11,127
83226,Herman Veal,1984,6,12,128
83209,Graylin Warner,1984,6,13,129
83257,LaVerne Evans,1984,6,14,130
83196,Oscar Schmidt,1984,6,15,131
83255,Chris Harrison,1984,6,16,132
78534,Eddielee Wilkins,1984,6,17,133
83244,Lance Ball,1984,6,18,134
83115,Rennie Bailey,1984,6,19,135
83216,Mike Reddick,1984,6,20,136
83144,Gary Springer,1984,6,21,137
83126,Keith Jones,1984,6,22,138
83095,Steve Carfino,1984,6,23,139
76637,Kent Edelin,1984,7,1,140
83165,Butch Hays,1984,7,2,141
83238,Joe Jakubick,1984,7,3,142
83199,Joedy Gardner,1984,7,4,143
83228,David Brantley,1984,7,5,144
83156,Tim Garrett,1984,7,6,145
83174,Michael Pitts,1984,7,7,146
83111,Cliff Higgins,1984,7,8,147
83133,Chip Harris,1984,7,9,148
83183,Mark Simpson,1984,7,10,149
83148,Vince Martello,1984,7,11,150
83221,Raymond Crenshaw,1984,7,12,151
83205,Gary Gatewood,1984,7,13,152
83263,George Turner,1984,7,14,153
83253,Bob Evans,1984,7,15,154
83193,Sean Kerins,1984,7,16,155
76094,Ken Bannister,1984,7,17,156
83242,Victor Anger,1984,7,18,157
83117,Barry Francisco,1984,7,19,158
83218,Tony William,1984,7,20,159
83139,Rich Congo,1984,7,21,160
83125,Richard Haenisch,1984,7,22,161
83101,Mark Van Valkenburg,1984,7,23,162
83187,Tom Heitz,1984,8,1,163
83162,Brett Crawford,1984,8,2,164
83235,Elliot Beard,1984,8,3,165
83203,Greg Wolff,1984,8,4,166
83231,Jim McLoughlin,1984,8,5,167
83159,Darryl Odom,1984,8,6,168
83110,Paul Brozovich,1984,8,7,169
83178,Dan Tarkanian,1984,8,8,170
83185,Bill Wendlandt,1984,8,9,171
83134,Nate Rollins,1984,8,10,172
83147,Robert Brown,1984,8,11,173
83223,Mark Fothergill,1984,8,12,174
83207,Jerry McMillan,1984,8,13,175
83260,Leroy Sutton,1984,8,14,176
83197,Chris Winans,1984,8,15,177
83251,Eric Booker,1984,8,16,178
83106,Ricky Tunstall,1984,8,17,179
83248,Steve Flint,1984,8,18,180
83119,Dale Roberts,1984,8,19,181
83215,Brad Jergenson,1984,8,20,182
83140,Frank Dobbs,1984,8,21,183
83097,Champ Godboldt,1984,8,22,184
77469,Brian Martin,1984,9,1,185
83168,Calvin Pierce,1984,9,2,186
83240,John Shimko,1984,9,3,187
83198,Bill Coon,1984,9,4,188
83233,Dave Schultz,1984,9,5,189
83155,Mike Emanuel,1984,9,6,190
83177,Melvin Roseboro,1984,9,7,191
83107,Mitch Arnold,1984,9,8,192
83135,Greg Turner,1984,9,9,193
83182,Cecil Exum,1984,9,10,194
83146,Fred Brown,1984,9,11,195
83220,Buddy Cox,1984,9,12,196
83210,Mike Williams,1984,9,13,197
83262,John Tudor,1984,9,14,198
83256,Kelly Knight,1984,9,15,199
83194,Billy Ryan,1984,9,16,200
83105,Marc Marotta,1984,9,17,201
83245,Dennis Black,1984,9,18,202
83122,Ben Tower,1984,9,19,203
83214,Edwin Green,1984,9,20,204
83143,Michael Mitchell,1984,9,21,205
83096,Joe Dixon,1984,9,22,206
83186,Gary Carver,1984,10,1,207
83167,Carl Lewis,1984,10,2,208
83241,Darrell Space,1984,10,3,209
83202,Robert Turner,1984,10,4,210
83232,Dick Mumma,1984,10,5,211
83158,Glynn Myrick,1984,10,6,212
83109,Tim Bell,1984,10,7,213
83176,Frank Rodriguez,1984,10,8,214
83179,Dexter Bailey,1984,10,9,215
83131,Victor Coleman,1984,10,10,216
83151,Doug Mills,1984,10,11,217
83224,Ezra Hill,1984,10,12,218
83204,Greg Brandon,1984,10,13,219
83259,Napoleon Johnson,1984,10,14,220
83192,Phil Jamison,1984,10,15,221
83252,Mike Curran,1984,10,16,222
83104,Mike Henderson,1984,10,17,223
83246,Randy Dunn,1984,10,18,224
83118,Dan Pelekoudas,1984,10,19,225
83217,Mike Toomer,1984,10,20,226
83138,Martin Clark,1984,10,21,227
83100,Dan Trant,1984,10,22,228
78055,Ralph Sampson,1983,1,1,1
78257,Steve Stipanovich,1983,1,2,2
1622,Rodney McCray,1983,1,3,3
2,Byron Scott,1983,1,4,4
76876,Sidney Green,1983,1,5,5
76478,Russell Cross,1983,1,6,6
1847,Thurl Bailey,1983,1,7,7
156,Antoine Carr,1983,1,8,8
107,Dale Ellis,1983,1,9,9
117,Jeff Malone,1983,1,10,10
157,Derek Harper,1983,1,11,11
78437,Darrell Walker,1983,1,12,12
941,Ennis Whatley,1983,1,13,13
17,Clyde Drexler,1983,1,14,14
76358,Howard Carter,1983,1,15,15
78279,Jon Sundvold,1983,1,16,16
77916,Leo Rautins,1983,1,17,17
76247,Randy Breuer,1983,1,18,18
77820,John Paxson,1983,1,19,19
77030,Roy Hinson,1983,1,20,20
1123,Greg Kite,1983,1,21,21
1456,Randy Wittman,1983,1,22,22
78523,Mitchell Wiggins,1983,1,23,23
76847,Stewart Granger,1983,1,24,24
77415,Sidney Lowe,1983,2,1,25
76425,Leroy Combs,1983,2,2,26
76791,John Garris,1983,2,3,27
76742,Rod Foster,1983,2,4,28
77588,Larry Micheaux,1983,2,5,29
770,Mark West,1983,2,6,30
470,Doc Rivers,1983,2,7,31
82982,Michael Britt,1983,2,8,32
77609,Dirk Minniefield,1983,2,9,33
78550,Guy Williams,1983,2,10,34
77399,Darrell Lockhart,1983,2,11,35
77518,Scooter McCray,1983,2,12,36
83008,David Russell,1983,2,13,37
77560,Chris McNealy,1983,2,14,38
78430,Granville Waiters,1983,2,15,39
78320,Jim Thomas,1983,2,16,40
83047,Ted Kitchel,1983,2,17,41
83042,Mike Davis,1983,2,18,42
77456,Pace Mannion,1983,2,19,43
83024,Horace Owens,1983,2,20,44
83060,Paul Williams,1983,2,21,45
78556,Kevin Williams,1983,2,22,46
82969,Ken Lyons,1983,2,23,47
378,Craig Ehlo,1983,3,1,48
83013,Greg Jones,1983,3,2,49
78332,Paul Thompson,1983,3,3,50
83059,Derek Whittenburg,1983,3,4,51
82930,Winfred King,1983,3,5,52
77047,Michael Holton,1983,3,6,53
76942,Bob Hansen,1983,3,7,54
82952,Erich Santifer,1983,3,8,55
83065,Larry Anderson,1983,3,9,56
76543,Darren Daye,1983,3,10,57
77861,John Pinone,1983,3,11,58
77318,Bruce Kuczenski,1983,3,12,59
82960,Steve Harriel,1983,3,13,60
83005,David Little,1983,3,14,61
77863,Tom Piotrowski,1983,3,15,62
83034,Frank Burnell,1983,3,16,63
82971,Claude Riley,1983,3,17,64
83043,Billy Goodwin,1983,3,18,65
83068,Les Craft,1983,3,19,66
83070,Derrick Hord,1983,3,20,67
82934,Craig Robinson,1983,3,21,68
82957,Orlando Phillips,1983,3,22,69
82973,Dan Ruland,1983,3,23,70
83029,Darrell Browder,1983,4,1,71
83012,Terry Fair,1983,4,2,72
83071,Dwight Jones,1983,4,3,73
82974,Kalpatrick Wells,1983,4,4,74
76469,Ron Crevier,1983,4,5,75
83082,Doug Arnold,1983,4,6,76
78311,Peter Thibeaux,1983,4,7,77
82947,Steve Bouchie,1983,4,8,78
83092,Johnny Martin,1983,4,9,79
82985,Dan Gay,1983,4,10,80
82979,Harry Kelley,1983,4,11,81
2891,Mark Jones,1983,4,12,82
83004,York Gross,1983,4,13,83
82963,Mike Jackson,1983,4,14,84
83076,Tim Dunham,1983,4,15,85
83035,Pete DeBisschop,1983,4,16,86
83021,Barney Mines,1983,4,17,87
83048,Mark Nickens,1983,4,18,88
83056,Sam Mosley,1983,4,19,89
78484,Brant Weidner,1983,4,20,90
76398,Carlos Clark,1983,4,21,91
82955,Terry Lewis,1983,4,22,92
82972,Craig Robinson,1983,4,23,93
83027,Chuck Barnett,1983,5,1,94
83018,Roger Stieg,1983,5,2,95
83072,Chris Logan,1983,5,3,96
76195,Manute Bol,1983,5,4,97
82990,Tim Andree,1983,5,5,98
82944,Greg Hines,1983,5,6,99
83083,Matt Clark,1983,5,7,100
76074,Ken Austin,1983,5,8,101
77333,Jim Lampley,1983,5,9,102
82984,Robin Dixon,1983,5,10,103
82978,Charles Jones,1983,5,11,104
82938,Troy Lee Mikell,1983,5,12,105
82959,Lorenza Andrews,1983,5,13,106
83002,James Braddock,1983,5,14,107
83079,Gary Monroe,1983,5,15,108
83039,Brad Watson,1983,5,16,109
83023,Tyren Naulls,1983,5,17,110
83049,Mark Petteway,1983,5,18,111
83000,Jeff Pehl,1983,5,19,112
83055,Rick Lamb,1983,5,20,113
82932,Bob Reitz,1983,5,21,114
82954,Danny Dixon,1983,5,22,115
82970,Mike Milligan,1983,5,23,116
83032,Jim Stack,1983,6,1,117
83016,Cliff Pruitt,1983,6,2,118
83073,Mel McLaughlin,1983,6,3,119
83050,Russell Todd,1983,6,4,120
82995,Ernest Patterson,1983,6,5,121
83084,Fred Gilliam,1983,6,6,122
82943,Tom Heywood,1983,6,7,123
82950,Derek Perry,1983,6,8,124
83089,Billy Allen,1983,6,9,125
82983,Donald Carroll,1983,6,10,126
82975,Tom Bethea,1983,6,11,127
82940,Tony Simms,1983,6,12,128
83003,Glenn Green,1983,6,13,129
82965,Alvis Rogers,1983,6,14,130
83080,Derrick Pope,1983,6,15,131
83040,Tony Wilson,1983,6,16,132
83026,Oscar Taylor,1983,6,17,133
83045,Charles Hurt,1983,6,18,134
83052,Edward Bona,1983,6,19,135
82999,Ricky Hooker,1983,6,20,136
82927,Paul Atkins,1983,6,21,137
82958,Mark Steele,1983,6,22,138
9,Sedale Threatt,1983,6,23,139
83031,Brian Kellerman,1983,7,1,140
83011,Tony Brown,1983,7,2,141
83067,John Columbo,1983,7,3,142
83061,Dan Evans,1983,7,4,143
82993,Jacque Hill,1983,7,5,144
82945,Peter Williams,1983,7,6,145
83085,Joe Kazanowski,1983,7,7,146
82948,Rob Gonzalez,1983,7,8,147
83094,Terrell Schlundt,1983,7,9,148
82989,Danny Womack,1983,7,10,149
82977,Lex Drum,1983,7,11,150
82935,Desi Barimore,1983,7,12,151
78281,Dane Suttle,1983,7,13,152
83007,Maurice McDaniel,1983,7,14,153
83078,Paul Little,1983,7,15,154
83036,Tony Gattis,1983,7,16,155
83019,Keith Bennett,1983,7,17,156
83044,Anthony Hicks,1983,7,18,157
83001,Keith Williams,1983,7,19,158
83053,Fred Brown,1983,7,20,159
82928,Ron Jackson,1983,7,21,160
82956,Ricky Mixon,1983,7,22,161
82967,Tony Bruin,1983,7,23,162
83028,Jeff Bolding,1983,8,1,163
83014,Ray McCallum,1983,8,2,164
83074,Larry Tucker,1983,8,3,165
83062,Mark Gannon,1983,8,4,166
82991,Terry Bradley,1983,8,5,167
83086,Michael McCombs,1983,8,6,168
82942,Doug Harris,1983,8,7,169
82953,George Wenzel,1983,8,8,170
83093,Bill Sadler,1983,8,9,171
82987,Bernard Perry,1983,8,10,172
82981,George Thomas,1983,8,11,173
82937,Mike Lang,1983,8,12,174
83009,Cliff Tribus,1983,8,13,175
82964,Preston Neumayr,1983,8,14,176
83081,Frank Smith,1983,8,15,177
83037,Ray Smith,1983,8,16,178
83022,Joe Myers,1983,8,17,179
83041,Brett Burkholder,1983,8,18,180
83057,Mike Mulquin,1983,8,19,181
82996,Norville Brown,1983,8,20,182
82929,Trent Johnson,1983,8,21,183
82966,Gordon Austin,1983,8,22,184
83030,James Campbell,1983,9,1,185
83015,Lynn Mitchem,1983,9,2,186
83066,Joe Brown,1983,9,3,187
83063,David Maxwell,1983,9,4,188
82994,Ray Orange,1983,9,5,189
82941,Greg Goorjiam,1983,9,6,190
83088,Ron Webb,1983,9,7,191
82949,Marlow McLain,1983,9,8,192
83090,Sherrod Arnold,1983,9,9,193
82986,Ricky Moreland,1983,9,10,194
82980,Wil Kotchery,1983,9,11,195
82936,Charles Jones,1983,9,12,196
82962,Bernard Hill,1983,9,13,197
83010,Bobby Van Noy,1983,9,14,198
83077,Phil Hopson,1983,9,15,199
83038,Tony Washington,1983,9,16,200
83020,Kevin Black,1983,9,17,201
83051,Bill Varner,1983,9,18,202
82997,Gary Gaspard,1983,9,19,203
83054,Joe Dykstra,1983,9,20,204
82933,John Rice,1983,9,21,205
82968,Charles Fisher,1983,9,22,206
83017,Mark Smed,1983,10,1,207
83069,Jon Hanley,1983,10,2,208
83064,Keith Smith,1983,10,3,209
82992,Tom Emma,1983,10,4,210
83087,Odell Mosteller,1983,10,5,211
82946,Michael Zeno,1983,10,6,212
82951,Ike Person,1983,10,7,213
83091,Clyde Corley,1983,10,8,214
82988,Isiah Singletary,1983,10,9,215
82976,Ronnie Carr,1983,10,10,216
82939,Bernard Randolph,1983,10,11,217
83006,Cleveland McCrae,1983,10,12,218
82961,Aaron Haskins,1983,10,13,219
83075,Russ Christianson,1983,10,14,220
83033,David Binion,1983,10,15,221
83025,Rich Simkus,1983,10,16,222
83046,Bob Kelly,1983,10,17,223
83058,Bo Overton,1983,10,18,224
82998,Lamar Heard,1983,10,19,225
82931,Andy Kupec,1983,10,20,226
1460,James Worthy,1982,1,1,1
187,Terry Cummings,1982,1,2,2
1122,Dominique Wilkins,1982,1,3,3
76785,Bill Garnett,1982,1,4,4
78,LaSalle Thompson,1982,1,5,5
78375,Trent Tucker,1982,1,6,6
76497,Quintin Dailey,1982,1,7,7
77236,Clark Kellogg,1982,1,8,8
77377,Cliff Levingston,1982,1,9,9
76638,Keith Edmonson,1982,1,10,10
77376,Lafayette Lever,1982,1,11,11
76082,John Bagley,1982,1,12,12
76726,Sleepy Floyd,1982,1,13,13
76431,Lester Conner,1982,1,14,14
78314,David Thirdkill,1982,1,15,15
78304,Terry Teagle,1982,1,16,16
78250,Brook Steppe,1982,1,17,17
894,Ricky Pierce,1982,1,18,18
78565,Rob Williams,1982,1,19,19
77879,Paul Pressey,1982,1,20,20
77854,Eddie Phillips,1982,1,21,21
77558,Mark McNamara,1982,1,22,22
78343,Darren Tillis,1982,1,23,23
77994,Oliver Robinson,1982,2,1,24
78462,Bryan Warrick,1982,2,2,25
82836,Ricky Frazier,1982,2,3,26
122,Fred Roberts,1982,2,4,27
77442,Dave Magley,1982,2,5,28
76968,Scott Hastings,1982,2,6,29
76291,Wallace Bryant,1982,2,7,30
77019,Rod Higgins,1982,2,8,31
76045,Richard Anderson,1982,2,9,32
78364,Linton Townes,1982,2,10,33
78303,Vince Taylor,1982,2,11,34
78183,Derek Smith,1982,2,12,35
76043,Mitchell Anderson,1982,2,13,36
77731,Audie Norris,1982,2,14,37
78062,Wayne Sappleton,1982,2,15,38
82889,Kevin Magee,1982,2,16,39
77640,Guy Morgan,1982,2,17,40
76037,Dwight Anderson,1982,2,18,41
78299,Jeff Taylor,1982,2,19,42
78172,Jose Slaughter,1982,2,20,43
76810,Mike Gibson,1982,2,21,44
78087,Russ Schoene,1982,2,22,45
82770,Tony Guy,1982,2,23,46
78581,Mike Wilson,1982,3,1,47
77034,Craig Hodges,1982,3,2,48
82919,Steve Trumbo,1982,3,3,49
78325,Corny Thompson,1982,3,4,50
77171,Jim Johnstone,1982,3,5,51
82775,Dan Caldwell,1982,3,6,52
82831,Tyrone Adams,1982,3,7,53
77203,Willie Jones,1982,3,8,54
76632,Jerry Eaves,1982,3,9,55
77300,Joe Kopicki,1982,3,10,56
82782,Craig Tucker,1982,3,11,57
82826,Mike Largey,1982,3,12,58
82863,Jimmy Black,1982,3,13,59
76670,Chris Engler,1982,3,14,60
77864,Charlie Pittman,1982,3,15,61
82848,Roylin Bond,1982,3,16,62
77707,Chuck Nevitt,1982,3,17,63
82843,Willie Redden,1982,3,18,64
76885,John Greig,1982,3,19,65
82907,Phillip Lockett,1982,3,20,66
82798,Mike Hackett,1982,3,21,67
82815,Dale Solomon,1982,3,22,68
77654,Perry Moss,1982,3,23,69
82899,Reggie Hannah,1982,4,1,70
82893,Darius Clemons,1982,4,2,71
76631,Mark Eaton,1982,4,3,72
82926,Rudy Woods,1982,4,4,73
78059,Mike Sanders,1982,4,5,74
82774,Norm Anchrum,1982,4,6,75
76021,Chuck Aleksinas,1982,4,7,76
82857,Jeff Jones,1982,4,8,77
78048,Walker Russell,1982,4,9,78
82911,Eric Smith,1982,4,10,79
82866,James Griffin,1982,4,11,80
82825,Dino Gregory,1982,4,12,81
76268,Tony Brown,1982,4,13,82
82786,Ken Stancell,1982,4,14,83
82854,Alford Turner,1982,4,15,84
82871,Andre Gaddy,1982,4,16,85
78512,Rory White,1982,4,17,86
82840,Tony Grier,1982,4,18,87
82877,Ken Owens,1982,4,19,88
82881,Jerry Beck,1982,4,20,89
82799,Craig McCormick,1982,4,21,90
82808,Bruce Atkins,1982,4,22,91
82772,Greg Stewart,1982,4,23,92
82904,Terry White,1982,5,1,93
82892,Gary Carter,1982,5,2,94
82918,Mike McKay,1982,5,3,95
82920,Ken Arnold,1982,5,4,96
82806,Ken Simpson,1982,5,5,97
82776,Aaron Howard,1982,5,6,98
82837,Rubin Jackson,1982,5,7,99
82856,Rich DiBenedetto,1982,5,8,100
82791,John Ebeling,1982,5,9,101
82818,Mark Hall,1982,5,10,102
82910,Cherokee Rhone,1982,5,11,103
82823,Clarence Dickerson,1982,5,12,104
82865,Chris Giles,1982,5,13,105
82783,Albert Irving,1982,5,14,106
82873,Jeff Schneider,1982,5,15,107
82890,Marvin McCrary,1982,5,16,108
82850,Bill Duffy,1982,5,17,109
82844,Clarence Swannegan,1982,5,18,110
82876,Rod Camp,1982,5,19,111
82822,Jerry Davis,1982,5,20,112
82800,Howard McNeill,1982,5,21,113
82812,Donald Mason,1982,5,22,114
82767,William Brown,1982,5,23,115
82902,Vince Reynolds,1982,6,1,116
82895,Eric Marbury,1982,6,2,117
82917,Alvin Jackson,1982,6,3,118
82925,Wayne Waggoner,1982,6,4,119
82807,Poncho Wright,1982,6,5,120
82777,Mike Kanieski,1982,6,6,121
82835,B. B. Fontenet,1982,6,7,122
82855,Jeff Clark,1982,6,8,123
82792,Gary Holmes,1982,6,9,124
82905,Leo Cunningham,1982,6,10,125
82817,Jay Bruchak,1982,6,11,126
82830,Byron Williams,1982,6,12,127
82864,Mel Daniel,1982,6,13,128
82787,David Vann,1982,6,14,129
82886,Jake Bethany,1982,6,15,130
82849,Chris Brust,1982,6,16,131
82874,Don Wilson,1982,6,17,132
82842,Jaime Pena,1982,6,18,133
82878,Bobby Potts,1982,6,19,134
82882,Tony Carr,1982,6,20,135
82801,Lynden Rose,1982,6,21,136
82809,Kevin Boyle,1982,6,22,137
78093,John Schweitz,1982,6,23,138
82901,Randy Reed,1982,7,1,139
77077,Eddie Hughes,1982,7,2,140
82916,Thad Gardner,1982,7,3,141
82922,Bob Grady,1982,7,4,142
82805,Perry Range,1982,7,5,143
82780,Phil Seymore,1982,7,6,144
82838,Chuck Verderber,1982,7,7,145
82858,Brad Leaf,1982,7,8,146
82793,Dean Marquardt,1982,7,9,147
82821,Horace Wyatt,1982,7,10,148
82908,Terry Long,1982,7,11,149
82824,Wendell Gibson,1982,7,12,150
82862,Tony Anderson,1982,7,13,151
82788,Matt Waldron,1982,7,14,152
82847,Jeb Barlow,1982,7,15,153
82872,Mike Helms,1982,7,16,154
82891,Phil Ward,1982,7,17,155
82845,Delonte Taylor,1982,7,18,156
82879,Allen Rayhorn,1982,7,19,157
82880,Bobby Austin,1982,7,20,158
82802,Maurice Williams,1982,7,21,159
82811,Keith Hilliard,1982,7,22,160
82768,Phil Collins,1982,7,23,161
82900,Monty Knight,1982,8,1,162
82897,Jacques Tuz,1982,8,2,163
82913,Rick Campbell,1982,8,3,164
82924,Keith Peterson,1982,8,4,165
77697,Ed Nealy,1982,8,5,166
82781,Dan Terwilliger,1982,8,6,167
82833,Mike Burns,1982,8,7,168
82859,Donald Reese,1982,8,8,169
82794,Brian Nyenhuis,1982,8,9,170
82909,Dave Porter,1982,8,10,171
82820,James Ratiff,1982,8,11,172
82827,Ken Luck,1982,8,12,173
82867,Otis Jackson,1982,8,13,174
82784,Mark King,1982,8,14,175
82870,Dan Callandrillo,1982,8,15,176
82887,Rick Elrod,1982,8,16,177
82853,Donny Speer,1982,8,17,178
82839,Chris Faggi,1982,8,18,179
82875,Steve Burks,1982,8,19,180
82884,Bryan Leonard,1982,8,20,181
82796,Micah Blunt,1982,8,21,182
82814,Donald Seals,1982,8,22,183
82771,Ed Spriggs,1982,8,23,184
82898,Tony Hafley,1982,9,1,185
82894,John Hegwood,1982,9,2,186
82914,Riley Clarida,1982,9,3,187
82923,Ralph McPherson,1982,9,4,188
82804,Jack Moore,1982,9,5,189
82779,Merle Scott,1982,9,6,190
82834,Skip Dillard,1982,9,7,191
82860,Mike Scearce,1982,9,8,192
82795,Kevin Smith,1982,9,9,193
82816,Pierre Bland,1982,9,10,194
82906,Mark Dearborn,1982,9,11,195
82829,James Terry,1982,9,12,196
82868,Gary Johnson,1982,9,13,197
82785,Nick Morken,1982,9,14,198
82888,Ken Lyles,1982,9,15,199
82852,Dean Sears,1982,9,16,200
82841,Harry O'Brien,1982,9,17,201
82885,Robert Tate,1982,9,18,202
82797,Tim Byrne,1982,9,19,203
82813,George Melton,1982,9,20,204
82769,Panayoti Giannakis,1982,9,21,205
82903,Durand Walker,1982,10,1,206
82896,Daryl Stovall,1982,10,2,207
82915,Michael Edwards,1982,10,3,208
82921,Albert Culton,1982,10,4,209
82803,Robert Estes,1982,10,5,210
82778,John Leonard,1982,10,6,211
82832,Tony Britto,1982,10,7,212
82861,Craig Summers,1982,10,8,213
82790,David Coulthard,1982,10,9,214
82912,Grant Taylor,1982,10,10,215
82819,Ronnie McAdoo,1982,10,11,216
82828,Donald Sinclair,1982,10,12,217
82869,Sean Tuohy,1982,10,13,218
82789,Randy Whieldon,1982,10,14,219
82851,Mike Phillips,1982,10,15,220
78538,Dale Wilkinson,1982,10,16,221
82846,Keith White,1982,10,17,222
82883,Bob Coenen,1982,10,18,223
82810,Randy Burkert,1982,10,20,224
82773,Landon Turner,1982,10,21,225
76016,Mark Aguirre,1981,1,1,1
78318,Isiah Thomas,1981,1,2,2
433,Buck Williams,1981,1,3,3
78610,Al Wood,1981,1,4,4
78423,Danny Vranes,1981,1,5,5
78615,Orlando Woolridge,1981,1,6,6
77134,Steve Johnson,1981,1,7,7
1472,Tom Chambers,1981,1,8,8
76176,Rolando Blackman,1981,1,9,9
77263,Albert King,1981,1,10,10
77146,Frank Johnson,1981,1,11,11
78369,Kelly Tripucka,1981,1,12,12
7,Dan Schayes,1981,1,13,13
1006,Herb Williams,1981,1,14,14
77332,Jeff Lamp,1981,1,15,15
78395,Darnell Valentine,1981,1,16,16
77401,Kevin Loder,1981,1,17,17
78348,Ray Tolbert,1981,1,18,18
77530,Mike McGee,1981,1,19,19
77685,Larry Nance,1981,1,20,20
175,Alton Lister,1981,1,21,21
76641,Franklin Edwards,1981,1,22,22
76230,Charles Bradley,1981,1,23,23
78418,Jay Vincent,1981,2,1,24
77110,Tracy Jackson,1981,2,2,25
82749,Brian Jackson,1981,2,3,26
78609,Howard Wood,1981,2,4,27
76093,Gene Banks,1981,2,5,28
698,Eddie Johnson,1981,2,6,29
77904,Ed Rains,1981,2,7,30
76017,Danny Ainge,1981,2,8,31
82678,Mike Olliver,1981,2,9,32
78569,Samuel Williams,1981,2,10,33
76868,Ken Green,1981,2,11,34
76518,Charlie Davis,1981,2,12,35
76189,Ray Blume,1981,2,13,36
82697,Al Leslie,1981,2,14,37
82658,Clyde Bradshaw,1981,2,15,38
82636,Harvey Knuckles,1981,2,16,39
82612,Greg Cook,1981,2,17,40
76884,Claude Gregory,1981,2,18,41
82638,Elvis Rolle,1981,2,19,42
78378,Elston Turner,1981,2,20,43
77389,Steve Lingenfelter,1981,2,21,44
82711,Ed Turner,1981,2,22,45
82654,Vernon Smith,1981,2,23,46
82764,Art Housey,1981,3,1,47
82668,Mike Ferrara,1981,3,2,48
76307,David Burns,1981,3,3,49
82748,Derek Holcomb,1981,3,4,50
82635,Zam Fredrick,1981,3,5,51
77435,Rudy Macklin,1981,3,6,52
77896,Mark Radford,1981,3,7,53
78191,Jim Smith,1981,3,8,54
76569,Mickey Dillard,1981,3,9,55
82623,Carlton Neverson,1981,3,10,56
783,Frank Brickowski,1981,3,11,57
82642,Curtis Berry,1981,3,12,58
82738,Russell Bowers,1981,3,13,59
82699,Purvis Miller,1981,3,14,60
76901,Petur Gudmundsson,1981,3,15,61
82723,Sam Clancy,1981,3,16,62
82615,Wayne McKoy,1981,3,17,63
82680,Tom Baker,1981,3,18,64
82634,Ron Cornelius,1981,3,19,65
76625,Craig Dykema,1981,3,20,66
82721,Mark Smith,1981,3,21,67
82652,Ernest Graham,1981,3,22,68
82604,John Johnson,1981,3,23,69
82766,Eddie Moss,1981,4,1,70
82631,John May,1981,4,2,71
78136,Edmund Sherod,1981,4,3,72
82758,George Torres,1981,4,4,73
82740,Ethan Martin,1981,4,5,74
82659,Kevin Figaro,1981,4,6,75
77395,Lewis Lloyd,1981,4,7,76
82736,Lee Raker,1981,4,8,77
76556,Kenny Dennard,1981,4,9,78
82667,Ron Davis,1981,4,10,79
82619,Terry Adolph,1981,4,11,80
78233,Larry Spriggs,1981,4,12,81
82643,B. B. Davis,1981,4,13,82
82694,Rolando Frazier,1981,4,14,83
82674,Oliver Lee,1981,4,15,84
78414,Peter Verhoeven,1981,4,16,85
76228,Alex Bradley,1981,4,17,86
82682,Earl Belcher,1981,4,18,87
77541,Kevin McKenna,1981,4,19,88
82629,Don Koonce,1981,4,20,89
82715,Kris Anderson,1981,4,21,90
82610,Stanley Williams,1981,4,22,91
82657,Rynn Wright,1981,4,23,92
82761,Pete Budko,1981,5,1,93
82628,George DeVone,1981,5,2,94
76443,Joe Cooper,1981,5,3,95
82741,Ken Page,1981,5,4,96
82753,Mike Clark,1981,5,5,97
82661,Steve Krafscisin,1981,5,6,98
82713,Andra Griffin,1981,5,7,99
82732,Dennis Isbell,1981,5,8,100
82691,Willie Sims,1981,5,9,101
77527,Hank McDowell,1981,5,10,102
78605,Garry Witts,1981,5,11,103
82645,U. S. Reed,1981,5,12,104
82710,Hasan Houston,1981,5,13,105
82700,George Peterson,1981,5,14,106
82745,Herb Andrew,1981,5,15,107
82677,Johnny Nash,1981,5,16,108
82618,Jim Wright,1981,5,17,109
82686,Mike Rhodes,1981,5,18,110
82641,Craig Watts,1981,5,19,111
82725,Paul Heuerman,1981,5,20,112
82722,Kelvin Troy,1981,5,21,113
82649,Steve Craig,1981,5,22,114
82603,Glen Grunwald,1981,5,23,115
82759,Karl Bakowski,1981,6,1,116
82627,Vince Brookins,1981,6,2,117
82702,Kevin Lynam,1981,6,3,118
82757,Kevin Sprewer,1981,6,4,119
82744,Aaron Strayhorn,1981,6,5,120
82665,Darryl Warwick,1981,6,6,121
82712,Earl Banks,1981,6,7,122
82735,Mike Pepper,1981,6,8,123
82692,Alonzo Weatherley,1981,6,9,124
82672,Robert Williams,1981,6,10,125
82625,Carter Scott,1981,6,11,126
82708,Fred Cowan,1981,6,12,127
82647,Brian Walker,1981,6,13,128
82695,Robert Fronk,1981,6,14,129
76304,Roger Burkman,1981,6,15,130
82746,Roshern Arnie,1981,6,16,131
82611,John Blair,1981,6,17,132
82687,Norman Shavers,1981,6,18,133
82639,Kevin Singleton,1981,6,19,134
82724,Pete Harris,1981,6,20,135
82718,Jo Jo Hunter,1981,6,21,136
82609,Steve Waite,1981,6,22,137
82655,Michael Thomas,1981,6,23,138
82762,Danny Davis,1981,7,1,139
82632,Greg Nance,1981,7,2,140
82703,Rod Robertson,1981,7,3,141
82743,Andre Smith,1981,7,4,142
82756,Mike Robinson,1981,7,5,143
82664,Kevin Vesey,1981,7,6,144
82714,Tom Sienkiewicz,1981,7,7,145
82733,Randy Johnson,1981,7,8,146
82689,Greg Manning,1981,7,9,147
82621,Robby Dosty,1981,7,10,148
82670,Randy Martel,1981,7,11,149
78504,Clinton Wheeler,1981,7,12,150
82709,Joe Faine,1981,7,13,151
82698,Larry McKinney,1981,7,14,152
82751,Julius Wayne,1981,7,15,153
82679,Scott Williams,1981,7,16,154
82613,Terry Cramer,1981,7,17,155
82685,Mark Minderman,1981,7,18,156
82637,Larry Petty,1981,7,19,157
82729,David Williams,1981,7,20,158
82719,Lewis Latimore,1981,7,21,159
82650,John Crawford,1981,7,22,160
82608,Tom Seaman,1981,7,23,161
82765,David Kennedy,1981,8,1,162
82633,Joe Schoen,1981,8,2,163
82705,Ken Webb,1981,8,3,164
76368,Bobby Cattage,1981,8,4,165
82739,Glen Marcus,1981,8,5,166
82662,Gilbert Salinas,1981,8,6,167
82731,Todd Haynes,1981,8,7,168
82690,Curtis Redding,1981,8,8,169
82669,Mike Howard,1981,8,9,170
82624,Yasutaka Okayama,1981,8,10,171
82707,Stanley Brewer,1981,8,11,172
82646,Randy Smithson,1981,8,12,173
82696,Len Hatzenbeller,1981,8,13,174
82676,Ben Mitchell,1981,8,14,175
82750,John Smith,1981,8,15,176
82616,Brian O'Connor,1981,8,16,177
82681,Bob Bartholomew,1981,8,17,178
82640,Jay Triano,1981,8,18,179
82727,Steve Risley,1981,8,19,180
82716,Mike Brkovich,1981,8,20,181
82607,George Morrow,1981,8,21,182
82651,Frank Gilroy,1981,8,22,183
82763,John Hollinden,1981,9,1,184
82626,Eddie Baker,1981,9,2,185
82706,Rudy Williams,1981,9,3,186
82742,Paul Roba,1981,9,4,187
82755,Ken Ollie,1981,9,5,188
82663,Howard Thompkins,1981,9,6,189
82734,Art Jones,1981,9,7,190
82688,Andrew Burton,1981,9,8,191
82622,Doug Murrey,1981,9,9,192
82666,Eddie Brown,1981,9,10,193
82644,Mike Perry,1981,9,11,194
82701,Scott Whitley,1981,9,12,195
82752,Sid Williams,1981,9,13,196
82675,Terry Martin,1981,9,14,197
82614,Marty Headd,1981,9,15,198
82684,Leonel Marquetti,1981,9,16,199
82726,Brian Johnson,1981,9,17,200
82720,Chip Rucker,1981,9,18,201
82656,Ron Wister,1981,9,19,202
82606,Greg McCray,1981,9,20,203
82760,Scott Bosanko,1981,10,1,204
82630,Melvin Maxwell,1981,10,2,205
82704,Vic Sison,1981,10,3,206
82754,Joe Merten,1981,10,4,207
82737,Greg Boone,1981,10,5,208
82660,Mike Frazier,1981,10,6,209
82730,Tony Gwynn,1981,10,7,210
78030,Derrick Rowland,1981,10,8,211
82671,Ralton Way,1981,10,9,212
82620,Barry Brooks,1981,10,10,213
82648,Mark Wilson,1981,10,12,214
82693,Rodney Benson,1981,10,13,215
82673,Kenny Easley,1981,10,14,216
82747,Steve Cochran,1981,10,15,217
82617,Kevin Rogers,1981,10,16,218
82683,Alvin Brooks,1981,10,17,219
82728,Felton Sealey,1981,10,19,220
82717,Artie Green,1981,10,20,221
82605,Ken Matthews,1981,10,21,222
82653,Pete Mullenberg,1981,10,22,223
76353,Joe Barry Carroll,1980,1,1,1
76890,Darrell Griffith,1980,1,2,2
1450,Kevin McHale,1980,1,3,3
77911,Kelvin Ransey,1980,1,4,4
77920,Jamesearl Ray,1980,1,5,5
77754,Mike O'Koren,1980,1,6,6
76826,Mike Gminski,1980,1,7,7
78351,Andrew Toney,1980,1,8,8
76266,Michael Brooks,1980,1,9,9
77373,Ronnie Lester,1980,1,10,10
78404,Kiki Vandeweghe,1980,1,11,11
78614,Mike Woodson,1980,1,12,12
76283,Rickey Brown,1980,1,13,13
77484,Wes Matthews,1980,1,14,14
77163,Reggie Johnson,1980,1,15,15
78519,Charles Whitney,1980,1,16,16
76599,Larry Drew,1980,1,17,17
76418,Don Collins,1980,1,18,18
76619,John Duren,1980,1,19,19
76944,Bill Hanzlik,1980,1,20,20
76520,Monti Davis,1980,1,21,21
77262,Chad Kinch,1980,1,22,22
77715,Carl Nicks,1980,1,23,23
78195,Larry Smith,1980,2,1,24
78041,Jeff Ruland,1980,2,2,25
78618,Sam Worthen,1980,2,3,26
78274,John Stroud,1980,2,4,27
78132,Craig Shelton,1980,2,5,28
77770,Louis Orr,1980,2,6,29
77692,Kenny Natt,1980,2,7,30
77996,Wayne Robinson,1980,2,8,31
82587,David Lawrence,1980,2,9,32
82584,Bruce Collins,1980,2,10,33
82597,Roosevelt Bouie,1980,2,11,34
328,Rick Mahorn,1980,2,12,35
78068,Dewayne Scales,1980,2,13,36
76355,Butch Carter,1980,2,14,37
82546,Terry Stotts,1980,2,15,38
78527,Michael Wiley,1980,2,16,39
77602,Dick Miller,1980,2,17,40
77757,Jawann Oldham,1980,2,18,41
82561,Kimberly Belton,1980,2,19,42
82547,Billy Williams,1980,2,20,43
82488,Clyde Austin,1980,2,21,44
76239,Brad Branson,1980,2,22,45
82454,Arnette Hallman,1980,2,23,46
77719,Kurt Nimphius,1980,3,1,47
82526,Eddie Lee,1980,3,2,48
82474,John Virgil,1980,3,3,49
78533,James Wilkes,1980,3,4,50
78396,Ron Valentine,1980,3,5,51
77635,Lowes Moore,1980,3,6,52
82578,Stuart House,1980,3,7,53
79733,Ron Perry,1980,3,8,54
82573,Wayne Abrams,1980,3,9,55
76954,Mike Harper,1980,3,10,56
76261,David Britton,1980,3,11,57
77905,Kurt Rambis,1980,3,12,58
82562,John Campbell,1980,3,13,59
82518,Lavon Mercer,1980,3,14,60
78632,Rich Yonakor,1980,3,15,61
82487,Tony Murphy,1980,3,16,62
82553,Al Beal,1980,3,17,63
82477,Jonathan Moore,1980,3,18,64
82568,Doug TRUE,1980,3,19,65
76084,Carl Bailey,1980,3,20,66
82491,Reggie Gaines,1980,3,21,67
82579,Ron Jones,1980,3,22,68
82459,Donald Newman,1980,3,23,69
76435,Darwin Cook,1980,4,1,70
82473,Robert Scott,1980,4,2,71
82595,Alan Taylor,1980,4,3,72
82523,Sammie Ellis,1980,4,4,73
82511,Ron Charles,1980,4,5,74
600009,Rory Sparrow,1980,4,6,75
82571,Ed Odom,1980,4,7,76
82575,Murray Brown,1980,4,8,77
82531,Rich Branning,1980,4,9,78
82585,Kelvin Henderson,1980,4,10,79
82600,David Johnson,1980,4,11,80
82506,Francois Wise,1980,4,12,81
82463,Joseph Chmelich,1980,4,13,82
82519,Calvin Roberts,1980,4,14,83
82542,Dean Hunger,1980,4,15,84
82489,Billy Bryant,1980,4,16,85
82559,Jeff Wolf,1980,4,17,86
77100,Tony Jackson,1980,4,18,87
82566,Leroy Stampley,1980,4,19,88
82550,Gary Ray Hooker,1980,4,20,89
82494,Harold Hubbard,1980,4,21,90
82480,Ron Baxter,1980,4,22,91
82455,Kevin Hamilton,1980,4,23,92
76765,Tony Fuller,1980,5,1,93
82596,Wally West,1980,5,2,94
82470,Don Carlino,1980,5,3,95
82510,Mike Campbell,1980,5,4,96
82527,James Patrick,1980,5,5,97
82537,Aaron Curry,1980,5,6,98
77910,Wally Rank,1980,5,7,99
82532,Joe Galvin,1980,5,8,100
82581,LaVon Williams,1980,5,9,101
82582,Larry Belin,1980,5,10,102
76030,Darrell Allums,1980,5,11,103
82462,William Carey,1980,5,12,104
82504,Daryl Strickland,1980,5,13,105
82544,Albert Jones,1980,5,14,106
82517,Gib Hinz,1980,5,15,107
82483,Kevin Blakley,1980,5,16,108
82556,Ken Jones,1980,5,17,109
82498,Mike Doyle,1980,5,18,110
82567,Mark Stevens,1980,5,19,111
82551,Lenny Horton,1980,5,20,112
82497,Jim Swaney,1980,5,21,113
82355,Rick Raivio,1980,5,22,114
82457,Rufus Harris,1980,5,23,115
82479,Tony Turner,1980,6,1,116
82469,Neil Bresnahan,1980,6,2,117
82593,Ken Cunningham,1980,6,3,118
82525,Ernie Hill,1980,6,4,119
82514,Bernard Rencher,1980,6,5,120
82538,Rick Mattick,1980,6,6,121
82572,Londale Theus,1980,6,7,122
82580,Antonio Martin,1980,6,8,123
82534,Randy Owens,1980,6,9,124
82588,Perry Mirkovich,1980,6,10,125
82599,Leroy Jackson,1980,6,11,126
82502,Ken Dancy,1980,6,12,127
82464,Kelvin Hicks,1980,6,13,128
82520,Dean Uthoff,1980,6,14,129
82543,Everette Jefferson,1980,6,15,130
82485,Trent Grooms,1980,6,16,131
82555,Alex Gilbert,1980,6,17,132
82501,Mike Zagardo,1980,6,18,133
82353,Coby Leavitt,1980,6,19,134
82403,Jim Strickland,1980,6,20,135
82490,Donald Cooper,1980,6,21,136
82481,Odis Boddie,1980,6,22,137
82453,Kenny Evans,1980,6,23,138
82478,Carl Pierce,1980,7,1,139
82592,Dave Colescott,1980,7,2,140
78015,Lorenzo Romar,1980,7,3,141
82509,Robert Byrd,1980,7,4,142
82529,Tommy Springer,1980,7,5,143
82417,Larry Spicer,1980,7,6,144
82570,Paul Anderson,1980,7,7,145
82533,Charles Naddaff,1980,7,8,146
82574,Leroy Berry,1980,7,9,147
82589,Gig Sims,1980,7,10,148
82598,Tony Forch,1980,7,11,149
82467,Bobby Turner,1980,7,12,150
82503,Karl Godine,1980,7,13,151
82545,Joe Nehls,1980,7,14,152
82522,Alan Zahn,1980,7,15,153
82486,Arnold McDowell,1980,7,16,154
82558,Ron White,1980,7,17,155
82499,Charles Hightower,1980,7,18,156
82569,Ron Williams,1980,7,19,157
82549,Carl Ervin,1980,7,20,158
82496,Richard Smith,1980,7,21,159
82456,Les Hanson,1980,7,22,160
82476,Leroy Loggins,1980,8,1,161
82472,Kurt Kanaskie,1980,8,2,162
82590,Jim Brandon,1980,8,3,163
82513,Modzel Greer,1980,8,4,164
82539,Lloyd Terry,1980,8,5,165
82577,Jim Ellinghausen,1980,8,6,166
82536,Steve Stielper,1980,8,7,167
78271,John Stroeder,1980,8,8,168
77229,Clarence Kea,1980,8,9,169
82505,Rich Valavicious,1980,8,10,170
82466,James Salters,1980,8,11,171
82516,Bill Bailey,1980,8,12,172
82541,Rosie Barnes,1980,8,13,173
82557,Keith Valentine,1980,8,14,174
82564,Jim Conolly,1980,8,15,175
82548,Al Dutch,1980,8,16,176
82495,Martin Lemelle,1980,8,17,177
82482,Melvin Hooker,1980,8,18,178
82461,Steve Wright,1980,8,19,179
82475,Terry Dupris,1980,9,1,180
82594,Paul Renfro,1980,9,2,181
77937,Billy Reid,1980,9,3,182
82515,Jay Shidler,1980,9,4,183
82524,Jim Graziano,1980,9,5,184
82540,Barry Young,1980,9,6,185
82535,Scott Rogers,1980,9,7,186
82576,Melvin Crafter,1980,9,8,187
82583,Rich Boucher,1980,9,9,188
82602,Ken Williams,1980,9,10,189
82468,Don Wiley,1980,9,11,190
82507,Clinton Wyatt,1980,9,12,191
82521,Al Williams,1980,9,13,192
82484,Charley Cole,1980,9,14,193
82560,Del Yarbrough,1980,9,15,194
82500,Stanley Lamb,1980,9,16,195
82565,Keith French,1980,9,17,196
82418,Jim Tillman,1980,9,18,197
82492,Luke Griffin,1980,9,19,198
82458,Brian Jung,1980,9,20,199
82471,Tim Higgins,1980,10,1,200
82591,Leroy Coleman,1980,10,2,201
82528,Earl Sango,1980,10,3,202
82512,Billy Foster,1980,10,4,203
82530,John Bates,1980,10,5,204
82586,Dave Kufeld,1980,10,6,205
82601,Tom Morgan,1980,10,7,206
82508,Don Youman,1980,10,8,207
82465,Gerald Ross,1980,10,9,208
82388,Steve Schall,1980,10,10,209
82554,Melvin Crayton,1980,10,11,210
82563,Randy Carroll,1980,10,12,211
82552,Kent Williams,1980,10,13,212
82493,Joe Hand,1980,10,14,213
82460,John Nolan,1980,10,15,214
77142,Magic Johnson,1979,1,1,1
76881,David Greenwood,1979,1,2,2
76362,Bill Cartwright,1979,1,3,3
77239,Greg Kelser,1979,1,4,4
77626,Sidney Moncrief,1979,1,5,5
76085,James Bailey,1979,1,6,6
77167,Vinnie Johnson,1979,1,7,7
77691,Calvin Natt,1979,1,8,8
76553,Larry Demic,1979,1,9,9
76928,Roylee Hamilton,1979,1,10,10
77986,Cliff T. Robinson,1979,1,11,11
77819,Jim Paxson,1979,1,12,12
76231,Dudley Bradley,1979,1,13,13
77040,Brad Holland,1979,1,14,14
77071,Phil Hubbard,1979,1,15,15
78222,Jim Spanarkel,1979,1,16,16
77158,Lee Johnson,1979,1,17,17
77273,Reggie King,1979,1,18,18
77827,Wiley Peck,1979,1,19,19
82449,Larry Knight,1979,1,20,20
78570,Sly Williams,1979,1,21,21
77438,Kyle Macy,1979,1,22,22
82446,Tico Brown,1979,2,1,23
77022,Johnny High,1979,2,2,24
77432,Ollie Mack,1979,2,3,25
76725,Bruce Flowers,1979,2,4,26
76360,Reggie Carter,1979,2,5,27
82333,Danny Salisbury,1979,2,6,28
77882,Tony Price,1979,2,7,29
76781,Gary Garland,1979,2,8,30
77184,Edgar Jones,1979,2,9,31
78643,Tony Zeno,1979,2,10,32
82374,Lawrence Butler,1979,2,11,33
82321,Kim Goetz,1979,2,12,34
82357,James Bradley,1979,2,13,35
77950,Clint Richardson,1979,2,14,36
78356,Bernard Toone,1979,2,15,37
82364,Larry Wilson,1979,2,16,38
82342,Victor King,1979,2,17,39
82440,Andrew Fields,1979,2,18,40
82345,Mark Young,1979,2,19,41
77623,Paul Mokeski,1979,2,20,42
77633,Johnny Moore,1979,2,21,43
82366,Joe DeSantis,1979,2,22,44
77306,Arvid Kramer,1979,3,1,45
82371,Andrew Parker,1979,3,2,46
76786,Calvin Garrett,1979,3,3,47
76608,Terry Duerod,1979,3,4,48
77056,Cedrick Hordges,1979,3,5,49
77087,Geoff Huston,1979,3,6,50
82401,John Gerdy,1979,3,7,51
82412,Larry Gibson,1979,3,8,52
77312,Wayne Kreklow,1979,3,9,53
77159,Lynbert Johnson,1979,3,10,54
82425,Tom Channel,1979,3,11,55
81859,Mickey Fox,1979,3,12,56
82359,Don March,1979,3,13,57
940,Earl Cureton,1979,3,14,58
82404,Ricardo Brown,1979,3,15,59
82341,Walter Daniels,1979,3,16,60
82316,Ernesto Malcolm,1979,3,17,61
76475,Terry Crosby,1979,3,18,62
77732,Sylvester Norris,1979,3,19,63
82421,Al Green,1979,3,20,64
100263,Bill Laimbeer,1979,3,21,65
82367,Charles Floyd,1979,3,22,66
76544,Greg Deane,1979,4,1,67
82315,Nick Galis,1979,4,2,68
82416,Eugene Robinson,1979,4,3,69
82437,Rick Swing,1979,4,4,70
82323,Larry Rogers,1979,4,5,71
82378,George Maynor,1979,4,6,72
76583,James Donaldson,1979,4,7,73
82397,Don Newman,1979,4,8,74
82332,Ron Ripley,1979,4,9,75
82406,Sammy Drummer,1979,4,10,76
82427,Lionel Garrett,1979,4,11,77
82442,Daryll Robinson,1979,4,12,78
82344,Ray White,1979,4,13,79
82407,Lionel Green,1979,4,14,80
82343,Ricky Reed,1979,4,15,81
78146,Jerry Sichting,1979,4,16,82
77718,Mike Niles,1979,4,17,83
82384,Al Daniel,1979,4,18,84
77520,John McCullough,1979,4,19,85
82419,Malcolm Cesare,1979,4,20,86
82410,Richie Allen,1979,4,21,87
82372,Lamont Reid,1979,4,22,88
82451,Wolfe Perry,1979,5,1,89
82311,Jimmy Allen,1979,5,2,90
82435,Matt Simpkins,1979,5,3,91
82340,Flintie Ray Williams,1979,5,4,92
82382,Larry Washington,1979,5,5,93
82322,Johnny Green,1979,5,6,94
82398,Jim Abromaitis,1979,5,7,95
82329,George Lett,1979,5,8,96
82418,Jim Tillman,1979,5,9,97
77937,Billy Reid,1979,5,10,98
82430,Greg Joyner,1979,5,11,99
82445,Matt White,1979,5,12,100
82361,Tiny Pinder,1979,5,13,101
82393,Larry Williams,1979,5,14,102
82354,Carl McPipe,1979,5,15,103
77353,Allen Leavell,1979,5,16,104
82350,Curtis Watkins,1979,5,17,105
82388,Steve Schall,1979,5,18,106
76631,Mark Eaton,1979,5,19,107
82365,Marshall Ashford,1979,5,20,108
82447,Ernie Cobb,1979,6,1,109
82314,Marvin Delph,1979,6,2,110
82336,Truman Claytor,1979,6,3,111
82433,Joe Manning,1979,6,4,112
82319,Phil Abney,1979,6,5,113
82379,Steve Smith,1979,6,6,114
82299,Tony Smith,1979,6,7,115
82414,Derrick Mayes,1979,6,8,116
82395,Greg Guye,1979,6,9,117
82330,Jim Mitchem,1979,6,10,118
82424,Bob Bender,1979,6,11,119
82439,Ray Ellis,1979,6,12,120
82363,Dwight Williams,1979,6,13,121
82389,Odell Ball,1979,6,14,122
82352,Dan Hartshorne,1979,6,15,123
82405,Collie Davis,1979,6,16,124
82386,Terry Knight,1979,6,17,125
82347,Bob Roma,1979,6,18,126
82423,Dale Shackelford,1979,6,19,127
82369,Garcia Hopkins,1979,6,20,128
82452,Paul Poe,1979,7,1,129
82313,Steve Castellan,1979,7,2,130
82436,Steve Skaggs,1979,7,3,131
82337,Ken Jones,1979,7,4,132
82376,Mike Eversley,1979,7,5,133
82320,Marc Coleman,1979,7,6,134
82403,Jim Strickland,1979,7,7,135
82394,Dirk Ewing,1979,7,8,136
82334,Ren Watson,1979,7,9,137
82415,Stan Ray,1979,7,10,138
82428,Jene Grey,1979,7,11,139
82444,Jeff Tropf,1979,7,12,140
82362,Tim Waterman,1979,7,13,141
82356,Bobby Willis,1979,7,14,142
82408,Rich Valavicius,1979,7,15,143
82390,John Johnson,1979,7,16,144
82346,Nick Daniels,1979,7,17,145
82383,Tyrone Branyan,1979,7,18,146
82256,Ollie Matson,1979,7,19,147
82450,Keith McDonald,1979,8,1,148
82318,Glenn Sudhop,1979,8,2,149
82338,Rodney Lee,1979,8,3,150
82214,Mark Haymore,1979,8,4,151
82325,Billy Tucker,1979,8,5,152
82381,Tony Warren,1979,8,6,153
82402,Henry Hollingsworth,1979,8,7,154
82327,Mario Butler,1979,8,8,155
82417,Larry Spicer,1979,8,9,156
82396,Brian Magid,1979,8,10,157
82431,Renaldo Lawrence,1979,8,11,158
82441,Willie Pounds,1979,8,12,159
82358,John Goedeke,1979,8,13,160
82409,Delbert Watson,1979,8,14,161
82392,Matt Teahan,1979,8,15,162
82355,Rick Raivio,1979,8,16,163
82349,Tony Vann,1979,8,17,164
279,Charles Jones,1979,8,18,165
82373,Jo Jo Walters,1979,8,19,166
82448,Milt Huggins,1979,9,1,167
82317,Kevin Sinnett,1979,9,2,168
82432,Tim Joyce,1979,9,3,169
82335,Val Bracey,1979,9,4,170
82377,James Jackson,1979,9,5,171
82326,Brett Wyatt,1979,9,6,172
82400,Ricky Free,1979,9,7,173
82413,Roger Lapham,1979,9,8,174
82331,Gene Ransom,1979,9,9,175
82426,Mike Dodd,1979,9,10,176
82438,Stan Eckwood,1979,9,11,177
82360,Cedric Oliver,1979,9,12,178
82391,Emmett Lewis,1979,9,13,179
82353,Coby Leavitt,1979,9,14,180
82351,Gary Wilson,1979,9,15,181
82387,Eddie McLeod,1979,9,16,182
82420,Hosea Champine,1979,9,17,183
82368,Ray Hooker,1979,9,18,184
76541,Paul Dawkins,1979,10,1,185
82312,Alton Byrd,1979,10,2,186
82339,Willie Polk,1979,10,3,187
82434,Terry Peavy,1979,10,4,188
82324,Gordon Thomas,1979,10,5,189
82380,Marvin Thoms,1979,10,6,190
82399,Eric Fleisher,1979,10,7,191
82328,Kevin Heenan,1979,10,8,192
82411,Chris Fahrbach,1979,10,9,193
82429,Greg Hunter,1979,10,10,194
82443,Kelvin Small,1979,10,11,195
82310,Chad Nelson,1979,10,12,196
82375,Cortez Collins,1979,10,13,197
77515,Keith McCord,1979,10,14,198
82385,Glen Fine,1979,10,15,199
82348,Russell Saunders,1979,10,16,200
82422,Korky Nelson,1979,10,17,201
82370,Steve Martin,1979,10,18,202
78331,Mychal Thompson,1978,1,1,1
76736,Phil Ford,1978,1,2,2
77984,Rick Robey,1978,1,3,3
77952,Micheal Ray Richardson,1978,1,4,4
78139,Purvis Short,1978,1,5,5
1449,Larry Bird,1978,1,6,6
76249,Ron Brewer,1978,1,7,7
78548,Freeman Williams,1978,1,8,8
78310,Reggie Theus,1978,1,9,9
77356,Butch Lee,1978,1,10,10
76948,James Hardy,1978,1,11,11
77148,George Johnson,1978,1,12,12
76225,Winford Boynes,1978,1,13,13
77848,Roger Phegley,1978,1,14,14
77615,Mike Mitchell,1978,1,15,15
76819,Jack Givens,1978,1,16,16
82249,Rod Griffin,1978,1,17,17
76453,Dave Corzine,1978,1,18,18
76321,Marty Byrnes,1978,1,19,19
78057,Frankie Sanders,1978,1,20,20
76686,Mike Evans,1978,1,21,21
78365,Raymond Townsend,1978,1,22,22
78390,Terry Tyler,1978,2,1,23
77010,Keith Herron,1978,2,2,24
78583,Rick Wilson,1978,2,3,25
76361,Ron Carter,1978,2,4,26
77897,Wayne Radford,1978,2,5,27
82267,Buster Matheney,1978,2,6,28
1381,John Long,1978,2,7,29
77215,Jeff Judkins,1978,2,8,30
82235,Marvin Johnson,1978,2,9,31
78036,John Rudd,1978,2,10,32
76523,Harry Davis,1978,2,11,33
76300,Greg Bunch,1978,2,12,34
76879,Tommy Green,1978,2,13,35
76385,Maurice Cheeks,1978,2,14,36
82232,Terry Sykes,1978,2,15,37
82204,Lew Massey,1978,2,16,38
82271,James Lee,1978,2,17,39
76441,Wayne Cooper,1978,2,18,40
78516,Jerome Whitehead,1978,2,19,41
82273,Kevin McDonald,1978,2,20,42
76913,Glenn Hagan,1978,2,21,43
77136,Clemon Johnson,1978,2,22,44
82261,Mike Phillips,1978,3,1,45
76447,Hollis Copeland,1978,3,2,46
76121,Billyray Bates,1978,3,3,47
82289,Mike Santos,1978,3,4,48
76436,Jeff Cook,1978,3,5,49
82182,Dana Skinner,1978,3,6,50
82285,Ricky Gallon,1978,3,7,51
82212,Mike Russell,1978,3,8,52
82234,Randy Ayers,1978,3,9,53
82220,Steve Grant,1978,3,10,54
77092,Marc Iavaroni,1978,3,11,55
82197,Steve Neff,1978,3,12,56
82295,Ken Higgs,1978,3,13,57
82226,Rick Apke,1978,3,14,58
76483,Pat Cummings,1978,3,15,59
76444,Michael Cooper,1978,3,16,60
82270,Dave Baxter,1978,3,17,61
76124,Dave Batton,1978,3,18,62
77308,Joel Kramer,1978,3,19,63
76993,Gerald Henderson,1978,3,20,64
82284,Marvin Dalph,1978,3,21,65
82302,Sterling Edmunds,1978,3,22,66
77989,Jackie Robinson,1978,4,1,67
82283,Jim Boylan,1978,4,2,68
82269,Joel Thompson,1978,4,3,69
76474,Jeffrey Crompton,1978,4,4,70
82255,Ricky Lee,1978,4,5,71
82181,Dave Nelson,1978,4,6,72
82286,Larry Harris,1978,4,7,73
82308,Mel Davis,1978,4,8,74
82307,Jeff Covington,1978,4,9,75
82287,Leroy McDonald,1978,4,10,76
82195,Derrick Jackson,1978,4,11,77
82298,Stan Rome,1978,4,12,78
82186,Erving Giddings,1978,4,13,79
77069,Otis Howard,1978,4,14,80
76212,Lawrence Boston,1978,4,15,81
82206,Harold Robertson,1978,4,16,82
82272,Billy Lewis,1978,4,17,83
77209,Walter Jordan,1978,4,18,84
77603,Bob Miller,1978,4,19,85
82240,Rich Adams,1978,4,20,86
78425,Brett Vroman,1978,4,21,87
82280,Wayne Smith,1978,4,22,88
82262,Cecile Rose,1978,5,1,89
82290,David Thompson,1978,5,2,90
82266,Gary Goodner,1978,5,3,91
82257,James Sparrow,1978,5,4,92
82208,Derick Clairborne,1978,5,5,93
82183,Greg Tynes,1978,5,6,94
82199,Dave Caligaris,1978,5,7,95
78545,Don Williams,1978,5,8,96
82233,Ron Anthony,1978,5,9,97
82223,Chris Potter,1978,5,10,98
82296,Ken Koenigs,1978,5,11,99
82187,Greg Green,1978,5,12,100
78587,Thomas Wilson,1978,5,13,101
82230,Roger Dickens,1978,5,14,102
82275,Russ Coleman,1978,5,15,103
78307,Carlos Terry,1978,5,16,104
76604,Ralph Drollinger,1978,5,17,105
82247,Michael Edwards,1978,5,18,106
78431,Andre Wakefield,1978,5,19,107
82244,Eugene Parker,1978,5,20,108
82214,Mark Haymore,1978,5,21,109
77135,Clay Johnson,1978,5,22,110
82258,Golie Augustus,1978,6,1,111
82288,Bob Miscevicious,1978,6,2,112
82265,Eddie Joe Chavez,1978,6,3,113
82210,Jim Krivacs,1978,6,4,114
82254,Sherman Dillard,1978,6,5,115
82184,Dave Winey,1978,6,6,116
82202,Audie Matthews,1978,6,7,117
76589,John Douglas,1978,6,8,118
82238,John Shoemaker,1978,6,9,119
82219,Gerald Glover,1978,6,10,120
82191,Ed Warren,1978,6,11,121
82193,Buzz Hartnett,1978,6,12,122
82294,Ron Bell,1978,6,13,123
82079,Dave Kyle,1978,6,14,124
82225,Archie Aldridge,1978,6,15,125
82207,Kim Stewart,1978,6,16,126
82250,Robert Heard,1978,6,17,127
82282,Charles Thompson,1978,6,18,128
82242,Harry Morgan,1978,6,19,129
82216,Osborne Lockhart,1978,6,20,130
82303,Tim Evans,1978,6,21,131
82260,Doug Jemison,1978,7,1,132
77858,Stan Pietkiewicz,1978,7,2,133
82268,Stan Stewart,1978,7,3,134
82256,Ollie Matson,1978,7,4,135
82211,Charles McMilliam,1978,7,5,136
82178,Steve Balkun,1978,7,6,137
82200,Herb Entzminger,1978,7,7,138
82309,Willie Howard,1978,7,8,139
82237,Jarvis Reynolds,1978,7,9,140
82218,Jim DeWeese,1978,7,10,141
82192,Rick Bernard,1978,7,11,142
82299,Tony Smith,1978,7,12,143
82188,Gary Pember,1978,7,13,144
82231,Ed Hopkins,1978,7,14,145
76041,Kim Anderson,1978,7,15,146
82205,Larry Paige,1978,7,16,147
82248,Jack Gilloon,1978,7,17,148
77450,Steve Malovic,1978,7,18,149
82243,Hector Olivencia,1978,7,19,150
82217,Anthony Murray,1978,7,20,151
82304,Walter Reason,1978,7,21,152
82259,Bruce Campbell,1978,8,1,153
82292,Felton Young,1978,8,2,154
82209,Ron Hammye,1978,8,3,155
82179,Kim Fisher,1978,8,4,156
76685,Earl Evans,1978,8,5,157
77258,Carl Kilpatrick,1978,8,6,158
76463,John Cox,1978,8,7,159
82222,Ed Murphy,1978,8,8,160
82297,Roland Martin,1978,8,9,161
82189,Greg Sanders,1978,8,10,162
82198,Tony Searcy,1978,8,11,163
82277,Tom Zaligaris,1978,8,12,164
82229,Nestor Cora,1978,8,13,165
82253,Larry Vaculik,1978,8,14,166
82279,George Fowler,1978,8,15,167
82245,Henry Taylor,1978,8,16,168
82213,Alan Cunningham,1978,8,17,169
82305,Mark Wickman,1978,8,18,170
82263,Frank Sowinski,1978,9,1,171
82291,Bobby White,1978,9,2,172
82177,Les Anderson,1978,9,3,173
82203,Ulice Payne,1978,9,4,174
82310,Chad Nelson,1978,9,5,175
82236,Joe Ponsetto,1978,9,6,176
82224,Maurice Robinson,1978,9,7,177
82185,Danny Fields,1978,9,8,178
82194,Bobby Humbles,1978,9,9,179
82293,Steve Bayless,1978,9,10,180
82227,Tim Claxton,1978,9,11,181
82276,Gary Rosenberger,1978,9,12,182
82251,Tom Schneeburger,1978,9,13,183
82281,Nate Stokes,1978,9,14,184
82246,Rick Taylor,1978,9,15,185
82301,Paul Cozens,1978,9,16,186
82264,Michael Vicens,1978,10,1,187
82180,Walter Harrigan,1978,10,2,188
82201,Dave Grauzer,1978,10,3,189
78563,Rickey Williams,1978,10,4,190
82239,Mark Tucker,1978,10,5,191
82221,Marshall Lester,1978,10,6,192
82196,Mike Muff,1978,10,7,193
82300,Gary Winston,1978,10,8,194
82190,Ernest Simons,1978,10,9,195
82274,Tom Anderson,1978,10,10,196
82228,Steve Connor,1978,10,11,197
82252,Phil Taylor,1978,10,12,198
82278,Lewis Cohen,1978,10,13,199
82241,Larry Brewster,1978,10,14,200
82215,Dennis James,1978,10,15,201
82306,Tim Workington,1978,10,16,202
76154,Kent Benson,1977,1,1,1
76170,Otis Birdsong,1977,1,2,2
77160,Marques Johnson,1977,1,3,3
76091,Greg Ballard,1977,1,4,4
1453,Walter Davis,1977,1,5,5
76350,Kenny Carr,1977,1,6,6
77264,Bernard King,1977,1,7,7
78149,Jack Sikma,1977,1,8,8
77328,Tom LaGarde,1977,1,9,9
78571,Ray Williams,1977,1,10,10
76899,Ernie Grunfeld,1977,1,11,11
77487,Cedric Maxwell,1977,1,12,12
76059,Tate Armstrong,1977,1,13,13
78014,Tree Rollins,1977,1,14,14
76516,Brad Davis,1977,1,15,15
76874,Rickey Green,1977,1,16,16
76664,Bo Ellis,1977,1,17,17
76465,Wesley Cox,1977,1,18,18
77344,Rich Laurel,1977,1,19,19
77653,Glenn Mosley,1977,1,20,20
77975,Anthony Roberts,1977,1,21,21
77721,Norm Nixon,1977,1,22,22
76822,Mike Glenn,1977,2,1,23
77156,Larry Johnson,1977,2,2,24
78471,Wilson Washington,1977,2,3,25
76830,Glen Gondrezick,1977,2,4,26
82151,Glenn Williams,1977,2,5,27
76041,Kim Anderson,1977,2,6,28
76229,Alonzo Bradley,1977,2,7,29
78135,Steve Sheppard,1977,2,8,30
77782,Eddie Owens,1977,2,9,31
77289,Toby Knight,1977,2,10,32
77205,Eddie Jordan,1977,2,11,33
77621,Larry Moffett,1977,2,12,34
77334,Mark Landsberger,1977,2,13,35
77873,Ben Poquette,1977,2,14,36
78537,Jeff Wilkins,1977,2,15,37
82087,Ricky Love,1977,2,16,38
78441,Phil Walker,1977,2,17,39
77936,Robert Reid,1977,2,18,40
76618,T.R. Dunn,1977,2,19,41
76656,Bob Elliott,1977,2,20,42
82107,Herm Harris,1977,2,21,43
77044,Essie Hollis,1977,2,22,44
82102,Bill Paterno,1977,3,1,45
229,James Edwards,1977,3,2,46
82152,Gary Yoder,1977,3,3,47
78205,Sammy Smith,1977,3,4,48
77144,Eddie Johnson,1977,3,5,49
82174,Tony Hanson,1977,3,6,50
82136,Stan Mayhew,1977,3,7,51
76966,Joey Hassett,1977,3,8,52
77320,John Kuester,1977,3,9,53
82083,Lloyd McMillian,1977,3,10,54
82162,Steve Grote,1977,3,11,55
82076,Skip Brown,1977,3,12,56
82117,Steve Puidokas,1977,3,13,57
82044,John Irving,1977,3,14,58
82128,Dan Henderson,1977,3,15,59
77926,Marlon Redmond,1977,3,16,60
82119,Jerry Schellenberg,1977,3,17,61
76198,Phil Bond,1977,3,18,62
82166,Ricky Brown,1977,3,19,63
82104,Arnold Dugger,1977,3,20,64
78204,Robert Smith,1977,3,21,65
76242,Mike Bratz,1977,3,22,66
82140,Bob Elmore,1977,4,1,67
82159,Melvin Watkins,1977,4,2,68
76279,Lewis Brown,1977,4,3,69
82110,Dave Bormann,1977,4,4,70
76888,Greg Griffin,1977,4,5,71
76221,Dennis Boyd,1977,4,6,72
82137,George Pendleton,1977,4,7,73
82143,Jim Cooper,1977,4,8,74
82103,Larry Williams,1977,4,9,75
76980,Steve Hayes,1977,4,10,76
82163,Melvin Jones,1977,4,11,77
82077,Jeff Cummings,1977,4,12,78
82123,Mike McConalthy,1977,4,13,79
82094,Bruce King,1977,4,14,80
82129,Matt Hicks,1977,4,15,81
82090,Roy Smith,1977,4,16,82
82118,David Reavis,1977,4,17,83
82141,Rocky Smith,1977,4,18,84
82170,Greg White,1977,4,19,85
82108,Jack Jones,1977,4,20,86
82089,Leartha Scott,1977,4,21,87
77983,Tony Robertson,1977,4,22,88
82139,Gerald Cunningham,1977,5,1,89
82155,Mike Hanley,1977,5,2,90
81998,Ron Norwood,1977,5,3,91
82112,Bill Gordon,1977,5,4,92
82154,Cecil Rellford,1977,5,5,93
82173,Jim Grady,1977,5,6,94
82135,Marvin Jackson,1977,5,7,95
82145,Dale Haberman,1977,5,8,96
82099,Bob Chapman,1977,5,9,97
82085,Bill Terry,1977,5,10,98
82165,Al Smith,1977,5,11,99
82080,Bill Langloh,1977,5,12,100
82122,Nate Davis,1977,5,13,101
82093,Jim Kennedy,1977,5,14,102
78161,Scott Sims,1977,5,15,103
76678,Ray Epps,1977,5,16,104
82061,Bruce Parkinson,1977,5,17,105
82142,Ed Thompson,1977,5,18,106
82171,Donn Wilber,1977,5,19,107
82109,Teko Wynder,1977,5,20,108
82131,John Billups,1977,5,21,109
82097,John Robinson,1977,5,22,110
76481,Mark Crow,1977,6,1,111
82157,Curvan Lewis,1977,6,2,112
82149,Chuck Goodyear,1977,6,3,113
82111,Calvin Crews,1977,6,4,114
77547,Billy McKinney,1977,6,5,115
82172,Wayne Golden,1977,6,6,116
78080,Tom Scheffler,1977,6,7,117
82146,Bucky O'Brien,1977,6,8,118
82100,Bob Cooper,1977,6,9,119
82082,Jerry Graycraft,1977,6,10,120
82160,Ron Cox,1977,6,11,121
82081,Roy Pace,1977,6,12,122
82121,Jay Chessman,1977,6,13,123
82096,Herb Nobles,1977,6,14,124
82126,Bruce Buckley,1977,6,15,125
82088,Jack Phelan,1977,6,16,126
82120,Ernie Wansley,1977,6,17,127
82167,Myron Jordan,1977,6,18,128
82106,George Gibson,1977,6,19,129
82134,Jim Town,1977,6,20,130
82098,Grover Woolard,1977,6,21,131
82138,Scott Conant,1977,7,1,132
82156,Mike Jackson,1977,7,2,133
82148,Ron Bostic,1977,7,3,134
82113,James Holliman,1977,7,4,135
78095,Alvin Scott,1977,7,5,136
82175,Lusia Harris,1977,7,6,137
82147,Billy Reynolds,1977,7,7,138
82101,Bruce Jenner,1977,7,8,139
82086,Tom Weadock,1977,7,9,140
82164,Bob Riddle,1977,7,10,141
82079,Dave Kyle,1977,7,11,142
82125,Mike Smith,1977,7,12,143
82095,Robert Lewis,1977,7,13,144
82130,Richard Robinson,1977,7,14,145
82091,Jerry Thurston,1977,7,15,146
82115,Calvin Brown,1977,7,16,147
82169,Don Smith,1977,7,17,148
82105,Dennin Forest,1977,7,18,149
82132,Willie High,1977,7,19,150
76941,Lars Hansen,1977,7,20,151
76604,Ralph Drollinger,1977,8,1,152
82158,Emery Sammons,1977,8,2,153
82150,Larry Pikes,1977,8,3,154
82114,Vern Thompson,1977,8,4,155
82153,Alvin Joseph,1977,8,5,156
82176,Dave Speicher,1977,8,6,157
82144,Jeff Frey,1977,8,8,158
82084,Ken Slappy,1977,8,10,159
82161,Tom Cutter,1977,8,11,160
82078,Tom Harris,1977,8,12,161
82124,Rich Rhodes,1977,8,13,162
82092,Tim Appleton,1977,8,14,163
82127,Jerome Gladney,1977,8,15,164
77465,Eric Marsh,1977,8,16,165
82116,Pat McKinley,1977,8,17,166
82168,Harold Rhodes,1977,8,19,167
77760,John Olive,1977,8,20,168
82133,Len Saunders,1977,8,21,169
81927,Art Allen,1977,8,22,170
77419,John Lucas,1976,1,1,1
77490,Scott May,1976,1,2,2
78468,Richard Washington,1976,1,3,3
76590,Leon Douglas,1976,1,4,4
78442,Wally Walker,1976,1,5,5
76504,Adrian Dantley,1976,1,6,6
76296,Quinn Buckner,1976,1,7,7
305,Robert Parish,1976,1,8,8
77024,Armond Hill,1976,1,9,9
77364,Ron Lee,1976,1,10,10
78531,Bob Wilkerson,1976,1,11,11
76767,Terry Furlow,1976,1,12,12
77324,Mitch Kupchak,1976,1,13,13
78623,Larry Wright,1976,1,14,14
78541,Chuckie Williams,1976,1,15,15
76437,Norm Cook,1976,1,16,16
77800,Sonny Parker,1976,1,17,17
78208,Willie Smith,1976,2,1,18
76739,Bayard Forrest,1976,2,2,19
77189,Major Jones,1976,2,3,20
78294,Earl Tatum,1976,2,4,21
76526,Johnny Davis,1976,2,5,22
76673,Alex English,1976,2,6,23
77396,Scott Lloyd,1976,2,7,24
78133,Lonnie Shelton,1976,2,8,25
76587,Jacky Dorsey,1976,2,9,26
77017,Phil Hicks,1976,2,10,27
76352,Bob Carrington,1976,2,11,28
77141,Dennis Johnson,1976,2,12,29
76722,Al Fleming,1976,2,13,30
77788,Joe Pace,1976,2,14,31
77067,Mo Howard,1976,2,15,32
76699,Butch Feher,1976,2,16,33
78008,Marshall Rogers,1976,2,17,34
82019,Dallas Smith,1976,3,1,35
81985,Mike Dabney,1976,3,2,36
76941,Lars Hansen,1976,3,3,37
78111,Phil Sellers,1976,3,4,38
82069,Jeff Tyson,1976,3,5,39
78449,Lloyd Walton,1976,3,6,40
81966,John McGill,1976,3,7,41
82071,Steve Copp,1976,3,8,42
76005,Tom Abernethy,1976,3,9,43
82023,Barnes Hauptfuhrer,1976,3,10,44
78305,Ira Terrell,1976,3,11,45
82001,Larry Cooke,1976,3,12,46
81998,Ron Norwood,1976,3,13,47
82049,Gary Brewster,1976,3,14,48
82010,Bill Cook,1976,3,15,49
82056,Gary Cole,1976,3,16,50
81958,Jerry Fort,1976,3,17,51
78243,Keith Starr,1976,4,1,52
76099,Tom Barker,1976,4,2,53
81995,Clarence Ramsey,1976,4,3,54
81984,Scott Thompson,1976,4,4,55
82064,David Everett,1976,4,5,56
81963,Rick Bullock,1976,4,6,57
82074,John Service,1976,4,7,58
82036,Dan Frost,1976,4,8,59
76259,Wayman Britt,1976,4,9,60
82024,Hercle Ivy,1976,4,10,61
82046,Paul Miller,1976,4,11,62
82032,Willie Parr,1976,4,12,63
81876,Freeman Blade,1976,4,13,64
82011,Marion Hillard,1976,4,14,65
82058,John Engles,1976,4,15,66
81959,Lewis Linder,1976,4,16,67
81975,Jeff Fosnes,1976,4,17,68
82021,Nate Williams,1976,5,1,69
76534,Ron Davis,1976,5,2,70
81992,Willie Hodge,1976,5,3,71
81979,Jim Hearns,1976,5,4,72
82067,Gary Reddings,1976,5,5,73
76889,Paul Griffin,1976,5,6,74
82037,Tom Lockhart,1976,5,7,75
81968,Beaver Smith,1976,5,8,76
82038,James Rappis,1976,5,9,77
82026,Dave Marrs,1976,5,10,78
82047,Ralph Walker,1976,5,11,79
82028,Robert Gray,1976,5,12,80
81996,Jeff Browne,1976,5,13,81
82007,Connie White,1976,5,14,82
82012,L.C. Mason,1976,5,15,83
77348,Ed Lawrence,1976,5,16,84
81960,Louis McKinney,1976,5,17,85
81971,Carl Bird,1976,5,18,86
82018,Tom Paulin,1976,6,1,87
82005,Pete Padgett,1976,6,2,88
77504,Andre McCarter,1976,6,3,89
81978,Russell Davis,1976,6,4,90
81970,Duane Barnett,1976,6,5,91
82040,Phil Spence,1976,6,6,92
81964,Joe Jones,1976,6,7,93
82075,Barnard Tomlin,1976,6,8,94
81989,Ed Schweitzer,1976,6,9,95
82027,Robert Paige,1976,6,10,96
82042,Carl Brown,1976,6,11,97
82033,Darrell Peterson,1976,6,12,98
76616,Mike Dunleavy,1976,6,13,99
82052,Danny Odums,1976,6,14,100
82013,Pat Tallent,1976,6,15,101
82057,Harry Davis,1976,6,16,102
76416,Art Collins,1976,6,17,103
81974,Gene Cunningham,1976,6,18,104
82017,Barry McLeod,1976,7,1,105
82003,Carl Gerlach,1976,7,2,106
81994,Craig Prosser,1976,7,3,107
81983,Curt Peterson,1976,7,4,108
82063,Al DeWitt,1976,7,5,109
81962,Boyd Batts,1976,7,6,110
78433,Andy Walker,1976,7,7,111
82034,Ron Barrow,1976,7,8,112
81987,Tommie Lipsey,1976,7,9,113
82022,Barry Davis,1976,7,10,114
82048,Brad Warble,1976,7,11,115
82030,Mark Klein,1976,7,12,116
78441,Phil Walker,1976,7,13,117
82050,Frank Jones,1976,7,14,118
82014,Ralph Vallott,1976,7,15,119
82055,Johnny Britt,1976,7,16,120
76604,Ralph Drollinger,1976,7,17,121
81973,Jesse Campbell,1976,7,18,122
82059,Dale Koehler,1976,8,1,123
82006,Doug Terry,1976,8,2,124
81991,Mike Davis,1976,8,3,125
81980,Randy Henry,1976,8,4,126
82065,Brant Gibbler,1976,8,5,127
82070,Richard Bryant,1976,8,6,128
82041,Bob Warner,1976,8,7,129
81965,Rick McCutcheon,1976,8,8,130
81986,Ed Gregg,1976,8,9,131
82025,Dan Kruger,1976,8,10,132
82043,Tom DeBerry,1976,8,11,133
76109,Norton Barnhill,1976,8,12,134
81997,Lee Dixon,1976,8,13,135
82051,Mark McAndrew,1976,8,14,136
82015,Merlin Wilson,1976,8,15,137
82062,Tim Sisneros,1976,8,16,138
81956,John Clark,1976,8,17,139
81972,Stan Boskovich,1976,8,18,140
82020,John Thomas,1976,9,1,141
82004,Bob Kovach,1976,9,2,142
81993,Dave Logan,1976,9,3,143
81982,Bill Martin,1976,9,4,144
82068,Rob Torresdal,1976,9,5,145
82039,Benny Shaw,1976,9,6,146
81969,Archie Talley,1976,9,7,147
82073,Calvin Robinson,1976,9,8,148
81988,David Pickett,1976,9,9,149
82044,John Irving,1976,9,10,150
82029,Ron Johnson,1976,9,11,151
82000,Fly Williams,1976,9,12,152
82053,Bob Rozyczko,1976,9,13,153
82008,Clyde Agnew,1976,9,14,154
82061,Bruce Parkinson,1976,9,15,155
81957,Bill Collins,1976,9,16,156
81976,Howard Smith,1976,9,17,157
82016,John Hudson,1976,10,1,158
82002,Mike Dickerson,1976,10,2,159
81990,Harry Bailey,1976,10,3,160
81981,Bob Johnson,1976,10,4,161
82066,Marcus Leite,1976,10,5,162
81967,Eugene Shy,1976,10,6,163
82072,Art Johnson,1976,10,7,164
82035,Hugo Cabrera,1976,10,8,165
82045,Gary Jackson,1976,10,9,166
82031,Ricky Lewis,1976,10,10,167
81999,Ed Stefanski,1976,10,11,168
82054,Tim Stokes,1976,10,12,169
82009,Mike Beuscher,1976,10,13,170
82060,Elisha McSweeney,1976,10,14,171
81961,Otho Tucker,1976,10,15,172
81977,Ken Smith,1976,10,16,173
78326,David Thompson,1975,1,1,1
77586,Dave Meyers,1975,1,2,2
78481,Marvin Webster,1975,1,3,3
76011,Alvan Adams,1975,1,4,4
76539,Darryl Dawkins,1975,1,5,5
77043,Lionel Hollins,1975,1,6,6
77235,Rich Kelley,1975,1,7,7
76252,Junior Bridgeman,1975,1,8,8
78138,Gene Short,1975,1,9,9
77997,Bill Robinzine,1975,1,10,10
77582,Joe Meriweather,1975,1,11,11
77759,Frank Oleynick,1975,1,12,12
76165,Bob Bigelow,1975,1,13,13
76290,Joe Bryant,1975,1,14,14
77331,John Lambert,1975,1,15,15
78215,Ricky Sobers,1975,1,16,16
76213,Tom Boswell,1975,1,17,17
76887,Kevin Grevey,1975,1,18,18
78577,Bill Willoughby,1975,2,1,19
78549,Gus Williams,1975,2,2,20
78103,Bruce Seals,1975,2,3,21
77492,Clyde Mayes,1975,2,4,22
76753,World Free,1975,2,5,23
76364,Cornelius Cash,1975,2,6,24
76895,Bob Gross,1975,2,7,25
76303,Luther Burden,1975,2,8,26
81861,Walter Luckett,1975,2,9,27
78025,Dan Roundfield,1975,2,10,28
81901,Jim Blanks,1975,2,11,29
76878,Steve Green,1975,2,12,30
76940,Glenn Hansen,1975,2,13,31
77341,John Laskowski,1975,2,14,32
81941,Mel Utley,1975,2,15,33
76728,Larry Fogle,1975,2,16,34
77668,Allen Murphy,1975,2,17,35
81923,Jimmy Conner,1975,2,18,36
76910,Rudy Hackett,1975,3,1,37
77528,Jim McElroy,1975,3,2,38
81875,Jimmie Baker,1975,3,3,39
81853,Otis Johnson,1975,3,4,40
81877,Charles Cleveland,1975,3,5,41
81947,Tom Roy,1975,3,6,42
81915,Brian Hammel,1975,3,7,43
81864,Pete Trgovich,1975,3,8,44
81936,Ted Hathaway,1975,3,9,45
81845,John Ramsey,1975,3,10,46
78513,Rudy White,1975,3,11,47
77314,Tom Kropp,1975,3,12,48
81872,Bob Guyette,1975,3,13,49
76802,Gus Gerard,1975,3,14,50
76975,Robert Hawkins,1975,3,15,51
81929,George Bucci,1975,3,16,52
76040,Jerome Anderson,1975,3,17,53
76739,Bayard Forrest,1975,3,18,54
81951,Mack Coleman,1975,4,1,55
77325,Charles Kupec,1975,4,2,56
78361,Monte Towe,1975,4,3,57
81782,Sam McCants,1975,4,4,58
81878,Louis Dunbar,1975,4,5,59
81914,Bill Campion,1975,4,6,60
77017,Phil Hicks,1975,4,7,61
76707,Eric Fernsten,1975,4,8,62
81848,David Vaughn,1975,4,9,63
76917,Lindsay Hairston,1975,4,10,64
81904,Ken Smith,1975,4,11,65
81912,Jim Moore,1975,4,12,66
81870,Kevin Cleuss,1975,4,13,67
81896,Ron Haigler,1975,4,14,68
81857,Billy Taylor,1975,4,15,69
81930,Bob Fleischer,1975,4,16,70
81893,Fessor Leonard,1975,4,17,71
81840,Cyrus Mann,1975,4,18,72
81952,Andre Hampton,1975,5,1,73
81867,Charles Russell,1975,5,2,74
77042,Wilbur Holland,1975,5,3,75
77788,Joe Pace,1975,5,4,76
81881,Ken Tyler,1975,5,5,77
81946,Maurice Presley,1975,5,6,78
81938,Jim Lee,1975,5,7,79
81849,Donald Washington,1975,5,8,80
81862,Cliff Pratt,1975,5,9,81
81940,Mike Odems,1975,5,10,82
81906,Rick Whitlow,1975,5,11,83
81908,Dwain Govan,1975,5,12,84
81873,Ed Stahl,1975,5,13,85
81897,Bob Iverson,1975,5,14,86
81854,Larry Pounds,1975,5,15,87
81928,Sam Berry,1975,5,16,88
81837,Darryl Brown,1975,5,17,89
81892,Rich Jones,1975,5,18,90
81954,Rich Schmidt,1975,6,1,91
76734,Don Ford,1975,6,2,92
81886,Danny Williams,1975,6,3,93
81922,Buff Burrell,1975,6,4,94
81874,Ken Alston,1975,6,5,95
81918,Oliver Purnell,1975,6,6,96
81948,Gerald Willett,1975,6,7,97
81863,Allen Spruill,1975,6,8,98
78456,Henry Ward,1975,6,9,99
81850,Hank Williams,1975,6,10,100
81903,William Johnson,1975,6,11,101
81913,Larry Smith,1975,6,12,102
81869,Clint Chapman,1975,6,13,103
81894,Bill Andreas,1975,6,14,104
81856,Tony Styles,1975,6,15,105
81932,Larry Jackson,1975,6,16,106
81889,John Garrett,1975,6,17,107
81838,Rick Coleman,1975,6,18,108
81953,Bill Higgins,1975,7,1,109
81868,Rick Suttle,1975,7,2,110
81883,Gus Johnson,1975,7,3,111
81924,Dave Edmunds,1975,7,4,112
76727,Mike Flynn,1975,7,5,113
81943,Steve Fields,1975,7,6,114
81920,Wilbur Thomas,1975,7,7,115
81939,Shawn Leftwick,1975,7,8,116
81843,Peter Davis,1975,7,9,117
81865,Ike Williams,1975,7,10,118
81900,Nathaniel Barnett,1975,7,11,119
81911,Hollis Miller,1975,7,12,120
81871,Wayne Croft,1975,7,13,121
81895,John Grochowalski,1975,7,14,122
81851,Stan Boyer,1975,7,15,123
81931,Mike Franklin,1975,7,16,124
81836,Al Boswell,1975,7,17,125
81891,Fletcher Johnson,1975,7,18,126
81950,Harvey Carmichael,1975,8,1,127
81866,Mike Cashman,1975,8,2,128
81882,Oscar Jackson,1975,8,3,129
81926,Jack Schrader,1975,8,4,130
81876,Freeman Blade,1975,8,5,131
81917,Bob McCurdy,1975,8,6,132
81945,Charley Neal,1975,8,7,133
81844,Jerry Homan,1975,8,8,134
81860,John Kelley,1975,8,9,135
77504,Andre McCarter,1975,8,10,136
81902,Leon Johnson,1975,8,11,137
81910,Ken McKenzie,1975,8,12,138
76211,Jim Bostic,1975,8,13,139
81898,John Murphy,1975,8,14,140
81855,Mike Rozenski,1975,8,15,141
81933,Allen Jones,1975,8,16,142
81890,Bruce Hamming,1975,8,17,143
81841,Roger Morningstar,1975,8,18,144
81955,Fred Stokes,1975,9,1,145
81885,Dave Schlesser,1975,9,2,146
81921,Owen Brown,1975,9,3,147
81879,Larry Harralson,1975,9,4,148
81942,Quintin Braxton,1975,9,5,149
81916,Eric Hays,1975,9,6,150
78322,Terry Thomas,1975,9,7,151
81937,Skip Howard,1975,9,8,152
81847,Tim van Blommesteyn,1975,9,9,153
81905,Steve Storther,1975,9,10,154
81909,Rich Haws,1975,9,11,155
81899,Gary Tomaszewski,1975,9,12,156
81858,Scott Trobbe,1975,9,13,157
81934,George Rautins,1975,9,14,158
81842,Robert Rhodes,1975,9,15,159
81887,Doug Brookins,1975,9,16,160
81949,Aleksander Belov,1975,10,1,161
81884,Vic Kelly,1975,10,2,162
81925,Mike Moon,1975,10,3,163
81880,Rick Reed,1975,10,4,164
81919,Romy Thomas,1975,10,5,165
81944,Tyree Foster,1975,10,6,166
81935,Eric Anderson,1975,10,7,167
81846,Mo Rivers,1975,10,8,168
81859,Mickey Fox,1975,10,9,169
81907,Jerry Bellotti,1975,10,10,170
81852,Maurice Harper,1975,10,11,171
81927,Art Allen,1975,10,12,172
81888,Mike Fahey,1975,10,13,173
81839,Bill Endicott,1975,10,14,174
78450,Bill Walton,1974,1,1,1
76104,Marvin Barnes,1974,1,2,2
76305,Tom Burleson,1974,1,3,3
78143,John Shumate,1974,1,4,4
77193,Bobby Jones,1974,1,5,5
78482,Scott Wedman,1974,1,6,6
76996,Tom Henderson,1974,1,7,7
78047,Campy Russell,1974,1,8,8
77553,Tom McMillen,1974,1,9,9
78217,Mike Sojourner,1974,1,10,10
78532,Jamaal Wilkes,1974,1,11,11
78600,Brian Winters,1974,1,12,12
600010,Len Elmore,1974,1,13,13
77420,Maurice Lucas,1974,1,14,14
76634,Al Eberhard,1974,1,15,15
77869,Cliff Pondexter,1974,1,16,16
77525,Glenn McDonald,1974,1,17,17
76263,Gary Brokaw,1974,1,18,18
78184,Don Smith,1974,2,1,19
78400,Jan Van Breda Kolff,1974,2,2,20
77290,Billy Knight,1974,2,3,21
77993,Truck Robinson,1974,2,4,22
76083,Gus Bailey,1974,2,5,23
77302,Len Kosmalski,1974,2,6,24
76598,John Drew,1974,2,7,25
76860,Leonard Gray,1974,2,8,26
76146,Leon Benbow,1974,2,9,27
77115,Aaron James,1974,2,10,28
78199,Phil Smith,1974,2,11,29
76623,Dennis DuVal,1974,2,12,30
78065,Fred Saunders,1974,2,13,31
76509,Jesse Dark,1974,2,14,32
77627,Eric Money,1974,2,15,33
77424,Phil Lumpkin,1974,2,16,34
78237,Kevin Stacom,1974,2,17,35
81825,Rubin Collins,1974,2,18,36
77729,Connie Norman,1974,3,1,37
78436,Foots Walker,1974,3,2,38
77944,Kevin Restani,1974,3,3,39
76804,George Gervin,1974,3,4,40
81791,Robert Wilson,1974,3,5,41
76365,Harvey Catchings,1974,3,6,42
76667,Darrell Elston,1974,3,7,43
78168,Talvin Skinner,1974,3,8,44
77078,Kim Hughes,1974,3,9,45
81831,Bruce King,1974,3,10,46
77242,Frank Kendrick,1974,3,11,47
81749,Jim Bradley,1974,3,12,48
78546,Earl Williams,1974,3,13,49
81730,Rudy Jackson,1974,3,14,50
81743,Roland Grant,1974,3,15,51
78585,Bobby Wilson,1974,3,16,52
81725,Roscoe Pondexter,1974,3,17,53
81801,Greg McDougald,1974,3,18,54
81764,Butch Taylor,1974,4,1,55
77168,Mickey Johnson,1974,4,2,56
81818,James Foster,1974,4,3,57
81804,Randy Allen,1974,4,4,58
81788,Larry Robinson,1974,4,5,59
81755,Lloyd Batts,1974,4,6,60
81772,Ed Palubinskas,1974,4,7,61
81795,William Gordon,1974,4,8,62
76957,Bernie Harris,1974,4,9,63
81835,Ray Price,1974,4,10,64
81737,Willie Biles,1974,4,11,65
78470,Stan Washington,1974,4,12,66
81750,Ron de Vries,1974,4,13,67
81729,Roy Ebron,1974,4,14,68
81745,Mickey Martin,1974,4,15,69
81779,Jim Forbes,1974,4,16,70
81722,Lerman Battle,1974,4,17,71
81796,Lionel Billingy,1974,4,18,72
81761,Gary Crowthers,1974,5,1,73
81826,Bernard Hardin,1974,5,2,74
81821,Gary Novak,1974,5,3,75
81805,Ralph Bobik,1974,5,4,76
78488,Owen Wells,1974,5,5,77
81757,Terry Compton,1974,5,6,78
81771,Tyrone Medley,1974,5,7,79
78349,Dean Tolson,1974,5,8,80
81811,Tony Byers,1974,5,9,81
78105,Ed Searcy,1974,5,10,82
81739,Steve Erickson,1974,5,11,83
81753,Seymour Reed,1974,5,12,84
81773,Gary Anderson,1974,5,13,85
77101,Greg Jackson,1974,5,14,86
81747,Joe Newman,1974,5,15,87
81781,Randy Knowles,1974,5,16,88
76409,Ben Clyde,1974,5,17,89
81800,John Johnson,1974,5,18,90
81765,Mark Westra,1974,6,1,91
76036,Daniel Anderson,1974,6,2,92
81823,Aron Stewart,1974,6,3,93
81809,Collis Temple,1974,6,4,94
81787,Lawrence Johnson,1974,6,5,95
81758,Ron Kennedy,1974,6,6,96
81768,Sam Hervey,1974,6,7,97
77111,Wardell Jackson,1974,6,8,98
81814,Gary Link,1974,6,9,99
81832,Lawrence McCray,1974,6,10,100
81740,John Errecart,1974,6,11,101
81609,Roy McPipe,1974,6,12,102
81752,Billy Morris,1974,6,13,103
81732,Terry Mikan,1974,6,14,104
81748,Mike Sylvester,1974,6,15,105
81784,Robert Rosier,1974,6,16,106
81724,Gene Harmon,1974,6,17,107
81803,Larry Williams,1974,6,18,108
81763,Dave Stoczynski,1974,7,1,109
81829,Doug Richards,1974,7,2,110
81822,Mike Robinson,1974,7,3,111
81806,Clyde Dickey,1974,7,4,112
81786,Kevin Fitzgerald,1974,7,5,113
81756,Mark Browne,1974,7,6,114
77360,Greg Lee,1974,7,7,115
81794,Jerry Faulkner,1974,7,8,116
81812,Tommy Curtis,1974,7,9,117
81830,Joel Copeland,1974,7,10,118
81735,Brady Allen,1974,7,11,119
81754,Dennis Van Zant,1974,7,12,120
81777,Tom Turner,1974,7,13,121
81734,Billy Smith,1974,7,14,122
81744,Sammy High,1974,7,15,123
81783,Geoff Roberts,1974,7,16,124
81723,Ron Brown,1974,7,17,125
81799,Bob Hornstein,1974,7,18,126
81762,Jimmy Powell,1974,8,1,127
81824,Eldridge Broussard,1974,8,2,128
81819,Kerry Hughes,1974,8,3,129
81808,Tom Holland,1974,8,4,130
81785,Steve Brooks,1974,8,5,131
81759,Richie O'Connor,1974,8,6,132
81767,Bill Butler,1974,8,7,133
81792,Leonard Coulter,1974,8,8,134
81815,Glenn Price,1974,8,9,135
81834,Jay Piccola,1974,8,10,136
81736,Clarence Allen,1974,8,11,137
81775,Steve Platt,1974,8,12,138
81751,Bob Florence,1974,8,13,139
81731,Dennis McDermott,1974,8,14,140
81746,Greg Newman,1974,8,15,141
81782,Sam McCants,1974,8,16,142
81727,Richard Wallace,1974,8,17,143
81802,Ralph Palamar,1974,8,18,144
78454,Perry Warbington,1974,9,1,145
81827,Lee Haven,1974,9,2,146
81817,Jim Buskofsky,1974,9,3,147
81807,Ted Evans,1974,9,4,148
81789,Ken Stalling,1974,9,5,149
81591,Jeff Dawson,1974,9,6,150
81769,Lon Kruger,1974,9,7,151
81793,Bertrand du Pont,1974,9,8,152
81813,John Falconi,1974,9,9,153
76223,Ken Boyd,1974,9,10,154
81741,Carl Meier,1974,9,11,155
81776,Mark Raterink,1974,9,12,156
81728,Earl Brown,1974,9,13,157
81742,Gary Deitelhoff,1974,9,14,158
81778,Jerry Davenport,1974,9,15,159
78167,Al Skinner,1974,9,16,160
81797,Mike Deane,1974,9,17,161
81766,Larry Witherspoon,1974,10,1,162
81828,Ron Jones,1974,10,2,163
81820,Jim Kelly,1974,10,3,164
81810,Mark Wasley,1974,10,4,165
81790,Marcus Washington,1974,10,5,166
81760,Dennis White,1974,10,6,167
81770,Brendy Lee,1974,10,7,168
76559,Rod Derline,1974,10,8,169
81816,Andy Rimol,1974,10,9,170
81833,Walt McGary,1974,10,10,171
81738,Marvin Buckley,1974,10,11,172
81774,Pete Collins,1974,10,13,173
81733,John O'Connell,1974,10,14,174
77388,Bill Ligon,1974,10,15,175
81780,Rick Hockenos,1974,10,16,176
81726,Phil Rogers,1974,10,17,177
81798,Bruce Featherston,1974,10,18,178
76421,Doug Collins,1973,1,1,1
76248,Jim Brewer,1973,1,2,2
76568,Ernie DiGregorio,1973,1,3,3
76873,Mike Green,1973,1,4,4
78467,Kermit Washington,1973,1,5,5
77914,Ed Ratleff,1973,1,6,6
76140,Ron Behagen,1973,1,7,7
76095,Mike Bantom,1973,1,8,8
77182,Dwight Jones,1973,1,9,9
76276,John Brown,1973,1,10,10
81593,Kevin Joyce,1973,1,11,11
77323,Kevin Kunnert,1973,1,12,12
78475,Nick Weatherspoon,1973,1,13,13
76529,Mel Davis,1973,1,14,14
81718,Barry Parkhill,1973,1,15,15
77689,Swen Nater,1973,1,16,16
76594,Steve Downing,1973,1,17,17
81622,Raymond Lewis,1973,1,18,18
77701,Louie Nelson,1973,2,1,19
76505,Mike D'Antoni,1973,2,2,20
76257,Allan Bristow,1973,2,3,21
77532,George McGinnis,1973,2,4,22
81611,Billy Schaeffer,1973,2,5,23
78237,Kevin Stacom,1973,2,6,24
77561,Larry McNeill,1973,2,7,25
81701,Allan Hornyak,1973,2,8,26
77094,Tom Ingelsby,1973,2,9,27
81587,Patrick McFarland,1973,2,10,28
76564,Derrek Dickey,1973,2,11,29
81648,Wendell Hudson,1973,2,12,30
76392,Jim Chones,1973,2,13,31
77175,Caldwell Jones,1973,2,14,32
77575,Gary Melchionni,1973,2,15,33
81610,John Perry,1973,2,16,34
76936,Phil Hankinson,1973,2,17,35
77451,Ted Manakas,1973,3,1,36
81707,Jim O'Brien,1973,3,2,37
76383,Ken Charles,1973,3,3,38
81653,Martin Terry,1973,3,4,39
81698,Ozzie Edwards,1973,3,5,40
81703,James Lister,1973,3,6,41
77923,Joe Reaves,1973,3,7,42
81678,Steve Mitchell,1973,3,8,43
77330,Bo Lamar,1973,3,9,44
76860,Leonard Gray,1973,3,10,45
81597,Jim Retseck,1973,3,11,46
81651,Steve Newsome,1973,3,12,47
77305,Tom Kozelko,1973,3,13,48
77535,Allie McGuire,1973,3,14,49
77246,Larry Kenon,1973,3,15,50
76413,E.C. Coleman,1973,3,16,51
81573,Martinez Denmon,1973,3,17,52
81623,Darrel Minniefield,1973,4,1,53
81693,Doug Little,1973,4,2,54
76076,William Averitt,1973,4,3,55
81661,June Harris,1973,4,4,56
78603,Luke Witte,1973,4,5,57
81654,Lee Colburn,1973,4,6,58
81672,Clyde Turner,1973,4,7,59
81679,Ronnie Robinson,1973,4,8,60
81599,Ken Brady,1973,4,9,61
81630,James Brown,1973,4,10,62
81594,Ron King,1973,4,11,63
78145,Mark Sibley,1973,4,12,64
81643,Aaron Stewart,1973,4,13,65
77223,George Karl,1973,4,14,66
81671,Harry Rogers,1973,4,15,67
81608,Larry Finch,1973,4,16,68
81574,Richie Fuqua,1973,4,17,69
81626,Reggie Royals,1973,5,1,70
81714,Fran Costello,1973,5,2,71
81482,Randy Noll,1973,5,3,72
81662,Chuck Iverson,1973,5,4,73
76457,John Coughran,1973,5,5,74
81657,Gary Rhoades,1973,5,6,75
76351,M.L. Carr,1973,5,7,76
81677,Clinton Harris,1973,5,8,77
81606,Henry Wilmore,1973,5,9,78
81633,Dave Winfield,1973,5,10,79
81433,Nate Stephens,1973,5,11,80
81652,Ray Simpson,1973,5,12,81
81644,Danny Traylor,1973,5,13,82
76142,Dennis Bell,1973,5,14,83
81560,Kresimir Cosic,1973,5,15,84
81669,Larry Jackson,1973,5,16,85
81578,Byron Jones,1973,5,17,86
81629,Sterling Wright,1973,6,1,87
77428,Mike Macaluso,1973,6,2,88
81717,Neal Jurgensen,1973,6,3,89
81664,Bill McCoy,1973,6,4,90
81697,Willie Calvert,1973,6,5,91
81656,Tom Peck,1973,6,6,92
81615,Mike Quick,1973,6,7,93
81675,Gene Doyle,1973,6,8,94
81601,Dennis Johnson,1973,6,9,95
78575,John Williamson,1973,6,10,96
81595,Bob Lauriski,1973,6,11,97
77705,Johnny Neumann,1973,6,12,98
81635,Mike Allocco,1973,6,13,99
81586,Lawrence Lilly,1973,6,14,100
81668,James Floyd,1973,6,15,101
81607,David Brent,1973,6,16,102
81572,Joe Cafferky,1973,6,17,103
81618,James Greene,1973,7,1,104
81716,Larry Hollyfield,1973,7,2,105
76120,Tim Bassett,1973,7,3,106
81659,Jim Andrews,1973,7,4,107
81700,Larry Farmer,1973,7,5,108
81655,Fred DeVaughn,1973,7,6,109
81613,Mike Jeffries,1973,7,7,110
81674,Jerry Bisbano,1973,7,8,111
81604,Fred Smiley,1973,7,9,112
81632,Pete Harris,1973,7,10,113
81598,Steve Smith,1973,7,11,114
81647,Billy Harris,1973,7,12,115
81639,Rod Hogue,1973,7,13,116
81588,Mike Moore,1973,7,14,117
76978,Nate Hawthorne,1973,7,15,118
81667,Eddie Childress,1973,7,16,119
81507,Mike Stewart,1973,7,17,120
81621,Dave Langston,1973,8,1,121
81690,Carl Jackson,1973,8,2,122
81720,Lendell Resson,1973,8,3,123
81663,Wardell Jeffries,1973,8,4,124
81710,John Ritter,1973,8,5,125
81658,John Thomas,1973,8,6,126
81616,Mike Williams,1973,8,7,127
77784,Jim Owens,1973,8,8,128
77240,Ben Kelso,1973,8,9,129
81631,Tim Dominey,1973,8,10,130
81591,Jeff Dawson,1973,8,11,131
81646,J. G. Brosterhos,1973,8,12,132
81640,Mark Jellison,1973,8,13,133
81589,Steve Rowell,1973,8,14,134
81670,Walt McGrary,1973,8,15,135
81609,Roy McPipe,1973,8,16,136
81582,Robert White,1973,8,17,137
76365,Harvey Catchings,1973,9,1,138
81713,Mike Contreras,1973,9,2,139
81687,Bob Fullerton,1973,9,3,140
81665,Greg Williams,1973,9,4,141
81712,Les Taylor,1973,9,5,142
81612,James Brown,1973,9,6,143
81681,Sandy Smith,1973,9,7,144
81602,Bill Kelgore,1973,9,8,145
81592,Everett Fopma,1973,9,9,146
81650,Rubin Montanez,1973,9,10,147
81637,Mike Boylan,1973,9,11,148
81590,Joe Wise,1973,9,12,149
81673,Bob Vacca,1973,9,13,150
81581,Corky Taylor,1973,9,14,151
81627,Abe Steward,1973,10,1,152
81684,Nick Connor,1973,10,2,153
81721,Sam Whitehead,1973,10,3,154
81660,Bob Bodell,1973,10,4,155
81704,Dean Martin,1973,10,5,156
81614,Ernie Kusyner,1973,10,6,157
81682,Claude White,1973,10,7,158
81605,Bob Solomon,1973,10,8,159
81596,Fred Lavoroni,1973,10,9,160
81649,Russ Hunt,1973,10,10,161
81641,Dick Kelly,1973,10,11,162
81585,Ed Fields,1973,10,12,163
81666,Ron Battle,1973,10,13,164
81524,Steve Turner,1973,10,14,165
76756,Rod Freeman,1973,11,1,166
81719,Ed Payne,1973,11,2,167
81692,Mike Lee,1973,11,3,168
81702,Floyd Lewis,1973,11,4,169
81676,Lynn Greer,1973,11,5,170
81603,Len Paul,1973,11,6,171
81634,Dale Adams,1973,11,7,172
81533,Charles Edge,1973,11,8,173
81577,Ed Hastings,1973,11,9,174
81628,Connie Warren,1973,12,1,175
81685,Aaron Covington,1973,12,2,176
81715,Rick Holdt,1973,12,3,177
81705,Chris McMurray,1973,12,4,178
81683,Lyman Williamson,1973,12,5,179
81600,Clarence Carlisle,1973,12,6,180
81636,Mike Battle,1973,12,7,181
81584,Bruce Winkler,1973,12,8,182
81617,Jim Crawford,1973,13,1,183
81696,Bob Vartanian,1973,13,2,184
81709,John Pennebacker,1973,13,3,185
81680,Kalevi Sarkalahti,1973,13,4,186
81638,Chester Davis,1973,13,5,187
81580,Scott Koelzer,1973,13,6,188
81620,Ernie Johnson,1973,14,1,189
81688,Ron Gilliam,1973,14,2,190
81706,Charles Mitchell,1973,14,3,191
81645,Howard White,1973,14,4,192
81583,Rick Williams,1973,14,5,193
81619,Lionel Harris,1973,15,1,194
81686,John Fraley,1973,15,2,195
81711,Reese Stovall,1973,15,3,196
81642,W. Shorty Simmons,1973,15,4,197
81576,James Gilchrist,1973,15,5,198
81625,Larry Robinson,1973,16,1,199
81689,John Green,1973,16,2,200
81708,Tom O'Connor,1973,16,3,201
81571,Sam Barber,1973,16,4,202
81624,Tony Prince,1973,17,1,203
76793,Jim Garvin,1973,17,2,204
81699,Phil Elderkin,1973,17,3,205
81579,Lamont King,1973,17,4,206
81691,Don Johnston,1973,18,1,207
81575,Peter Gavitt,1973,18,2,208
81694,Ron Thornson,1973,19,1,209
81570,Tom Austin,1973,19,2,210
81695,Phil Tollestrop,1973,20,1,211
77475,Larue Martin,1972,1,1,1
77498,Bob McAdoo,1972,1,2,2
76521,Double D Davis,1972,1,3,3
76330,Corky Calhoun,1972,1,4,4
76222,Fred Boyd,1972,1,5,5
77365,Russell Lee,1972,1,6,6
78239,Isaac Stallworth,1972,1,7,7
77960,Tom Riker,1972,1,8,8
77688,Bob Nash,1972,1,9,9
78500,Paul Westphal,1972,1,10,10
78157,Ralph Simpson,1972,1,11,11
76681,Julius Erving,1972,1,12,12
76853,Travis Grant,1972,1,13,13
76533,Bob Davis,1972,2,1,14
76746,Harold Fox,1972,2,2,15
77883,Jim Price,1972,2,3,16
76733,Chris Ford,1972,2,4,17
78622,Joby Wright,1972,2,5,18
78144,Sam Sibert,1972,2,6,19
76806,John Gianelli,1972,2,7,20
76226,Steve Bracey,1972,2,8,21
78267,Paul Stovall,1972,2,9,22
78296,Brian Taylor,1972,2,10,23
76971,Steve Hawes,1972,2,11,24
77813,Tommy Patterson,1972,2,12,25
78387,Dave Twardzik,1972,2,13,26
81436,Dennis Wuycik,1972,2,14,27
77915,Mike Ratliff,1972,2,15,28
78306,Chuck Terry,1972,2,16,29
77162,Ollie Johnson,1972,2,17,30
77696,Lloyd Neal,1972,3,1,31
81551,Bob Morse,1972,3,2,32
76675,Scott English,1972,3,3,33
76317,Don Buse,1972,3,4,34
78046,Frank Russell,1972,3,5,35
81473,Charlie Tharpe,1972,3,6,36
77567,Eric McWilliams,1972,3,7,37
77964,Ron Riley,1972,3,8,38
77876,Kevin Porter,1972,3,9,39
76468,Jim Creighton,1972,3,10,40
81444,Ansley Truitt,1972,3,11,41
78308,Claude Terry,1972,3,12,42
76374,Bill Chamberlain,1972,3,13,43
81428,Wayne Grabiec,1972,3,14,44
81501,Chuck Jura,1972,3,15,45
81525,George Adams,1972,3,16,46
81264,Gregg Northington,1972,3,17,47
81400,Gary Stewart,1972,4,1,48
81542,George Bryant,1972,4,2,49
81558,Hank Siemiontkowski,1972,4,3,50
81310,Ernie Fleming,1972,4,4,51
81475,Marshall Wingate,1972,4,5,52
78069,Frank Schade,1972,4,6,53
81514,Wilbert Robinson,1972,4,7,54
81477,Reggie Bird,1972,4,8,55
81495,Al Saunders,1972,4,9,56
81520,Joe Mackey,1972,4,10,57
76162,Henry Bibby,1972,4,11,58
81534,Matt Gantt,1972,4,12,59
81449,John Tshogl,1972,4,13,60
81433,Nate Stephens,1972,4,14,61
81504,Ted Martiniuk,1972,4,15,62
81530,Art White,1972,4,16,63
81567,Mike Reid,1972,5,1,64
81540,Arnie Berman,1972,5,2,65
81553,Sam Cash,1972,5,3,66
81454,Ernest Pettis,1972,5,4,67
81458,David Bustion,1972,5,5,68
81468,Joe Bynes,1972,5,6,69
78150,James Silas,1972,5,7,70
81481,Bob Lackey,1972,5,8,71
81491,Walter Jones,1972,5,9,72
81519,Gary Ladd,1972,5,10,73
81440,Bob Ford,1972,5,11,74
81532,Wardell Dyson,1972,5,12,75
76607,Charles Dudley,1972,5,13,76
81427,Bryan Adrian,1972,5,14,77
76789,Rowland Garrett,1972,5,15,78
81526,Ron Harris,1972,5,16,79
81401,Glen Summors,1972,5,17,80
81561,Joe Gaines,1972,6,1,81
81545,Ed Czernota,1972,6,2,82
81557,Tom Parker,1972,6,3,83
81451,Terry Benton,1972,6,4,84
81469,John Glover,1972,6,5,85
81460,Jerry Crocker,1972,6,6,86
81511,Mike Collins,1972,6,7,87
81482,Randy Noll,1972,6,8,88
81488,Dwaine Dillard,1972,6,9,89
81523,Ronald Thomas,1972,6,10,90
81437,Greg Cleuss,1972,6,11,91
81533,Charles Edge,1972,6,12,92
81445,Henry Bacon,1972,6,13,93
81429,Doug Holcomb,1972,6,14,94
81507,Mike Stewart,1972,6,15,95
81435,Wally Wright,1972,6,16,96
81455,Sam Simmons,1972,6,17,97
81564,Bob Lynn,1972,7,1,98
81550,Greg Kohls,1972,7,2,99
81554,Steve Davidson,1972,7,3,100
81450,Bruce Anderson,1972,7,4,101
81467,Mike Sneed,1972,7,5,102
81472,Curtis Pritchett,1972,7,6,103
81513,Mike Jackson,1972,7,7,104
81483,Billy Pleas,1972,7,8,105
81487,Marvin Brown,1972,7,9,106
81516,Jerry Dunn,1972,7,10,107
81443,Tracy Tripucka,1972,7,11,108
76761,Bernie Fryer,1972,7,12,109
81448,William Franklin,1972,7,13,110
81432,Stephen Previs,1972,7,14,111
81505,Jerry Pender,1972,7,15,112
76522,Edward Davis,1972,7,16,113
81568,Ruben Vance,1972,8,1,114
81546,Andy Denny,1972,8,2,115
81555,Roger Evans,1972,8,3,116
77240,Ben Kelso,1972,8,4,117
81470,Jim Kopp,1972,8,5,118
81459,Jerry Clack,1972,8,6,119
81512,Henry Harris,1972,8,7,120
81479,Oscar Evans,1972,8,8,121
81489,Jim Floyd,1972,8,9,122
81522,Willy Stoudamire,1972,8,10,123
81438,Tom Corde,1972,8,11,124
81322,Russell Golden,1972,8,12,125
81446,John Burks,1972,8,13,126
81431,Sam McCarney,1972,8,14,127
81497,Cavin Anderson,1972,8,15,128
81527,Charles Kirkland,1972,8,16,129
81565,Scott McCandlish,1972,9,1,130
81543,John Collins,1972,9,2,131
81425,Greg Starrick,1972,9,3,132
81453,Kessie Mangam,1972,9,4,133
81464,Steve McMahon,1972,9,5,134
81471,Rod Murray,1972,9,6,135
81484,Larry Strozier,1972,9,7,136
81486,Ruppert Breedlove,1972,9,8,137
81518,Dwight Holliday,1972,9,9,138
81442,Tom Sullivan,1972,9,10,139
81536,Bill Kennedy,1972,9,11,140
81447,Bill Duey,1972,9,12,141
81500,Ralph Houston,1972,9,13,142
81528,Jim Regenold,1972,9,14,143
81560,Kresimir Cosic,1972,10,1,144
81556,Kent Martens,1972,10,2,145
81452,Kent Hollenbeck,1972,10,3,146
81474,Gary Watson,1972,10,4,147
81461,David Hall,1972,10,5,148
81478,Jim Clesson,1972,10,6,149
81493,Will Loftin,1972,10,7,150
81521,Dan Stewart,1972,10,8,151
81441,Richie Garner,1972,10,9,152
81539,Al Vilcheck,1972,10,10,153
81430,Marty Hunt,1972,10,11,154
81508,Chuck Taylor,1972,10,12,155
81529,Jolly Spight,1972,10,13,156
81569,Jimmy Wilkins,1972,11,1,157
81552,Jim Prokell,1972,11,2,158
81463,Floyd Mathew,1972,11,3,159
81476,Charles Allen,1972,11,4,160
81496,Marvin Watkins,1972,11,5,161
81524,Steve Turner,1972,11,6,162
81439,Chic Downing,1972,11,7,163
81531,John Belcher,1972,11,8,164
77612,Mark Minor,1972,11,9,165
81510,Jackie Young,1972,11,10,166
81547,Frank Dewitt,1972,12,1,167
81457,Len Baltimore,1972,12,2,168
81480,James Green,1972,12,3,169
81485,Lloyd Adams,1972,12,4,170
81515,Gregg Daust,1972,12,5,171
81537,Mark Soderberg,1972,12,6,172
81434,Phil Stephens,1972,12,7,173
81498,Al Cotler,1972,12,8,174
81566,Larry Morris,1972,13,1,175
81549,Kim Huband,1972,13,2,176
81466,Kent Scott,1972,13,3,177
81492,Mike Krawzyk,1972,13,4,178
81538,Kelly Utley,1972,13,5,179
76112,Mike Barr,1972,13,6,180
81563,Paul Kelley,1972,14,1,181
81544,Greg Corson,1972,14,2,182
81456,Bob Allen,1972,14,3,183
81494,Aubrey Nash,1972,14,4,184
81517,Cleveland Hill,1972,14,5,185
81535,Ray Golson,1972,14,6,186
81506,Andrew Pettes,1972,14,7,187
81562,Rich Haubeggar,1972,15,1,188
81548,Paul Hoffman,1972,15,2,189
81462,Mike Jefferies,1972,15,3,190
81490,Gary Handleman,1972,15,4,191
81502,Greg Lowery,1972,15,5,192
81559,Mose Adolph,1972,16,1,193
81541,Norman Bounds,1972,16,2,194
81465,Mike Peterson,1972,16,3,195
81499,Charles Hall,1972,16,4,196
81509,John Thornton,1972,17,1,197
81503,Ron Manning,1972,18,1,198
76348,Austin Carr,1971,1,1,1
78520,Sidney Wicks,1971,1,2,2
78188,Elmore Smith,1971,1,3,3
76622,Ken Durrett,1971,1,4,4
78366,George Trapp,1971,1,5,5
76272,Fred Brown,1971,1,6,6
77570,Cliff Meely,1971,1,7,7
77028,Darnell Hillman,1971,1,8,8
77413,Stan Love,1971,1,9,9
76825,Clarence Glover,1971,1,10,10
78028,Curtis Rowe,1971,1,11,11
81307,Dana Lewis,1971,1,12,12
76402,Jim Cleamons,1971,1,13,13
78000,John Roche,1971,1,14,14
77540,Kenny McIntosh,1971,1,15,15
77578,Dean Meminger,1971,1,16,16
81370,Collis Jones,1971,1,17,17
77812,Steve Patterson,1971,2,1,18
77029,Fred Hilton,1971,2,2,19
81338,Willard Sojourner,1971,2,3,20
77580,John Mengelt,1971,2,4,21
77510,"Ted, Hound Dog McClain",1971,2,5,22
77523,Jim McDaniels,1971,2,6,23
77710,Mike Newlin,1971,2,7,24
78631,Charlie Yelverton,1971,2,8,25
81402,Amos Thomas,1971,2,9,26
81422,Richard Fisher,1971,2,10,27
81255,Jim Rose,1971,2,11,28
78580,Isaiah Wilson,1971,2,12,29
76981,Spencer Haywood,1971,2,13,30
81086,Joe Bergman,1971,2,14,31
77875,Howard Porter,1971,2,15,32
81309,Marvin Stewart,1971,2,16,33
81264,Gregg Northington,1971,2,17,34
81413,Willie Long,1971,2,18,35
81412,Gerald Lockett,1971,3,1,36
78245,Larry Steele,1971,3,2,37
81299,Rich Yunkus,1971,3,3,38
76923,Jeff Halliburton,1971,3,4,39
77917,Clifford Ray,1971,3,5,40
77957,Jackie Ridgle,1971,3,6,41
78207,Bill Smith,1971,3,7,42
77965,Rich Rinaldi,1971,3,8,43
77998,Dave Robisch,1971,3,9,44
77978,Marv Roberts,1971,3,10,45
78606,Dave Wohl,1971,3,11,46
76771,Mike Gale,1971,3,12,47
77350,Dennis Layton,1971,3,13,48
76807,Dick Gibbs,1971,3,14,49
77494,Ken Mayfield,1971,3,15,50
81365,Gary Brell,1971,3,16,51
81410,Cliff Harris,1971,4,1,52
81398,Jimmy O'Brien,1971,4,2,53
81421,Bobby Fields,1971,4,3,54
76367,Sid Catlett,1971,4,4,55
81317,Jim Welch,1971,4,5,56
81358,Pembroke Burrows,1971,4,6,57
77786,Tom Owens,1971,4,7,58
81269,Greg Gary,1971,4,8,59
81319,Willie Allen,1971,4,9,60
76558,Randy Denton,1971,4,10,61
81277,Jarrett Durham,1971,4,11,62
81304,Erwin Johnson,1971,4,12,63
76286,Roger Brown,1971,4,13,64
81390,Walt Szczerbiak,1971,4,14,65
81335,Jim Irving,1971,4,15,66
81263,Steve Niles,1971,4,16,67
81376,Henry Smith,1971,4,17,68
81414,Brian Mahoney,1971,5,1,69
81397,Garry Nelson,1971,5,2,70
81418,Hector Blondet,1971,5,3,71
81296,Jim Guymond,1971,5,4,72
81297,Tyrone Marionneaux,1971,5,5,73
81364,Jeff Smith,1971,5,6,74
81342,Rudy Benjamin,1971,5,7,75
76029,Odis Allison,1971,5,8,76
81324,Don Johnson,1971,5,9,77
81349,Greg Nelson,1971,5,10,78
81288,Vincent White,1971,5,11,79
81303,Richard Hood,1971,5,12,80
81292,Lee Dedmon,1971,5,13,81
81383,Kenneth Gardner,1971,5,14,82
81340,Larry Weatherford,1971,5,15,83
81386,Bob Kissane,1971,5,16,84
77699,Barry Nelson,1971,5,17,85
81408,Mike Childress,1971,6,1,86
81401,Glen Summors,1971,6,2,87
81420,Jim Day,1971,6,3,88
77534,Gil McGregor,1971,6,4,89
81311,Willie Humes,1971,6,5,90
81362,Mike Neciase,1971,6,6,91
81352,Garry Reist,1971,6,7,92
77133,Charlie Johnson,1971,6,8,93
81328,John Novey,1971,6,9,94
81256,Thorpe Weber,1971,6,10,95
81284,Jim Larranga,1971,6,11,96
77185,Jake Jones,1971,6,12,97
81290,Bill Brickhouse,1971,6,13,98
81384,William Graham,1971,6,14,99
81333,Jim England,1971,6,15,100
81262,Bill Mainor,1971,6,16,101
81371,Ed Kemp,1971,6,17,102
81407,Tom Bush,1971,7,1,103
78200,Randy Smith,1971,7,2,104
81423,Gene Knolle,1971,7,3,105
81298,Ollie Shannon,1971,7,4,106
81313,Mike Jordan,1971,7,5,107
81359,John Duncan,1971,7,6,108
81344,Eric Hill,1971,7,7,109
81271,Ken May,1971,7,8,110
81323,Dennis Hogg,1971,7,9,111
81257,Skip Young,1971,7,10,112
81283,Steve Kelly,1971,7,11,113
81302,Curtis Ford,1971,7,12,114
81293,Gene Gathers,1971,7,13,115
81379,Ralph Brateris,1971,7,14,116
600014,Artis Gilmore,1971,7,15,117
81258,Danny Davis,1971,7,16,118
81374,Gene Phillips,1971,7,17,119
76519,Charlie Davis,1971,8,1,120
81395,Craig Love,1971,8,2,121
81426,John Sutter,1971,8,3,122
81295,Frank Fitzgerald,1971,8,4,123
81316,Jim Smith,1971,8,5,124
77416,Chuck Lowery,1971,8,6,125
81346,Rich Katherman,1971,8,7,126
81270,Jim Haderlein,1971,8,8,127
81322,Russell Golden,1971,8,9,128
81254,John Ribock,1971,8,10,129
81282,Wayne Jones,1971,8,11,130
78629,Barry Yates,1971,8,12,131
81289,Luke Adams,1971,8,13,132
81382,Vernell Ellzy,1971,8,14,133
81337,Clarence Sherrod,1971,8,15,134
81260,Leroy Eldridge,1971,8,16,135
81377,Felix Thurston,1971,8,17,136
81417,Rich Walker,1971,9,1,137
81400,Gary Stewart,1971,9,2,138
77243,Eugene Kennedy,1971,9,3,139
81310,Ernie Fleming,1971,9,4,140
81360,Larry Holliday,1971,9,5,141
81347,Willie Kerry,1971,9,6,142
81272,Clarence Smith,1971,9,7,143
81325,Ron Johnston,1971,9,8,144
81253,Ray Green,1971,9,9,145
81273,Paul Botts,1971,9,10,146
81306,Tom Lee,1971,9,11,147
81291,Bob Cheeks,1971,9,12,148
81385,Mike Johnson,1971,9,13,149
76575,Jackie Dinkins,1971,9,14,150
81265,Mike O'Brien,1971,9,15,151
81368,Rick Howat,1971,9,16,152
81415,Jim Meredith,1971,10,1,153
81403,Don Ward,1971,10,2,154
81425,Greg Starrick,1971,10,3,155
81315,Ron Rippitoe,1971,10,4,156
81361,Ed Huston,1971,10,5,157
81350,Calvin Oliver,1971,10,6,158
81268,Bill Drosdiak,1971,10,7,159
81327,Eddie Myers,1971,10,8,160
81252,Dale Dover,1971,10,9,161
81275,Steve Butcher,1971,10,10,162
81301,Jim Dinwiddie,1971,10,11,163
81294,Cliff Mosely,1971,10,12,164
81389,Tom Newell,1971,10,13,165
81341,David Withers,1971,10,14,166
81267,Andy Toth,1971,10,15,167
81366,Dan Fife,1971,10,16,168
81159,Mike Casey,1971,11,1,169
81404,Bill Warner,1971,11,2,170
81419,Howard Burford,1971,11,3,171
81318,Levi Wyatt,1971,11,4,172
81363,Jerome Perry,1971,11,5,173
81353,Doug Rex,1971,11,6,174
81329,Chuck Olowski,1971,11,7,175
81249,Reggie Brooks,1971,11,8,176
81286,Larry Saunders,1971,11,9,177
81308,Dana Pagett,1971,11,10,178
81387,Paul Leitz,1971,11,11,179
81007,Al Smith,1971,11,12,180
81259,Ken Davis,1971,11,13,181
81367,Blaine Henry,1971,11,14,182
81213,Doug Hess,1971,12,1,183
81405,Butch Webster,1971,12,2,184
81424,Don Sechler,1971,12,3,185
81314,Roger Moore,1971,12,4,186
81356,Chris Schrobilgen,1971,12,5,187
81320,Bob Connor,1971,12,6,188
81251,John Dalton,1971,12,7,189
81279,Bob Horn,1971,12,8,190
81305,Ken Kowall,1971,12,9,191
81388,Floyd Mason,1971,12,10,192
81336,Ken Riley,1971,12,11,193
81261,Carl Greenfield,1971,12,12,194
81373,Gene Mumford,1971,12,13,195
81411,Bobby Jones,1971,13,1,196
81399,Pete Smith,1971,13,2,197
81312,Ed Jenkins,1971,13,3,198
81348,Lee McCollough,1971,13,4,199
81321,Ron Crosswhite,1971,13,5,200
81250,Leroy Chalk,1971,13,6,201
81285,Willie Roberson,1971,13,7,202
81300,Hank Commodore,1971,13,8,203
81381,Ron Dorsey,1971,13,9,204
81334,Ed Goode,1971,13,10,205
81212,Larry Duckworth,1971,13,11,206
81375,Pierre Russell,1971,13,12,207
81409,Bubbles Harris,1971,14,1,208
81394,Ray Lavender,1971,14,2,209
81354,Gene Roberson,1971,14,3,210
81330,Rudolph Peele,1971,14,4,211
81276,Art Davis,1971,14,5,212
81378,Ken Booker,1971,14,6,213
81332,Richard Dixon,1971,14,7,214
81266,Jack O'Connor,1971,14,8,215
81369,George Jackson,1971,14,9,216
81406,Larry Baker,1971,15,1,217
81391,William Chatmon,1971,15,2,218
81343,Terry Guigg,1971,15,3,219
81326,James Morrell,1971,15,4,220
81278,James Fleming,1971,15,5,221
81380,Curtis Carter,1971,15,6,222
81339,Liscio Thomas,1971,15,7,223
81372,Loyd King,1971,15,8,224
81416,Vance Tyree,1971,16,1,225
81392,James Douglas,1971,16,2,226
81345,Leonard Jackson,1971,16,3,227
81287,Fred Smiley,1971,16,4,228
81331,Bob Bissant,1971,16,5,229
81393,Nelson Isley,1971,17,1,230
81357,Steve Sims,1971,17,2,231
81281,Leroy Jenkins,1971,17,3,232
81396,Joey Meyer,1971,18,1,233
81351,Carlos Quintanar,1971,18,2,234
81274,Ike Bundy,1971,18,3,235
81355,Gary Schneider,1971,19,1,236
81280,Ed Jenkins,1971,19,2,237
600005,Bob Lanier,1970,1,1,1
78350,Rudy Tomjanovich,1970,1,2,2
77459,Pete Maravich,1970,1,3,3
76462,Dave Cowens,1970,1,4,4
77326,Sam Lacey,1970,1,5,5
76055,Jim Ard,1970,1,6,6
77152,John Johnson,1970,1,7,7
77844,Geoff Petrie,1970,1,8,8
77147,George Johnson,1970,1,9,9
77066,Greg Howard,1970,1,10,10
76419,Jimmy Collins,1970,1,11,11
77000,Al Henry,1970,1,12,12
77554,Jim McMillian,1970,1,13,13
78397,John Vallely,1970,1,14,14
77080,John Hummer,1970,1,15,15
76755,Gary Freeman,1970,1,16,16
77884,Mike Price,1970,1,17,17
77669,Calvin Murphy,1970,2,1,18
76054,Nate Archibald,1970,2,2,19
76735,Jake Ford,1970,2,3,20
77641,Rex Morgan,1970,2,4,21
81117,Doug Cook,1970,2,5,22
76477,Pete Cross,1970,2,6,23
78460,Cornell Warner,1970,2,7,24
76817,Walt Gilmore,1970,2,8,25
78220,Dave Sorenson,1970,2,9,26
78298,Fred Taylor,1970,2,10,27
78039,Paul Ruffner,1970,2,11,28
81204,Joe DePre,1970,2,12,29
77257,Ernie Killum,1970,2,13,30
81138,Dan Hester,1970,2,14,31
81101,Ken Warzynski,1970,2,15,32
78648,Bill Zopf,1970,2,16,33
81085,Howie Wright,1970,2,17,34
77835,Curtis Perry,1970,3,1,35
81087,Earle Higgins,1970,3,2,36
81100,Bob St. Pierre,1970,3,3,37
78574,Willie Williams,1970,3,4,38
77091,Greg Hyder,1970,3,5,39
76985,Garfield Heard,1970,3,6,40
81224,Surry Oliver,1970,3,7,41
81239,Bill Cain,1970,3,8,42
80981,Chip Case,1970,3,9,43
81207,Greg McDivitt,1970,3,10,44
81162,Lou Herndon,1970,3,11,45
76078,Dennis Awtrey,1970,3,12,46
81096,Jim Hayes,1970,3,13,47
81211,Vann Williford,1970,3,14,48
81149,Seaburn Hill,1970,3,15,49
78597,Marv Winkler,1970,3,16,50
81084,Al Williams,1970,3,17,51
81176,Jody Finney,1970,4,1,52
77748,Ralph Ogden,1970,4,2,53
78269,Bill Stricker,1970,4,3,54
81077,Jon McKinney,1970,4,4,55
81119,Wade Fuller,1970,4,5,56
81160,John Davis,1970,4,6,57
81215,Erwin Polnick,1970,4,7,58
81247,Jim Penix,1970,4,8,59
81230,Glen Vidnovic,1970,4,9,60
81206,Bob Lienhard,1970,4,10,61
81168,Jim Wilson,1970,4,11,62
81129,Dan Crenshaw,1970,4,12,63
77591,Larry Mikan,1970,4,13,64
81137,Fred Davis,1970,4,14,65
81150,Billy Jones,1970,4,15,66
81193,Virgle Fredricks,1970,4,16,67
81081,John Marren,1970,4,17,68
81177,James Gilbert,1970,5,1,69
76731,Levi Fontaine,1970,5,2,70
81097,Bill Jankans,1970,5,3,71
81072,Tom Carter,1970,5,4,72
81128,Uluss Thompson,1970,5,5,73
81187,Boyd Lynch,1970,5,6,74
81227,Wayne Sokolowski,1970,5,7,75
77288,Ron Knight,1970,5,8,76
81214,Robert Moore,1970,5,9,77
81201,John Canine,1970,5,10,78
77149,George Johnson,1970,5,11,79
81135,Perry Wallace,1970,5,12,80
81105,John Fultz,1970,5,13,81
77963,Bob Riley,1970,5,14,82
78641,Gary Zeller,1970,5,15,83
80957,Mike Grosso,1970,5,16,84
81082,Jim Oxley,1970,5,17,85
81179,Mike Kretzer,1970,6,1,86
76118,Vic Bartolome,1970,6,2,87
81091,Seviro Brown,1970,6,3,88
81076,Rod McIntyre,1970,6,4,89
81116,Charles Bishop,1970,6,5,90
81191,Samuel Robinson,1970,6,6,91
81213,Doug Hess,1970,6,7,92
81243,George Janky,1970,6,8,93
76440,Joe Cooke,1970,6,9,94
78321,Joe Thomas,1970,6,10,95
81165,Lonnie Kluttz,1970,6,11,96
81134,Jerry Venable,1970,6,12,97
81106,Jerry Kroll,1970,6,13,98
81141,Dave Parker,1970,6,14,99
81151,Marvin Polnick,1970,6,15,100
81198,Willy Watson,1970,6,16,101
81083,Jim Signorile,1970,6,17,102
77817,Billy Paultz,1970,7,1,103
81086,Joe Bergman,1970,7,2,104
81094,Marv Copeland,1970,7,3,105
78097,Charlie Scott,1970,7,4,106
81115,Mike Bernard,1970,7,5,107
81189,James Morgan,1970,7,6,108
81220,Narvis Anderson,1970,7,7,109
76674,Claude English,1970,7,8,110
81216,Cliff Shegogg,1970,7,9,111
81205,Heyward Dotson,1970,7,10,112
81167,Lou West,1970,7,11,113
81132,Carlton Poole,1970,7,12,114
81114,Willie Woods,1970,7,13,115
81143,John Shinall,1970,7,14,116
81154,Charlie Wallace,1970,7,15,117
81195,John Rinka,1970,7,16,118
81080,Roy Hodge,1970,7,17,119
76012,Don Adams,1970,8,1,120
81088,Jeff Sewell,1970,8,2,121
77097,Dan Issel,1970,8,3,122
81073,Bobby Croft,1970,8,4,123
81125,Joel McBride,1970,8,5,124
81185,George Irvine,1970,8,6,125
81219,Larry Woods,1970,8,7,126
81237,Doug Boyd,1970,8,8,127
81225,Walter Robertson,1970,8,9,128
77812,Steve Patterson,1970,8,10,129
81159,Mike Casey,1970,8,11,130
81131,Fran O'Hanlon,1970,8,12,131
81107,Rick Mount,1970,8,13,132
78508,Herb White,1970,8,14,133
81147,Tom Dyksera,1970,8,15,134
81196,Jim Samo,1970,8,16,135
76715,Greg Fillmore,1970,8,17,136
81178,Jim Gottschall,1970,9,1,137
81089,Lou Small,1970,9,2,138
81102,Alex Wynn,1970,9,3,139
81074,Tom Little,1970,9,4,140
81124,Bob Mabry,1970,9,5,141
81192,Claude Virden,1970,9,6,142
81223,Tom Lagodich,1970,9,7,143
81242,Billy Gaskins,1970,9,8,144
81212,Larry Duckworth,1970,9,9,145
81199,Carl Ashley,1970,9,10,146
81164,Glen Johnson,1970,9,11,147
81130,Mike Hauer,1970,9,12,148
81108,Bobby Sands,1970,9,13,149
81139,Larry Jackson,1970,9,14,150
81148,Will Hetzel,1970,9,15,151
81194,Joe Hamilton,1970,9,16,152
81078,Walker Banks,1970,9,17,153
81172,Toke Coleman,1970,10,1,154
76567,Coby Dietrick,1970,10,2,155
81092,Bruce Chapman,1970,10,3,156
81075,Mike Maloy,1970,10,4,157
81123,Carl Johnson,1970,10,5,158
81186,Chuck Lloyd,1970,10,6,159
81217,Joe Taylor,1970,10,7,160
81246,Israel Oliver,1970,10,8,161
81222,Ken Johnson,1970,10,9,162
81208,Gerhardus Schreur,1970,10,10,163
81156,Dale Blaut,1970,10,11,164
81133,Gordon Stiles,1970,10,12,165
81109,Kindell Stephens,1970,10,13,166
81142,Manuel Raga,1970,10,14,167
81144,Ron Becker,1970,10,15,168
81197,Bob Seemer,1970,10,16,169
81079,Don Curnutt,1970,10,17,170
81169,Ron Belton,1970,11,1,171
81090,Rick Anhauser,1970,11,2,172
81121,Ted Hillary,1970,11,3,173
81190,Andy Owens,1970,11,4,174
81226,Dave Schneider,1970,11,5,175
81245,Don McClemore,1970,11,6,176
81218,Dick Walker,1970,11,7,177
81209,Jim Walls,1970,11,8,178
81163,Doug Howard,1970,11,9,179
81136,David Whitley,1970,11,10,180
81103,Bob Duklet,1970,11,11,181
81140,Dino Meneghin,1970,11,12,182
81145,Mel Bell,1970,11,13,183
81171,Jim Brooks,1970,12,1,184
81099,Don Ogletree,1970,12,2,185
81127,Reggie Roach,1970,12,3,186
81184,John Brunson,1970,12,4,187
81235,Paul Adams,1970,12,5,188
81228,Oliver Taylor,1970,12,6,189
81203,Ric Cobb,1970,12,7,190
81158,Booker Brown,1970,12,8,191
81112,Dewey Varner,1970,12,9,192
81034,Ben McGilmer,1970,12,10,193
81180,Harry Lozon,1970,13,1,194
81095,Ernest Hardy,1970,13,2,195
81120,Larry Gray,1970,13,3,196
81188,Allen McManus,1970,13,4,197
81233,Kevin Wilson,1970,13,5,198
81236,Alex Boyd,1970,13,6,199
81202,Fred Carpenter,1970,13,7,200
81157,Charles Bloodworth,1970,13,8,201
81104,Garry Elliott,1970,13,9,202
81146,Dan Debardabi,1970,13,10,203
81181,Clyde Oatis,1970,14,1,204
78200,Randy Smith,1970,14,2,205
81122,Andy Jennings,1970,14,3,206
81183,Don Beeson,1970,14,4,207
81244,Frank Loteridge,1970,14,5,208
81229,Don Tomlinson,1970,14,6,209
81200,Chad Calabria,1970,14,7,210
81161,Paul Funkhouser,1970,14,8,211
80953,Ron Sanford,1970,14,9,212
81155,Mike Williams,1970,14,10,213
81170,Jay Bond,1970,15,1,214
81093,Dennis Clark,1970,15,2,215
81126,Mike Neer,1970,15,3,216
81232,Rick Wanamaker,1970,15,4,217
81240,John Canady,1970,15,5,218
81210,Walt Williams,1970,15,6,219
81166,Paul Otay,1970,15,7,220
81110,Will Teague,1970,15,8,221
81153,Ted Rose,1970,15,9,222
81182,Dean Olofson,1970,16,1,223
81098,Harvey Mariatt,1970,16,2,224
81118,Paul Favorite,1970,16,3,225
81248,Doug Williams,1970,16,4,226
81234,Stephen Wilson,1970,16,5,227
81113,Pete Walthour,1970,16,6,228
81152,Don Rather,1970,16,7,229
81174,Dennis Dickens,1970,17,1,230
83629,Bob Peterson,1970,17,2,231
81111,Bob Thate,1970,17,3,232
81031,Vince Fritz,1970,17,4,233
81173,Jeff Cunningham,1970,18,1,234
81238,Bruce Butchko,1970,18,2,235
81221,John Cannon,1970,18,3,236
81175,Rick Erickson,1970,19,1,237
81231,Allen Waller,1970,19,2,238
81241,Mark Gabriel,1970,19,3,239
76003,Kareem Abdul-Jabbar,1969,1,1,1
78432,Neal Walk,1969,1,2,2
76027,Lucius Allen,1969,1,3,3
76603,Terry Driscoll,1969,1,4,4
76339,Larry Cannon,1969,1,5,5
78202,Bingo Smith,1969,1,6,6
77878,Bob Portman,1969,1,7,7
76815,Herm Gilliam,1969,1,8,8
78510,Jojo White,1969,1,9,9
76130,Butch Beard,1969,1,10,10
78461,Johnny Warren,1969,1,11,11
77505,Willie McCarter,1969,1,12,12
77747,Carlos Ogden,1969,1,13,13
76531,Mike Davis,1969,1,14,14
77973,Rick Roberson,1969,1,15,15
81002,Simmie Hill,1969,2,1,16
76865,Bob Greacen,1969,2,2,17
81037,Ronald Taylor,1969,2,3,18
77733,Willie Norwood,1969,2,4,19
81008,Ken Spain,1969,2,5,20
78540,Bernie Williams,1969,2,6,21
80932,Ed Siudet,1969,2,7,22
76125,Johnny Baum,1969,2,8,23
81071,Gene Williams,1969,2,9,24
76048,Wally Anderzunas,1969,2,10,25
80911,Bill Bunting,1969,2,11,26
76788,Eldo Garrett,1969,2,12,27
80963,Willie Taylor,1969,2,13,28
80993,Willie Scott,1969,2,14,29
81061,Floyd Kerr,1969,3,1,30
81051,Skeeter Swift,1969,3,2,31
78592,Lee Winfield,1969,3,3,32
600011,Lamar Green,1969,3,4,33
78406,Norm Van Lier,1969,3,5,34
81011,Charles Bonaparte,1969,3,6,35
80926,Tom Hagan,1969,3,7,36
77894,Luke Rackley,1969,3,8,37
80753,Julius Keye,1969,3,9,38
81062,Lloyd Kerr,1969,3,10,39
77483,Eddie Mast,1969,3,11,40
76872,Luther Green,1969,3,12,41
80957,Mike Grosso,1969,3,13,42
76356,Fred Carter,1969,3,14,43
78253,Dennis Stewart,1969,4,1,44
76500,Bob Dandridge,1969,4,2,45
80762,Hal Booker,1969,4,3,46
80937,Ted Wierman,1969,4,4,47
81006,Dave Nash,1969,4,5,48
81010,Johnny Allen,1969,4,6,49
80928,Lee Lafayette,1969,4,7,50
80953,Ron Sanford,1969,4,8,51
77316,Steve Kuberski,1969,4,9,52
80972,Billy Hann,1969,4,10,53
80921,Elnardo Webster,1969,4,11,54
80971,Don Griffin,1969,4,12,55
78088,Dave Scholz,1969,4,13,56
80983,Gene Ford,1969,4,14,57
77192,Rich Jones,1969,5,1,58
81042,Ken Heitz,1969,5,2,59
81033,Jerry King,1969,5,3,60
77618,Steve Mix,1969,5,4,61
81000,Chris Ellis,1969,5,5,62
81017,Charles Hentz,1969,5,6,63
78602,Willie Wise,1969,5,7,64
76735,Jake Ford,1969,5,8,65
78327,George Thompson,1969,5,9,66
80975,Mike Mitchell,1969,5,10,67
80915,Gene Littles,1969,5,11,68
77201,Wil Jones,1969,5,12,69
80956,Joe Cromer,1969,5,13,70
80987,Willie Jackson,1969,5,14,71
81067,Dan Sadlier,1969,6,1,72
76065,John Arthurs,1969,6,2,73
81034,Ben McGilmer,1969,6,3,74
80935,Larry Jeffries,1969,6,4,75
81009,George Tinsley,1969,6,5,76
81025,Bob Tallent,1969,6,6,77
80929,Dan Obravak,1969,6,7,78
80949,Mel Coleman,1969,6,8,79
80908,Dolph Pulliam,1969,6,9,80
80974,Guy Mackner,1969,6,10,81
80912,Dwight Durante,1969,6,11,82
80941,Dick Grubar,1969,6,12,83
80959,John Jones,1969,6,13,84
80989,Paul Loveday,1969,6,14,85
81069,Bill Sweet,1969,7,1,86
81043,Bill Keller,1969,7,2,87
81039,Greg Wittman,1969,7,3,88
80936,Steve Vandenberg,1969,7,4,89
81003,Frank Judge,1969,7,5,90
81023,Lynn Shackelford,1969,7,6,91
80925,Pat Foley,1969,7,7,92
80947,L.C. Bowen,1969,7,8,93
80906,Jim Johnson,1969,7,9,94
80966,Bob Bundy,1969,7,10,95
80918,Chris Thomforde,1969,7,11,96
80942,Kari Liimbo,1969,7,12,97
80958,Dave Hamilton,1969,7,13,98
80982,Jeff Claypool,1969,7,14,99
81058,Bob Edwards,1969,8,1,100
81049,John Schell,1969,8,2,101
81038,Theartis Wallace,1969,8,3,102
76064,Bob Arnzen,1969,8,4,103
81005,Roger Moller,1969,8,5,104
81013,Bill DeHeer,1969,8,6,105
80931,Steve Rippe,1969,8,7,106
80946,Merton Bancroft,1969,8,8,107
80910,Bob Whitmore,1969,8,9,108
76395,Bob Christian,1969,8,10,109
80913,Jim Healey,1969,8,11,110
80945,Joe Smith,1969,8,12,111
80955,Jim Bowles,1969,8,13,112
80996,Barry White,1969,8,14,113
81060,Steve Jennings,1969,9,1,114
81048,Jim Satalin,1969,9,2,115
81031,Vince Fritz,1969,9,3,116
77945,George Reynolds,1969,9,4,117
80999,Sterling Burke,1969,9,5,118
81012,Larry Cheatham,1969,9,6,119
80930,Greg Reed,1969,9,7,120
80951,James Hurley,1969,9,8,121
80909,Gordon Smith,1969,9,9,122
80970,Pete Gayeska,1969,9,10,123
80920,Roger Walaszak,1969,9,11,124
80944,Jim Smith,1969,9,12,125
80961,Larry Lewis,1969,9,13,126
80990,Gary Major,1969,9,14,127
81054,Rich Abrahamson,1969,10,1,128
81040,Willie Brown,1969,10,2,129
81030,Al Cueto,1969,10,3,130
80934,Bill English,1969,10,4,131
81007,Al Smith,1969,10,5,132
81024,Lee Sims,1969,10,6,133
80924,Dick Chapman,1969,10,7,134
80948,Bill Bowes,1969,10,8,135
80907,Jim Picka,1969,10,9,136
80978,Dick Stewart,1969,10,10,137
80916,Frank McLaughlin,1969,10,11,138
80938,Phil Argento,1969,10,12,139
80960,Bill Justus,1969,10,13,140
80980,Frank Bartleson,1969,10,14,141
81063,Fred Lind,1969,11,1,142
81047,Bob Presley,1969,11,2,143
81028,Jim Connolly,1969,11,3,144
80933,Rusty Clark,1969,11,4,145
80997,Larry Bergh,1969,11,5,146
78313,Justus Thigpen,1969,11,6,147
80927,Rich Holmberg,1969,11,7,148
80954,Jim Supple,1969,11,8,149
80905,Larry Frinston,1969,11,9,150
80965,Loran Bracci,1969,11,10,151
80914,Marvin Lewis,1969,11,11,152
80943,Ron Peret,1969,11,12,153
80962,Bruce Sloan,1969,11,13,154
80992,Gerald McKee,1969,11,14,155
81064,Bob Miller,1969,12,1,156
81044,Jack Lutz,1969,12,2,157
81036,John Smith,1969,12,3,158
81001,Harry Hall,1969,12,4,159
81014,Raul Duarte,1969,12,5,160
80923,Joe Callahan,1969,12,6,161
80950,Mike Davis,1969,12,7,162
80904,Rod Forbes,1969,12,8,163
80973,Dave Jones,1969,12,9,164
80917,Bill O'Rourke,1969,12,10,165
80940,Jack Gillespie,1969,12,11,166
78302,Roland Taylor,1969,12,12,167
80995,Bob Washington,1969,12,13,168
81070,Andy White,1969,13,1,169
81045,Lee Osgood,1969,13,2,170
81026,Bob Burrow,1969,13,3,171
81004,Rick Kirkland,1969,13,4,172
81019,Joe McBride,1969,13,5,173
80952,Ted Johnson,1969,13,6,174
80903,Billy Evans,1969,13,7,175
80964,Dick Barton,1969,13,8,176
80922,James Wyatt,1969,13,9,177
80939,Mallory Chestnutt,1969,13,10,178
80994,Bill Thompson,1969,13,11,179
81068,Marv Schmitt,1969,14,1,180
81050,Laymon Stewart,1969,14,2,181
81027,Jerry Conley,1969,14,3,182
80998,Bill Boight,1969,14,4,183
81016,Mike Heckman,1969,14,5,184
80969,Mike Dahl,1969,14,6,185
80919,Rich Travis,1969,14,7,186
76336,Mack Calvin,1969,14,8,187
80988,Perry Johnson,1969,14,9,188
81055,Bob Beamon,1969,15,1,189
81053,Stan Wiodarszek,1969,15,2,190
81035,Ernie Powell,1969,15,3,191
81020,Jerry Nickens,1969,15,4,192
80967,Norm Carmichael,1969,15,5,193
80986,Jodie Harrison,1969,15,6,194
81059,Wayne Huckel,1969,16,1,195
81052,Bill Voigt,1969,16,2,196
81029,Danny Cornett,1969,16,3,197
81015,Dick Groves,1969,16,4,198
80968,Buddy Cornelius,1969,16,5,199
80985,Phil Harris,1969,16,6,200
81057,Howie Dickerman,1969,17,1,201
81046,Lynn Phillips,1969,17,2,202
81032,Steve Honeycutt,1969,17,3,203
81018,Steve Howell,1969,17,4,204
80979,John Tolmie,1969,17,5,205
80984,Tom Haggart,1969,17,6,206
81065,Al Nuness,1969,18,1,207
81041,Ken Hall,1969,18,2,208
81021,Joe Pridgen,1969,18,3,209
80976,Cliff Parsons,1969,18,4,210
80981,Chip Case,1969,18,5,211
81056,Solomon Davis,1969,19,1,212
81022,Blaine Royer,1969,19,2,213
77766,Grady O'Malley,1969,19,3,214
76984,Brian Heaney,1969,19,4,215
81066,Jim Plump,1969,20,1,216
80977,Carl Rodwell,1969,20,2,217
80991,Stan McKain,1969,20,3,218
76979,Elvin Hayes,1968,1,1,1
78392,Wes Unseld,1968,1,2,2
77227,Bob Kauffman,1968,1,3,3
76192,Tom Boerwinkle,1968,1,4,4
76002,Zaid Abdul-Aziz,1968,1,5,5
77636,Otto Moore,1968,1,6,6
77815,Charlie Paulk,1968,1,7,7
76883,Gary Gregor,1968,1,8,8
78567,Ron Williams,1968,1,9,9
77061,Wilmer Hosket,1968,1,10,10
77013,Bill Hewitt,1968,1,11,11
76379,Don Chaney,1968,1,12,12
76951,Skip Harlicka,1968,1,13,13
76922,Shaler Halimon,1968,1,14,14
78367,John Trapp,1968,2,1,15
76956,Art Harris,1968,2,2,16
77840,Loy Petersen,1968,2,3,17
77892,Bob Quick,1968,2,4,18
80851,Ron Dunlap,1968,2,5,19
77351,Emanuel Leaks,1968,2,6,20
76485,Dick Cunningham,1968,2,7,21
80893,Gene Moore,1968,2,8,22
77338,Stu Lantz,1968,3,1,23
80882,Jeff Ockel,1968,3,2,24
80781,Donald Dee,1968,3,3,25
80841,Ron Nelson,1968,3,4,26
76759,Pat Frink,1968,3,5,27
76740,Fred Foster,1968,3,6,28
80777,Donald Sidle,1968,3,7,29
77489,Don May,1968,3,8,30
77712,Dave Newmark,1968,3,9,31
78189,Garfield Smith,1968,3,10,32
80843,Jack Thompson,1968,3,11,33
80879,Ed Johnson,1968,3,12,34
78568,Sam Williams,1968,3,13,35
80895,Art Beatty,1968,3,14,36
76103,Harry Barnes,1968,4,1,37
80880,Henry Logan,1968,4,2,38
77427,Mike Lynn,1968,4,3,39
80844,Dallas Thornton,1968,4,4,40
80805,Daniel Sparks,1968,4,5,41
77716,Rich Niemann,1968,4,6,42
80630,Edgar Lacey,1968,4,7,43
80768,Warren Jabali,1968,4,8,44
76163,Ed Biedenbach,1968,4,9,45
77164,Rich Johnson,1968,4,10,46
80829,Bob Warren,1968,4,11,47
80871,Darryl Jones,1968,4,12,48
77192,Rich Jones,1968,4,13,49
78190,Greg Smith,1968,4,14,50
80865,Glen Combs,1968,5,1,51
76915,Al Hairston,1968,5,2,52
80860,Jim Tillman,1968,5,3,53
80835,Ed Chaplin,1968,5,4,54
80800,Jim Kissane,1968,5,5,55
80693,Carl Fuller,1968,5,6,56
76628,Jim Eakins,1968,5,7,57
80762,Hal Booker,1968,5,8,58
80790,Lou Shephard,1968,5,9,59
80752,Thad Jaracz,1968,5,10,60
80825,Rusty Parker,1968,5,11,61
80814,Larry Miller,1968,5,12,62
80888,Joe Franklin,1968,5,13,63
80900,Harry Hollines,1968,5,14,64
80877,Eldridge Webb,1968,6,1,65
80878,Ron Guziak,1968,6,2,66
80847,Ken Barnett,1968,6,3,67
80837,Joe Heiser,1968,6,4,68
80801,Calvin Martin,1968,6,5,69
76048,Wally Anderzunas,1968,6,6,70
76028,Bob Allen,1968,6,7,71
80763,Brian Brunkhorst,1968,6,8,72
80662,Nick Pino,1968,6,9,73
80758,Jerry Newsom,1968,6,10,74
80828,Phil Wagner,1968,6,11,75
78547,Chuck Williams,1968,6,12,76
77293,Rod Knowles,1968,6,13,77
80894,Fred Smith,1968,6,14,78
76015,Rick Adelman,1968,7,1,79
80881,Jim McKean,1968,7,2,80
80668,Willie Davis,1968,7,3,81
80845,Jasper Wilson,1968,7,4,82
80796,Dick Dumas,1968,7,5,83
80783,Larry Newbold,1968,7,6,84
80776,Dave Reasor,1968,7,7,85
80772,Bob Waldal,1968,7,8,86
80787,Dennis Hrcka,1968,7,9,87
80756,Mike Lewis,1968,7,10,88
80826,Oscar Smith,1968,7,11,89
80812,Bill Jones,1968,7,12,90
80890,Tom Kondla,1968,7,13,91
80902,Charles Parkes,1968,7,14,92
80876,Aaron Sellers,1968,8,1,93
80883,Willie Rogers,1968,8,2,94
80852,Lloyd Higgins,1968,8,3,95
77768,Barry Orms,1968,8,4,96
80807,Dave Williams,1968,8,5,97
80782,Harry Laurie,1968,8,6,98
80775,Walt Platkowski,1968,8,7,99
80767,Bobby Hooper,1968,8,8,100
80792,John Smith,1968,8,9,101
80753,Julius Keye,1968,8,10,102
80820,Marin Baietti,1968,8,11,103
80813,Melvin Jones,1968,8,12,104
80896,Brian Clare,1968,8,13,105
80733,Elbert Miller,1968,8,14,106
80875,John Schetzsle,1968,9,1,107
80885,Jimmy Smith,1968,9,2,108
80848,Corky Bell,1968,9,3,109
80682,Wayne Chapman,1968,9,4,110
80799,Butch Joyner,1968,9,5,111
80651,Vaughn Harper,1968,9,6,112
80778,Art Wilmore,1968,9,7,113
80761,Roger Bohnenstiel,1968,9,8,114
80793,George Stone,1968,9,9,115
80750,Bill Butler,1968,9,10,116
80821,Mack Daughty,1968,9,11,117
80809,Clarence Brookins,1968,9,12,118
80887,Cliff Berger,1968,9,13,119
80901,Mervin Jackson,1968,9,14,120
80863,Mike Butler,1968,10,1,121
77244,Joe Kennedy,1968,10,2,122
80861,Mike Weaver,1968,10,3,123
80831,Steve Adelman,1968,10,4,124
80808,Robert Wyendanet,1968,10,5,125
80780,Tom Baack,1968,10,6,126
80774,Bob Heaney,1968,10,7,127
80760,Sylvester Adams,1968,10,8,128
80784,Charles Alford,1968,10,9,129
80755,Ivan Leschinsky,1968,10,10,130
78444,Dwight Waller,1968,10,11,131
80810,Greg Cisson,1968,10,12,132
80898,Lee Davis,1968,10,13,133
80889,Eugene Jones,1968,10,14,134
80867,Leonardo Epps,1968,11,1,135
77466,Jim Marsh,1968,11,2,136
80858,Jim McGonigle,1968,11,3,137
80836,Al Dixon,1968,11,4,138
80803,James Robinson,1968,11,5,139
80773,Jerry Chandler,1968,11,6,140
80771,Bob Redd,1968,11,7,141
80791,Harry Singletary,1968,11,8,142
80757,Tom Neimeir,1968,11,9,143
80830,Henry Watkins,1968,11,10,144
80816,Bill Soens,1968,11,11,145
80891,Brad Luchini,1968,11,12,146
76204,Ron Boone,1968,11,13,147
80873,Roy Manning,1968,12,1,148
80884,Walt Simon,1968,12,2,149
80855,John Lallensack,1968,12,3,150
80834,Willie Cager,1968,12,4,151
80804,Glynn Saulters,1968,12,5,152
80779,Bob Wolfe,1968,12,6,153
80770,Pat Moriarty,1968,12,7,154
80788,Reggie Lacefield,1968,12,8,155
80754,Bill Langheld,1968,12,9,156
80823,Bill Harris,1968,12,10,157
80680,Ted Campbell,1968,12,11,158
80892,Dave Miller,1968,12,12,159
80897,Bill Davis,1968,12,13,160
80868,Marshall Evans,1968,13,1,161
77747,Carlos Ogden,1968,13,2,162
76815,Herm Gilliam,1968,13,3,163
80833,Rudy Bogad,1968,13,4,164
80806,Bill Tindall,1968,13,5,165
80769,Ken Morehead,1968,13,6,166
80789,Harvey Mumford,1968,13,7,167
80759,Art Stephenson,1968,13,8,168
80827,Frank Standard,1968,13,9,169
80815,Earl Seyfert,1968,13,10,170
80899,Pat Hobard,1968,13,11,171
80872,Bobby Lewis,1968,14,1,172
80886,Mike Warren,1968,14,2,173
80850,Dave Carr,1968,14,3,174
80842,Ernest Sims,1968,14,4,175
80794,Charles Core,1968,14,5,176
80766,John Harlow,1968,14,6,177
80786,John Godfrey,1968,14,7,178
80751,Keith Hockstein,1968,14,8,179
80824,George Hicker,1968,14,9,180
80818,Tom Youngdale,1968,14,10,181
80869,Bill Gaines,1968,15,1,182
80857,Mickey McCarthy,1968,15,2,183
80654,Joe Allen,1968,15,3,184
80795,Mike Drepling,1968,15,4,185
80764,Ed Fellers,1968,15,5,186
76125,Johnny Baum,1968,15,6,187
80822,Bernie Foster,1968,15,7,188
80686,George Mack,1968,15,8,189
80864,Chuck Caldwell,1968,16,1,190
80853,Fred Holden,1968,16,2,191
80832,Dennis Blace,1968,16,3,192
80797,Dick Harris,1968,16,4,193
80765,Bob Ferguson,1968,16,5,194
80785,Mike Eberle,1968,16,6,195
80819,Terry Allerton,1968,16,7,196
80811,Joe Crews,1968,16,8,197
80874,Dave Miller,1968,17,1,198
80849,Tom Benedict,1968,17,2,199
80840,Greg Morris,1968,17,3,200
80798,John Howard,1968,17,4,201
78560,Milt Williams,1968,17,5,202
80817,Nate Ware,1968,17,6,203
80870,Harold Grant,1968,18,1,204
80862,Bob Zoretich,1968,18,2,205
80838,Art Kenny,1968,18,3,206
80622,Larry Humes,1968,18,4,207
80866,Bill Corley,1968,19,1,208
80856,Rich Mason,1968,19,2,209
80839,Jim LaCour,1968,19,3,210
80802,Jay Reffords,1968,19,4,211
80859,Rich Rirkendal,1968,20,1,212
80846,Ron Woodruff,1968,20,2,213
80854,Willie Horton,1968,21,1,214
78439,Jimmy Walker,1967,1,1,1
600006,Earl Monroe,1967,1,2,2
76965,Clem Haskins,1967,1,3,3
76592,Lloyd Dove,1967,1,4,4
76750,Walt Frazier,1967,1,5,5
78372,Al Tucker,1967,1,6,6
77962,Pat Riley,1967,1,7,7
78617,Tom Workman,1967,1,8,8
76502,Mel Daniels,1967,1,9,9
77342,Dave Lattin,1967,1,10,10
76843,Mal Graham,1967,1,11,11
77921,Craig Raymond,1967,1,12,12
77186,Jimmy Jones,1967,2,1,13
80653,Steve Sullivan,1967,2,2,14
76134,Byron Beck,1967,2,3,15
80659,Randolph Mahaffey,1967,2,4,16
77106,Phil Jackson,1967,2,5,17
80735,Bob Netolicky,1967,2,6,18
78042,Bob Rule,1967,2,7,19
80710,Malikin Strong,1967,3,1,20
80650,Darrell Hardy,1967,3,2,21
80716,John Dickson,1967,3,3,22
80663,Dwight Smith,1967,3,4,23
76883,Gary Gregor,1967,3,5,24
78413,Bob Verga,1967,3,6,25
76859,Gary Gray,1967,3,7,26
78385,Bill Turner,1967,3,8,27
80675,Sam Smith,1967,3,9,28
80562,Richard Moore,1967,3,10,29
80747,Sam Singleton,1967,3,11,30
77195,Nick Jones,1967,3,12,31
80706,Al Salvadori,1967,4,1,32
80649,Ronald Franz,1967,4,2,33
76309,Jim Burns,1967,4,3,34
76035,Cliff Anderson,1967,4,4,35
80639,Keith Swagerty,1967,4,5,36
80691,Wesley Bialosuknia,1967,4,6,37
76499,Lou Dampier,1967,4,7,38
77385,Bobby Lewis,1967,4,8,39
80632,Neville Shedd,1967,4,9,40
80731,Ronald Kozlicki,1967,4,10,41
80728,Craig Dill,1967,4,11,42
80738,Larry Bunce,1967,4,12,43
80711,Dexter Westbrook,1967,5,1,44
77406,Paul Long,1967,5,2,45
80719,Dick Pruet,1967,5,3,46
80654,Joe Allen,1967,5,4,47
80635,Barry Leibowitz,1967,5,5,48
80696,Mike Wittman,1967,5,6,49
80678,Trooper Washington,1967,5,7,50
77427,Mike Lynn,1967,5,8,51
80631,Mike Redd,1967,5,9,52
80690,James Reid,1967,5,10,53
77410,Plummer Lott,1967,5,11,54
80732,Herb McPherson,1967,5,12,55
80705,Bob Riedy,1967,6,1,56
80651,Vaughn Harper,1967,6,2,57
80497,Marlbert Pradd,1967,6,3,58
80657,Gary Keller,1967,6,4,59
80633,Bob Benfield,1967,6,5,60
80695,John Morrison,1967,6,6,61
80676,Frank Stronczek,1967,6,7,62
78084,Dale Schlueter,1967,6,8,63
80629,Ed Hummer,1967,6,9,64
80689,Tim Powers,1967,6,10,65
80726,Robert Cole,1967,6,11,66
80740,Gordon Harris,1967,6,12,67
80703,Ron Perry,1967,7,1,68
80652,Bobby Lloyd,1967,7,2,69
80724,Bob Wolf,1967,7,3,70
80664,Jamie Thompson,1967,7,4,71
80640,Butch Wade,1967,7,5,72
80693,Carl Fuller,1967,7,6,73
80665,Charles Beasley,1967,7,7,74
80641,Sonny Bustion,1967,7,8,75
80630,Edgar Lacey,1967,7,9,76
80681,Frank Card,1967,7,10,77
80741,Dick Kolbert,1967,7,11,78
80733,Elbert Miller,1967,7,12,79
77454,Ed Manning,1967,8,1,80
76357,George Carter,1967,8,2,81
80720,Leon Simon,1967,8,3,82
80655,Don Carlos,1967,8,4,83
80637,Gil Radday,1967,8,5,84
80694,Arvesta Kelly,1967,8,6,85
80670,Frank Hollendoner,1967,8,7,86
80645,Bob Krulish,1967,8,8,87
80626,Andrew Anderson,1967,8,9,88
80683,Jim Conley,1967,8,10,89
80730,Al Grundy,1967,8,11,90
80749,Willie Wolters,1967,8,12,91
80697,Robert Allen,1967,9,1,92
80718,Ernie Laurent,1967,9,2,93
80660,Jay McMillon,1967,9,3,94
80638,Ray Smith,1967,9,4,95
76163,Ed Biedenbach,1967,9,5,96
80674,Ron Sepic,1967,9,6,97
80642,Richard Dean,1967,9,7,98
80627,Henry Brown,1967,9,8,99
76714,Ron Filipek,1967,9,9,100
80744,Roderick McDonald,1967,9,10,101
80727,Ron Coleman,1967,9,11,102
80700,Bill Gillespie,1967,10,1,103
80714,Jim Boshart,1967,10,2,104
80658,Don Kruze,1967,10,3,105
80634,Bruce Kaplan,1967,10,4,106
80692,Rich Falkenbrush,1967,10,5,107
80668,Willie Davis,1967,10,6,108
80644,Joe Galbo,1967,10,7,109
78486,Rick Weitzman,1967,10,8,110
80685,Butch Ervin,1967,10,9,111
80729,John Duncan,1967,10,10,112
80742,Gary Lechman,1967,10,11,113
80707,Bubba Smith,1967,11,1,114
80713,Jim Andros,1967,11,2,115
80662,Nick Pino,1967,11,3,116
80636,Mark Merkin,1967,11,4,117
80667,Ken Callaway,1967,11,5,118
80646,Bill Morgan,1967,11,6,119
80628,Joe Harrington,1967,11,7,120
80680,Ted Campbell,1967,11,8,121
80743,Randy Matson,1967,11,9,122
80736,Al Razutis,1967,11,10,123
80699,Tony Eaton,1967,12,1,124
80648,George Dalzell,1967,12,2,125
80723,Ron Widby,1967,12,3,126
80661,Ben Monroe,1967,12,4,127
77966,Mike Riordan,1967,12,5,128
80669,Frank Gadjunas,1967,12,6,129
80643,David Fox,1967,12,7,130
80687,Hubie Marshall,1967,12,8,131
80734,Martin Navia,1967,12,9,132
80745,Rubin Russell,1967,12,10,133
80698,Lyn Burkholder,1967,13,1,134
80647,Matthew Aitch,1967,13,2,135
80721,Tom Storm,1967,13,3,136
80656,Gary Jones,1967,13,4,137
80672,John Moates,1967,13,5,138
80686,George Mack,1967,13,6,139
80746,John Schroeder,1967,13,7,140
80725,Bob Chlupsa,1967,13,8,141
80701,Paul Mickey,1967,14,1,142
80722,Don Whitehead,1967,14,2,143
80673,Jerry Pettway,1967,14,3,144
80679,Wayne Brabender,1967,14,4,145
80737,John Tolbert,1967,14,5,146
80748,Jim Sutherland,1967,14,6,147
80702,Rich Peek,1967,15,1,148
80717,Jim Garza,1967,15,2,149
80666,Earl Beechum,1967,15,3,150
80684,Sherman Dillard,1967,15,4,151
80739,Willie Campbell,1967,15,5,152
80712,Gary Williams,1967,16,1,153
80715,Jimmy Dawson,1967,16,2,154
80677,John Vermelyea,1967,16,3,155
80682,Wayne Chapman,1967,16,4,156
80704,Loy Peterson,1967,17,1,157
80671,Darryll Meachem,1967,17,2,158
80688,Gary Paulk,1967,17,3,159
80708,Jerry Southwood,1967,18,1,160
80709,George Spencer,1967,19,1,161
78499,Roland West,1967,20,1,162
78045,Cazzie Russell,1966,1,1,1
76166,Dave Bing,1966,1,2,2
77357,Clyde Lee,1966,1,3,3
77074,Lou Hudson,1966,1,4,4
77463,Jack Marin,1966,1,5,5
78495,Walt Wesley,1966,1,6,6
76376,Jerry Chambers,1966,1,7,7
76106,Jim Barnett,1966,1,8,8
76908,Matt Guokas,1966,1,9,9
78081,Dave Schellhase,1966,1,10,10
76018,Henry Akin,1966,2,1,11
77676,Dorie Murrey,1966,2,2,12
76661,Joe Ellis,1966,2,3,13
78213,Dick Snyder,1966,2,4,14
77161,Neil Johnson,1966,2,5,15
80586,Jerry Lee Wells,1966,2,6,16
76716,Hank Finkel,1966,2,7,17
80550,Leon Clark,1966,2,8,18
77576,Bill Melchionni,1966,2,9,19
77658,Erwin Mueller,1966,2,10,20
80561,Stew Johnson,1966,3,1,21
80570,Ollie Darden,1966,3,2,22
80563,Stephen Chubin,1966,3,3,23
77313,Tom Kron,1966,3,4,24
80617,Dave Wagnon,1966,3,5,25
78457,Jim Ware,1966,3,6,26
76187,John Block,1966,3,7,27
80553,Gary Turner,1966,3,8,28
76754,Donnie Freeman,1966,3,9,29
80618,Ed Bodkin,1966,3,10,30
80557,Lee DeFore,1966,4,1,31
80569,Jeffrey Congdon,1966,4,2,32
80567,Stephen Vacendak,1966,4,3,33
80597,Bob McIntyre,1966,4,4,34
80612,George Peeples,1966,4,5,35
80583,Charles Schmaus,1966,4,6,36
76397,Archie Clark,1966,4,7,37
76073,John Austin,1966,4,8,38
78524,Ken Wilburn,1966,4,9,39
80625,Jim Williams,1966,4,10,40
80560,Ron Jackson,1966,5,1,41
80573,William Pickens,1966,5,2,42
80565,Tom Kerwin,1966,5,3,43
80598,Dick Nemelka,1966,5,4,44
80604,John Beasley,1966,5,5,45
80607,John Jones,1966,5,6,46
80582,Richard Parks,1966,5,7,47
80579,Stan Washington,1966,5,8,48
80589,Tom Duff,1966,5,9,49
80622,Larry Humes,1966,5,10,50
80559,George Fisher,1966,6,1,51
80571,Carroll Hooser,1966,6,2,52
80566,Jim Pitts,1966,6,3,53
80600,Lonnie Wright,1966,6,4,54
80611,Jeff Newman,1966,6,5,55
80580,Steve Cunningham,1966,6,6,56
80578,Keith Thomas,1966,6,7,57
80552,Charlie Hunter,1966,6,8,58
80590,Red Robbins,1966,6,9,59
80556,Mike Dabich,1966,7,1,60
80490,Ted Manning,1966,7,2,61
80564,Lon Hughey,1966,7,3,62
80480,Jay Neary,1966,7,4,63
80610,Dave Mills,1966,7,5,64
80584,Gary Schull,1966,7,6,65
80576,Tab Jackson,1966,7,7,66
80554,Jerry Ward,1966,7,8,67
80620,John Comeaux,1966,7,9,68
78152,Mike Silliman,1966,8,1,69
80572,George McNeil,1966,8,2,70
80568,Ken Washington,1966,8,3,71
80599,Brian Williams,1966,8,4,72
78499,Roland West,1966,8,5,73
80506,Ron Krick,1966,8,6,74
78501,John Wetzel,1966,8,7,75
80551,Russ Gumina,1966,8,8,76
80621,Stan Curtis,1966,8,9,77
78385,Bill Turner,1966,9,1,78
80594,Al Grant,1966,9,2,79
80605,Chuck Gardner,1966,9,3,80
80585,Billy Smith,1966,9,4,81
80575,Julian Hammond,1966,9,5,82
80588,Pat Caldwell,1966,9,6,83
80623,Gene Summers,1966,9,7,84
80562,Richard Moore,1966,10,1,85
80601,Don Yates,1966,10,2,86
80609,Guy Manning,1966,10,3,87
77380,Freddie Lewis,1966,10,4,88
80577,Mike Rooney,1966,10,5,89
80587,Bob Bedell,1966,10,6,90
80624,Don Swanson,1966,10,7,91
80558,Rich Dyer,1966,11,1,92
80593,Curt Gammell,1966,11,2,93
77543,Stan McKenzie,1966,11,3,94
80581,R.B. Lynam,1966,11,4,95
80574,George Grams,1966,11,5,96
80619,Carver Clinton,1966,11,6,97
76560,Dave Deutsch,1966,12,1,98
80596,Lonnie Lynn,1966,12,2,99
80614,Grant Simmons,1966,12,3,100
80555,Bob Bennett,1966,13,1,101
80591,Nick Aloi,1966,13,2,102
80608,Al Lopes,1966,13,3,103
80592,Ollie Carter,1966,14,1,104
80606,Jim Harter,1966,14,2,105
77406,Paul Long,1966,15,1,106
80603,Howard Bayne,1966,15,2,107
80595,Eddie Jackson,1966,16,1,108
80602,Ken Barnes,1966,16,2,109
80613,Chris Pervall,1966,17,1,110
80615,Jerry Trice,1966,18,1,111
80616,Gene Visscher,1966,19,1,112
77012,Fred Hetzel,1965,1,1,1
600013,Rick Barry,1965,1,2,2
78238,Dave Stallworth,1965,1,3,3
78173,Jerry Sloan,1965,1,4,4
76487,Billy Cunningham,1965,1,5,5
78466,Jim Washington,1965,1,6,6
76219,Nate Bowman,1965,1,7,7
80471,Ollie Johnson,1965,1,8,8
76751,Will Frazier,1965,2,1,9
78398,Dick Van Arsdale,1965,2,2,10
78399,Tom Van Arsdale,1965,2,3,11
80538,Tal Brody,1965,2,4,12
76240,Jesse Branson,1965,2,5,13
80474,Hal Blevins,1965,2,6,14
77988,Flynn Robinson,1965,2,7,15
76691,John Fairchild,1965,2,8,16
78474,Ron Watts,1965,2,9,17
76680,Keith Erickson,1965,3,1,18
76403,John Clemens,1965,3,2,19
77928,Ron Reed,1965,3,3,20
80543,Joe Newton,1965,3,4,21
78485,Bob Weiss,1965,3,5,22
80527,Ken McIntyre,1965,3,6,23
77533,Jon McGlocklin,1965,3,7,24
76328,Jim Caldwell,1965,3,8,25
77259,Toby Kimball,1965,3,9,26
80487,Warren Rustand,1965,4,1,27
80477,Larry Lembo,1965,4,2,28
80489,Jim King,1965,4,3,29
80548,Skip Thoren,1965,4,4,30
76716,Hank Finkel,1965,4,5,31
80528,Lynn Nance,1965,4,6,32
77412,Bob Love,1965,4,7,33
80496,Brooks Henderson,1965,4,8,34
80472,Richie Tarrant,1965,4,9,35
80485,Eddie Jackson,1965,5,1,36
80482,Steve Nisenson,1965,5,2,37
80490,Ted Manning,1965,5,3,38
80539,Charles Dinkens,1965,5,4,39
80516,Richie Moore,1965,5,5,40
80536,Theodore Werner,1965,5,6,41
80504,Warren Isaac,1965,5,7,42
80495,A.W. Davis,1965,5,8,43
80469,Don Davidson,1965,5,9,44
80486,Jim Jarvis,1965,6,1,45
80475,Warren Davis,1965,6,2,46
80491,Barry Smith,1965,6,3,47
80541,Lavonne LeFlore,1965,6,4,48
80514,Mitch Edwards,1965,6,5,49
80533,John Rambo,1965,6,6,50
80500,Leon Clements,1965,6,7,51
80493,Theo Cruz,1965,6,8,52
80473,Haskell Tison,1965,6,9,53
80488,Dan Wolters,1965,7,1,54
80481,Dale Neel,1965,7,2,55
78219,Willie Somerset,1965,7,3,56
80522,John Young,1965,7,4,57
80524,Terry Kunze,1965,7,5,58
80503,Jeff Gehring,1965,7,6,59
80494,Dwayne Cruze,1965,7,7,60
80470,George Deehan,1965,7,8,61
80484,Willie Cotton,1965,8,1,62
80476,Frank Granat,1965,8,2,63
80542,Jim Murphy,1965,8,3,64
80512,Bob Barnek,1965,8,4,65
80532,Cincinnatus Powell,1965,8,5,66
76747,Jim Fox,1965,8,6,67
80499,George Unseld,1965,8,7,68
80480,Jay Neary,1965,9,1,69
80549,John Wendelkin,1965,9,2,70
80521,Gene West,1965,9,3,71
80535,Leroy Walker,1965,9,4,72
80506,Ron Krick,1965,9,5,73
80497,Marlbert Pradd,1965,9,6,74
77625,Wayne Molis,1965,10,1,75
80545,Bogie Redmon,1965,10,2,76
80513,Dean Church,1965,10,3,77
80523,Spencer Carlson,1965,10,4,78
80501,Richie Dec,1965,10,5,79
80498,Don Rae,1965,10,6,80
80479,Bill Meyer,1965,11,1,81
77566,Thales McReynolds,1965,11,2,82
80515,Curt Fromal,1965,11,3,83
80525,Weldon Kytle,1965,11,4,84
80507,Dick Maile,1965,11,5,85
80492,Bob Andrews,1965,11,6,86
80483,Bob Trupin,1965,12,1,87
80547,Walt Sahm,1965,12,2,88
80511,Dan Anderson,1965,12,3,89
80526,Elton McGriff,1965,12,4,90
80508,Robert McCollough,1965,12,5,91
80478,Dennis McGovern,1965,13,1,92
80544,Joe Ramsey,1965,13,2,93
80518,Rich Parks,1965,13,3,94
80529,Mel Northway,1965,13,4,95
80505,Oliver Jones,1965,13,5,96
80546,Jerry Rook,1965,14,1,97
80517,Jack Morgenthal,1965,14,2,98
80530,Terry Page,1965,14,3,99
80502,Larry Franks,1965,14,4,100
80540,Dave Hicks,1965,15,1,101
80519,James Pitts,1965,15,2,102
80531,George Pomey,1965,15,3,103
80510,Ronald Scharf,1965,15,4,104
80537,Bunk Adams,1965,16,1,105
80520,Larry Rafferty,1965,16,2,106
80534,Bob Tolan,1965,16,3,107
80509,Willie Porter,1965,16,4,108
80112,Roger Taylor,1965,17,1,109
76233,Bill Bradley,1965,0,0,0
76302,Bill Buntin,1965,0,0,0
76832,Gail Goodrich,1965,0,0,0
76105,Jim Barnes,1964,1,1,1
76329,Joe Caldwell,1964,1,2,2
76227,Gary Bradds,1964,1,3,3
77103,Lucious Jackson,1964,1,4,4
77662,Jeff Mullins,1964,1,5,5
77307,Barry Kramer,1964,1,6,6
76458,Mel Counts,1964,1,7,7
77929,Willis Reed,1964,2,1,8
77084,Les Hunter,1964,2,2,9
78151,Paul Silas,1964,2,3,10
80361,Ira Harge,1964,2,4,11
77687,Charles Nash,1964,2,5,12
77297,Howard Komives,1964,2,6,13
77299,Bud Koper,1964,2,7,14
80428,Bill Chmielewski,1964,2,8,15
76201,Ron Bonham,1964,2,9,16
80408,Brian Generalovich,1964,3,1,17
77198,Wali Jones,1964,3,2,18
78173,Jerry Sloan,1964,3,3,19
77200,Larry Jones,1964,3,4,20
80426,Tom Dose,1964,3,5,21
80446,Arthur Becker,1964,3,6,22
77548,Mccoy McLemore,1964,3,7,23
76459,Steve Courtin,1964,3,8,24
78328,John Thompson,1964,3,9,25
76466,Freddie Crawford,1964,4,1,26
76525,Jim Davis,1964,4,2,27
80467,Pete Spoden,1964,4,3,28
80439,Frank Corace,1964,4,4,29
76716,Hank Finkel,1964,4,5,30
80453,Willie Murrell,1964,4,6,31
80414,Gene Elmore,1964,4,7,32
76916,Happy Hairston,1964,4,8,33
78268,Joe Strawder,1964,4,9,34
80409,Tony Gennari,1964,5,1,35
80422,Ray Wolford,1964,5,2,36
80463,Bennie Lennox,1964,5,3,37
80445,Lou Skurcenski,1964,5,4,38
80427,John Savage,1964,5,5,39
78651,John Tresvant,1964,5,6,40
80417,Roger Suttner,1964,5,7,41
80431,George Kirk,1964,5,8,42
80404,Nick Werkman,1964,5,9,43
80410,Tom Lavelle,1964,6,1,44
80420,Larry Phillips,1964,6,2,45
80458,Bobby Joe Edmonds,1964,6,3,46
80441,Ricky Kaminsky,1964,6,4,47
80425,Troy Collier,1964,6,5,48
80448,Ernest Brock,1964,6,6,49
80412,Ray Carey,1964,6,7,50
80436,Al Thresher,1964,6,8,51
80403,Levern Tart,1964,6,9,52
76289,Emmette Bryant,1964,7,1,53
80419,Jerry Jackson,1964,7,2,54
80464,Ron Miller,1964,7,3,55
80440,Gordon Hatton,1964,7,4,56
80423,Steve Anstett,1964,7,5,57
80452,Maurice McHartley,1964,7,6,58
80416,David Lee,1964,7,7,59
80435,Vic Rouse,1964,7,8,60
80401,Rich Falk,1964,7,9,61
80405,Jim Boutin,1964,8,1,62
80421,Ralph Telken,1964,8,2,63
80466,Danny Schultz,1964,8,3,64
80444,Bob Pelkington,1964,8,4,65
80424,Jay Buckley,1964,8,5,66
80454,Kendall Rhine,1964,8,6,67
80415,Bob Garibaldi,1964,8,7,68
80429,Joe Gieger,1964,8,8,69
80399,Jeff Blue,1964,8,9,70
80406,Jack Brens,1964,9,1,71
76175,Tom Black,1964,9,2,72
80437,Jim Brennan,1964,9,3,73
80449,Darel Carrier,1964,9,4,74
80418,Camden Wail,1964,9,5,75
80433,Scotty Pierce,1964,9,6,76
80402,Charles Kelley,1964,9,7,77
80407,Jim Christy,1964,10,1,78
80462,Bill Kusleika,1964,10,2,79
80438,Wally Briggs,1964,10,3,80
80455,Frank Stephens,1964,10,4,81
80413,Jeff Cartwright,1964,10,5,82
80432,Bob Neumann,1964,10,6,83
80400,Duane Corribeau,1964,10,7,84
80411,Dennis Lynch,1964,11,1,85
80460,Fred Glover,1964,11,2,86
80442,Thomas Lowry,1964,11,3,87
80451,Gerald Govan,1964,11,4,88
80434,Jim Reynolds,1964,11,5,89
80461,Frank Kamiaski,1964,12,1,90
80443,Julius Myers,1964,12,2,91
80456,Warren Sutton,1964,12,3,92
80430,Fred Jones,1964,12,4,93
80465,Doug Moon,1964,13,1,94
80457,Cecil Tuttle,1964,13,2,95
80459,Pete Gent,1964,14,1,96
80447,Bill Blair,1964,14,2,97
80468,Sandy Williams,1964,15,1,98
80450,Al Cech,1964,15,2,99
76983,Walt Hazzard,1964,0,0,0
78579,George Wilson,1964,0,0,0
77015,Art Heyman,1963,1,1,1
78335,Rod Thorn,1963,1,2,2
600001,Nate Thurmond,1963,1,3,3
77596,Eddie Miles,1963,1,4,4
78455,Gerry Ward,1963,1,5,5
77051,Tom Hoover,1963,1,6,6
78270,Roger Strickland,1963,1,7,7
80335,Bill Green,1963,1,8,8
76950,Jerry Harkness,1963,2,1,9
77150,Gus Johnson,1963,2,2,10
77026,Gary Hill,1963,2,3,11
80365,Jerry Smith,1963,2,4,12
77270,Jim King,1963,2,5,13
80384,Leland Mitchell,1963,2,6,14
80378,Hershell West,1963,2,7,15
76809,Mel Gibson,1963,2,8,16
80387,Ken Saylors,1963,2,9,17
80346,Bill O'Connor,1963,3,1,18
80391,Tom Bolyard,1963,3,2,19
80355,Steve Gray,1963,3,3,20
80362,Mike McCoy,1963,3,4,21
80374,Jimmy Rayl,1963,3,5,22
80380,Bill Burwell,1963,3,6,23
76880,Jerry Greenspan,1963,3,7,24
80366,Lyle Harger,1963,3,8,25
80336,Chuck Kriston,1963,3,9,26
80341,Nate Cloud,1963,4,1,27
80393,Nolen Ellison,1963,4,2,28
80354,Dave Downey,1963,4,3,29
80360,Dave Erickson,1963,4,4,30
80371,Ken Charlton,1963,4,5,31
80379,Waite Bellamy,1963,4,6,32
80377,Ray Flynn,1963,4,7,33
80367,Layton Johns,1963,4,8,34
80338,Connie McGuire,1963,4,9,35
80345,Joe McDermott,1963,5,1,36
80394,Ron Glaser,1963,5,2,37
80357,Don Turner,1963,5,3,38
80364,Bill Small,1963,5,4,39
80372,Mac Herndon,1963,5,5,40
80390,Tony Yates,1963,5,6,41
80376,Tony Cerkvenik,1963,5,7,42
77200,Larry Jones,1963,5,8,43
80339,W. D. Stroud,1963,5,9,44
80344,Jim Kerwin,1963,6,1,45
80397,Ken Siebel,1963,6,2,46
80356,Gene Shields,1963,6,3,47
76945,Reggie Harding,1963,6,4,48
80373,Jim McCormack,1963,6,5,49
80386,Al Santio,1963,6,6,50
80309,Vince Brewer,1963,6,7,51
80369,Warren Salade,1963,6,8,52
80334,Vinnie Ernst,1963,6,9,53
80351,Bob Woolard,1963,7,1,54
80392,Larry Brown,1963,7,2,55
80352,Don Clemetson,1963,7,3,56
80361,Ira Harge,1963,7,4,57
80370,Hunter Beckman,1963,7,5,58
78011,Ken Rohloff,1963,7,6,59
80375,Bill Brown,1963,7,7,60
80368,Gordie Martin,1963,7,8,61
80337,Herb Magee,1963,7,9,62
76466,Freddie Crawford,1963,8,1,63
80396,Dick Riesback,1963,8,2,64
80353,Harry Dinnell,1963,8,3,65
80363,Gary Silc,1963,8,4,66
80389,Harold Strothers,1963,8,5,67
80342,Ray Cronk,1963,9,1,68
80395,Ron Jackson,1963,9,2,69
80358,Chuck White,1963,9,3,70
80359,Ernie Durston,1963,9,4,71
80381,Frank Davis,1963,9,5,72
80343,Gerald Glur,1963,10,1,73
80398,M. C. Thompson,1963,10,2,74
80385,Carl Ritter,1963,10,3,75
80340,Orbie Bowling,1963,11,1,76
80388,Marv Straw,1963,11,2,77
80350,Bob Walter,1963,12,1,78
80382,Hugh Evans,1963,12,2,79
80349,Jerry Szachara,1963,13,1,80
80383,Gordon McFarland,1963,13,2,81
80348,Bill Raftery,1963,14,1,82
80347,Ron Pickett,1963,15,1,83
78309,Tom Thacker,1963,0,0,0
77531,Bill McGill,1962,1,1,1
77038,Paul Hogue,1962,1,2,2
76133,Zelmo Beaty,1962,1,3,3
76382,Len Chappell,1962,1,4,4
77023,Wayne Hightower,1962,1,5,5
76663,Leroy Ellis,1962,1,6,6
76970,John Havlicek,1962,1,7,7
76577,Terry Dischinger,1962,2,1,8
78037,John Rudometkin,1962,2,2,9
76610,Bob Duffy,1962,2,3,10
77411,Kevin Loughery,1962,2,4,11
78435,Chet Walker,1962,2,5,12
77765,Enoch Olsen,1962,2,6,13
78509,Hubie White,1962,2,7,14
78526,Gene Wiley,1962,2,8,15
76729,Jack Foley,1962,2,9,16
77700,Don Nelson,1962,3,1,17
80275,Bobby Rascoe,1962,3,2,18
76946,Charlie Hardnett,1962,3,3,19
80288,Harold Hudgens,1962,3,4,20
77583,Porter Meriwether,1962,3,5,21
80300,Chris Appel,1962,3,6,22
76697,Dave Fedor,1962,3,7,23
80295,John Green,1962,3,8,24
80268,Jim Hadnot,1962,3,9,25
78409,Charles Vaughn,1962,4,1,26
80273,Cliff Luyk,1962,4,2,27
76896,Jerry Grote,1962,4,3,28
76945,Reggie Harding,1962,4,4,29
80310,Bob McCully,1962,4,5,30
80307,Jack Thobe,1962,4,6,31
80284,Garry Roggenburk,1962,4,7,32
80297,Jan Loudermilk,1962,4,8,33
78270,Roger Strickland,1962,4,9,34
80327,Cornell Green,1962,5,1,35
80271,Bob Burgess,1962,5,2,36
80318,Tom Hatton,1962,5,3,37
80289,Lindbergh Moody,1962,5,4,38
78591,John Windsor,1962,5,5,39
80308,Mike Wroblewski,1962,5,6,40
80280,Jack Jackson,1962,5,7,41
80299,Art Whisnant,1962,5,8,42
80267,Gary Daniels,1962,5,9,43
80328,Bill Hanson,1962,6,1,44
80277,Ken Stanley,1962,6,2,45
76363,Jay Carty,1962,6,3,46
80292,Ed Noe,1962,6,4,47
80312,Larry Van Eman,1962,6,5,48
80303,Jerry Foster,1962,6,6,49
80279,Jim Hudock,1962,6,7,50
80296,Bucky Keller,1962,6,8,51
80269,Jim Hooley,1962,6,9,52
80324,Jack Ardon,1962,7,1,53
80278,Richie Swartz,1962,7,2,54
80319,Bob McAteer,1962,7,3,55
80287,John Bradley,1962,7,4,56
80311,Bob Sharpenter,1962,7,5,57
80302,Gary Cunningham,1962,7,6,58
77630,Howie Montgomery,1962,7,7,59
80264,Clyde Arnold,1962,7,8,60
80333,Larry Pursiful,1962,8,1,61
80272,Warren Fouts,1962,8,2,62
80313,Terry Ball,1962,8,3,63
80293,Mike Rice,1962,8,4,64
76950,Jerry Harkness,1962,8,5,65
80301,Ed Bento,1962,8,6,66
80282,Bill Kirvin,1962,8,7,67
80294,Bill Garner,1962,8,8,68
80265,Chuck Chevalier,1962,8,9,69
80325,Carroll Broussard,1962,9,1,70
80270,Paul Benec,1962,9,2,71
80323,Marvin Trotman,1962,9,3,72
80291,Bill Nelson,1962,9,4,73
80309,Vince Brewer,1962,9,5,74
80304,Chris Jones,1962,9,6,75
80281,Tom Kiefer,1962,9,7,76
80298,Bill Matson,1962,9,8,77
80266,Mike Cingiser,1962,9,9,78
80326,Pete Campbell,1962,10,1,79
80276,Ralph Richardson,1962,10,2,80
80322,Charlie Sells,1962,10,3,81
80290,Glenn Moore,1962,10,4,82
80305,George Knighton,1962,10,5,83
80283,Ken McComb,1962,10,6,84
78170,Jeff Slade,1962,11,1,85
80274,Ed Mazria,1962,11,2,86
80316,Tom Chappelle,1962,11,3,87
80306,Frank Pinchback,1962,11,4,88
80285,Donnie Walsh,1962,11,5,89
77737,Mel Nowell,1962,12,1,90
80315,John Caveny,1962,12,2,91
80286,Charles Warren,1962,12,3,92
80329,Tom Kennedy,1962,13,1,93
80314,Jerry Carlton,1962,13,2,94
80330,Bob Mahland,1962,14,1,95
80317,Wilky Gilmore,1962,14,2,96
80332,Pat McKenzie,1962,15,1,97
80320,Dave Ricerto,1962,15,2,98
80331,Norman Majors,1962,16,1,99
80321,Wally Roundsville,1962,16,2,100
76545,Dave DeBusschere,1962,0,0,0
77418,Jerry Lucas,1962,0,0,0
76144,Walt Bellamy,1961,1,1,1
78260,Tom Stith,1961,1,2,2
78147,Larry Siegfried,1961,1,3,3
78100,Ray Scott,1961,1,4,4
78630,Wayne Yates,1961,1,5,5
78458,Ben Warley,1961,1,6,6
77584,Tom Meschery,1961,1,7,7
77025,Cleo Hill,1961,1,8,8
77855,Gary Phillips,1961,1,9,9
77479,Ronald Martin,1961,2,1,10
78522,Bob Wiesenhahn,1961,2,2,11
76647,Johnny Egan,1961,2,3,12
80227,Fred Sawyer,1961,2,4,13
80243,Chris Smith,1961,2,5,14
77421,Ted Luckenbill,1961,2,6,15
77058,Ron Horn,1961,2,7,16
76319,Al Butler,1961,2,8,17
78382,Jack Turner,1961,2,9,18
80258,Jerry Graves,1961,2,10,19
77339,York Larese,1961,2,11,20
77295,Don Kojis,1961,2,12,21
80154,Doug Moe,1961,2,13,22
80257,Jeff Cohen,1961,2,14,23
80200,Tony Jackson,1961,3,1,24
77727,Robert Nordmann,1961,3,2,25
77279,Doug Kistler,1961,3,3,26
80221,Frank Burgess,1961,3,4,27
77772,Chuck Osborne,1961,3,5,28
80205,Jack Egan,1961,3,6,29
80247,Tom Chilton,1961,3,7,30
80193,Bill Depp,1961,3,8,31
76253,Bill Bridges,1961,3,9,32
76182,George Blaney,1961,4,1,33
80231,Lowery Kirk,1961,4,2,34
80213,George Finley,1961,4,3,35
80223,Charles Henke,1961,4,4,36
80245,Hank Whitney,1961,4,5,37
80210,John Tidwell,1961,4,6,38
80251,Gus Guydon,1961,4,7,39
80182,Carl Cole,1961,4,8,40
80260,Roger Kaiser,1961,4,9,41
78209,Bill Smith,1961,5,1,42
80230,Rossie Johnson,1961,5,2,43
76595,Danny Doyle,1961,5,3,44
80225,Bill Lickert,1961,5,4,45
80239,Don Jacobson,1961,5,5,46
80208,Bruce Spraggins,1961,5,6,47
80246,John Berberich,1961,5,7,48
80194,Bob DiStefano,1961,5,8,49
76340,Howie Carl,1961,5,9,50
76295,Cleveland Buckner,1961,6,1,51
80235,Bob Slobodnik,1961,6,2,52
80216,Lee Patrone,1961,6,3,53
80226,Bill McClintock,1961,6,4,54
80241,Billy Joe Price,1961,6,5,55
80206,Dick Goldberg,1961,6,6,56
80253,Bob McDonald,1961,6,7,57
80196,Ned Twyman,1961,6,8,58
80262,Dave Voss,1961,6,9,59
76318,Donnie Butcher,1961,7,1,60
78640,Dave Zeller,1961,7,2,61
80217,Burt Price,1961,7,3,62
80219,Albert Alamanza,1961,7,4,63
80124,Roger Newman,1961,7,5,64
80137,Charles McNeil,1961,7,6,65
80254,Charles Riley,1961,7,7,66
80195,Mel Klein,1961,7,8,67
80259,Ron Heller,1961,7,9,68
80203,Cedrick Price,1961,8,1,69
80236,Jerry Thelen,1961,8,2,70
80218,Walter Ward,1961,8,3,71
80222,Bill Ellis,1961,8,4,72
80240,Dave Mills,1961,8,5,73
80209,Larry Swift,1961,8,6,74
80256,Gene Velloff,1961,8,7,75
80263,John Wessels,1961,8,8,76
80197,Charles Bowman,1961,9,1,77
80232,Larry Krueger,1961,9,2,78
80212,Peter Baltic,1961,9,3,79
80220,Carl Anderson,1961,9,4,80
80244,Rex Tippitt,1961,9,5,81
80250,Herbert Gray,1961,9,6,82
80261,Steve Strange,1961,9,7,83
80198,Ron Debillous,1961,10,1,84
80237,Jack Waters,1961,10,2,85
80215,Wayne Monson,1961,10,3,86
80228,Robert Williams,1961,10,4,87
80238,Pete Chudy,1961,10,5,88
80207,Leo Hill,1961,10,6,89
80249,Tom Faszholz,1961,10,7,90
76427,Larry Comley,1961,10,8,91
77411,Kevin Loughery,1961,11,1,92
80234,Carl Short,1961,11,2,93
80214,Richard Kraft,1961,11,3,94
80224,Howard Hunt,1961,11,4,95
80242,Dick Sammons,1961,11,5,96
80211,Corky Whitrow,1961,11,6,97
80252,Dick Kepley,1961,11,7,98
80204,Earl Shultz,1961,12,1,99
77811,George Patterson,1961,12,2,100
80248,Jackie Crawford,1961,12,3,101
80201,Ned Jennings,1961,13,1,102
80233,Clair McRoberts,1961,13,2,103
80255,Howard Stacy,1961,13,3,104
80199,Bill Engressor,1961,14,1,105
80229,Carl Bouldin,1961,14,2,106
80202,Vince Kempton,1961,15,1,107
600015,Oscar Robertson,1960,1,1,1
78497,Jerry West,1960,1,2,2
77093,Darrall Imhoff,1960,1,3,3
77639,Jackie Moreland,1960,1,4,4
78121,Lee Shaffer,1960,1,5,5
78530,Lenny Wilkens,1960,1,6,6
80142,Al Bunge,1960,1,7,7
78060,Thomas Sanders,1960,1,8,8
76063,Jay Arnette,1960,2,1,9
76297,Dave Budd,1960,2,2,10
80127,Kelly Coleman,1960,2,3,11
77165,Ron Johnson,1960,2,4,12
80186,Wilbur Trosch,1960,2,5,13
77899,Frank Radovich,1960,2,6,14
77245,William Kennedy,1960,2,7,15
80125,Leroy Wright,1960,2,8,16
76532,Ralph Davis,1960,3,1,17
80161,Jim Hagan,1960,3,2,18
77562,Bob McNeill,1960,3,3,19
80148,Frank Case,1960,3,4,20
77977,Joe Roberts,1960,3,5,21
77327,Fred LaCour,1960,3,6,22
80145,Bob Mealy,1960,3,7,23
80122,Mike Graney,1960,3,8,24
80177,Dalen Showalter,1960,4,1,25
80159,Wally Frank,1960,4,2,26
78458,Ben Warley,1960,4,3,27
80155,Ken Remley,1960,4,4,28
80182,Carl Cole,1960,4,5,29
78438,Horace Walker,1960,4,6,30
80147,Charley Sharp,1960,4,7,31
80121,Sid Cohen,1960,4,8,32
80175,Don Ogorek,1960,5,1,33
80157,George Farley,1960,5,2,34
80137,Charles McNeil,1960,5,3,35
77202,Willie Jones,1960,5,4,36
80097,Jim Mudd,1960,5,5,37
76511,Jimmy Darrow,1960,5,6,38
76070,Alvin Attles,1960,5,7,39
80123,Wayne Lawrence,1960,5,8,40
80096,Bobby Joe Mason,1960,6,1,41
80160,Bobby Goodall,1960,6,2,42
80129,David Denton,1960,6,3,43
80153,Bill Lowry,1960,6,4,44
80187,Herschell Turner,1960,6,5,45
77339,York Larese,1960,6,6,46
80141,Jim Brangan,1960,6,7,47
80124,Roger Newman,1960,6,8,48
80179,Fred Sobrero,1960,7,1,49
77172,Howie Jolliff,1960,7,2,50
80130,Dick Doughty,1960,7,3,51
80154,Doug Moe,1960,7,4,52
80184,Bernie Kauffman,1960,7,5,53
78160,Bob Sims,1960,7,6,54
80143,Bob Clarke,1960,7,7,55
78259,Sam Stith,1960,8,1,56
80165,John Werhas,1960,8,2,57
80138,George Price,1960,8,3,58
80156,Mike Yugovich,1960,8,4,59
80185,Don Lynch,1960,8,5,60
80189,Don Curry,1960,8,6,61
80146,George Raveling,1960,8,7,62
80174,Al Nealey,1960,9,1,63
80164,Claude Lefevre,1960,9,2,64
80128,Tony Davis,1960,9,3,65
80150,Martin Holland,1960,9,4,66
80183,Bernie Findlay,1960,9,5,67
80188,Bob Castanada,1960,9,6,68
80144,Joe Gallo,1960,9,7,69
80178,Lon Sizemore,1960,10,1,70
80162,Dick Harvey,1960,10,2,71
80136,Walter Mangham,1960,10,3,72
80152,Joe Kennelly,1960,10,4,73
80191,Americus John-Lewis,1960,10,5,74
80173,Dennis Moore,1960,11,1,75
80158,Sterling Forbes,1960,11,2,76
80140,Howard Willis,1960,11,3,77
77842,Mel Peterson,1960,11,4,78
80190,Dick Davies,1960,11,5,79
80166,Ron Altenberg,1960,12,1,80
80163,Will Jones,1960,12,2,81
80134,Henry Hart,1960,12,3,82
80149,John Dobbert,1960,12,4,83
80192,Bob Wilkinson,1960,12,5,84
80171,John Milhoan,1960,13,1,85
80131,Dick Furry,1960,13,2,86
80151,Lee Hopfenspirger,1960,13,3,87
80167,Larry Chaney,1960,14,1,88
80133,Jim Hanna,1960,14,2,89
80176,Ducky Potter,1960,15,1,90
80126,Jerry Bechtal,1960,15,2,91
80168,Gene Jordan,1960,16,1,92
80139,Jerry Schofield,1960,16,2,93
80169,Ernie McCray,1960,17,1,94
80132,Tandy Gillis,1960,17,2,95
80172,Don Mills,1960,18,1,96
80135,George Krajick,1960,18,2,97
80181,Larry Willey,1960,19,1,98
80180,Tony Wilcox,1960,20,1,99
80170,Jim McDonald,1960,21,1,100
76206,Bob Boozer,1959,1,1,1
77070,Bailey Howell,1959,1,2,2
76977,Tom Hawkins,1959,1,3,3
76107,Dick Barnett,1959,1,4,4
76867,Johnny Green,1959,1,5,5
77954,John Richter,1959,1,6,6
80087,Tom Robitaille,1959,2,1,7
80085,Don Goldstein,1959,2,2,8
78040,Joe Ruklick,1959,2,3,9
77340,Rudy LaRusso,1959,2,4,10
78358,Gene Tormohlen,1959,2,5,11
80119,Alan Seiden,1959,2,6,12
77906,Cal Ramsey,1959,2,7,13
76900,Gene Guarilia,1959,2,8,14
80105,Mike Mendenhall,1959,3,1,15
76020,Gary Alcorn,1959,3,2,16
80075,Jim Hickaday,1959,3,3,17
78203,Bobby Smith,1959,3,4,18
80109,Jon Cincebox,1959,3,5,19
76034,Bob Anderegg,1959,3,6,20
80120,Hank Stein,1959,3,7,21
80022,Ralph Croswaite,1959,3,8,22
80100,Leo Byrd,1959,4,1,23
77359,George Lee,1959,4,2,24
80079,Ron Stevenson,1959,4,3,25
80090,Wilson Eison,1959,4,4,26
77706,Paul Neumann,1959,4,5,27
76464,Johnny Cox,1959,4,6,28
80114,Lee Harman,1959,4,7,29
80063,Ed Kazakavich,1959,4,8,30
80102,Harry Kirchner,1959,5,1,31
78590,Tony Windis,1959,5,2,32
80080,Bill Telasky,1959,5,3,33
80096,Bobby Joe Mason,1959,5,4,34
80112,Roger Taylor,1959,5,5,35
80066,Herb Busch,1959,5,6,36
77457,Nick Mantis,1959,5,7,37
80064,Don Lange,1959,5,8,38
80101,Don Hennon,1959,6,1,39
80086,Lou Jordan,1959,6,2,40
80078,Joe Spratt,1959,6,3,41
80093,Jim Henry,1959,6,4,42
80110,Bob Dalton,1959,6,5,43
80068,Bucky McDonald,1959,6,6,44
80117,Mike Moran,1959,6,7,45
80062,Bob Cumings,1959,6,8,46
80106,Dale Moore,1959,7,1,47
80088,Doug Smart,1959,7,2,48
80076,Joe Ryan,1959,7,3,49
80092,Charley Grote,1959,7,4,50
80111,Darnell Haney,1959,7,5,51
80070,Russ Robinson,1959,7,6,52
80113,Orby Arnold,1959,7,7,53
80103,Don Matuszak,1959,8,1,54
80083,Chuck Curtis,1959,8,2,55
76906,Dave Gunther,1959,8,3,56
80094,Leon Hill,1959,8,4,57
80072,Walt Torrence,1959,8,5,58
80116,Willie Merriweather,1959,8,6,59
80104,Joe Billy McDade,1959,9,1,60
80084,Doyle Edmiston,1959,9,2,61
80074,Carl Belz,1959,9,3,62
80097,Jim Mudd,1959,9,4,63
80071,Jerry Shipp,1959,9,5,64
80118,Lou Pucillo,1959,9,6,65
80107,Joe Viviano,1959,10,1,66
80054,Bruno Boin,1959,10,2,67
80077,Tony Sellari,1959,10,3,68
80095,Roger Johnson,1959,10,4,69
80073,Paul Wilcox,1959,10,5,70
80115,Ron Loneski,1959,10,6,71
80099,Charley Brown,1959,11,1,72
80082,M. C. Burton,1959,11,2,73
80081,Phil Warren,1959,11,3,74
80091,Jack Evans,1959,11,4,75
80065,Paul Benes,1959,11,5,76
76108,John Barnhill,1959,11,6,77
80108,Roger Wendel,1959,12,1,78
80089,Vern Baggenstoss,1959,12,2,79
80021,Ed Blair,1959,12,3,80
80098,Dwayne Smith,1959,13,1,81
80069,John Nicoll,1959,13,2,82
80067,Jack Israel,1959,14,1,83
76375,Wilt Chamberlain,1959,0,0,0
76712,Bob Ferry,1959,0,0,0
76127,Elgin Baylor,1958,1,1,1
76546,Archie Dees,1958,1,2,2
76694,Mike Farmer,1958,1,3,3
76245,Pete Brennan,1958,1,4,4
76566,Connie Dierking,1958,1,5,5
76774,Dave Gambee,1958,1,6,6
78283,Bennie Swain,1958,1,7,7
76929,Steve Hamilton,1958,2,1,8
76969,Vern Hatton,1958,2,2,9
76324,Barney Cable,1958,2,3,10
80012,Joe Quigg,1958,2,4,11
80019,Lamar Sharrar,1958,2,5,12
76882,Hal Greer,1958,2,6,13
77927,Hub Reed,1958,2,7,14
80005,Jimmy Smith,1958,2,8,15
76658,Alexander Ellis,1958,3,1,16
76191,Arlen Bockhorn,1958,3,2,17
80024,Roy DeWitz,1958,3,3,18
80010,John Lee,1958,3,4,19
80017,Frank Howard,1958,3,5,20
80051,John Nacincik,1958,3,6,21
76668,Wayne Embry,1958,3,7,22
80001,Jim Cunningham,1958,3,8,23
80036,George Kline,1958,4,1,24
79964,Phil Murrell,1958,4,2,25
80022,Ralph Croswaite,1958,4,3,26
76464,Johnny Cox,1958,4,4,27
80020,Temple Tucker,1958,4,5,28
77231,Tommy Kearns,1958,4,6,29
80058,Julius Peques,1958,4,7,30
80003,Don Flora,1958,4,8,31
80039,Quitman Sullins,1958,5,1,32
80041,Jim Fulmer,1958,5,2,33
80028,Hank Morano,1958,5,3,34
80008,Don Lane,1958,5,4,35
77751,Don Ohl,1958,5,5,36
80049,Fred Grim,1958,5,6,37
80056,Rick Herrsher,1958,5,7,38
80000,Gene Brown,1958,5,8,39
80035,Al Inniss,1958,6,1,40
80044,Jim McClennan,1958,6,2,41
77555,Shellie McMillon,1958,6,3,42
80007,Joe King,1958,6,4,43
80013,Bucky Allen,1958,6,5,44
80050,Jack Mimitz,1958,6,6,45
80055,John Crawford,1958,6,7,46
80004,Dave Keleher,1958,6,8,47
80031,Jim Bond,1958,7,1,48
78252,Wayne Stevens,1958,7,2,49
80021,Ed Blair,1958,7,3,50
80009,Owen Lawson,1958,7,4,51
80018,Jay Norman,1958,7,5,52
80052,Pete Tillotson,1958,7,6,53
80060,Ken Sidle,1958,7,7,54
80002,Rudy Fenderson,1958,7,8,55
80032,Ed Brinkley,1958,8,1,56
80042,Bob Mantz,1958,8,2,57
80029,Jack Quiggle,1958,8,3,58
80006,Milt Kane,1958,8,4,59
80014,Tom Brennan,1958,8,5,60
80053,Ruel Tucker,1958,8,6,61
80054,Bruno Boin,1958,8,7,62
80034,Joe Hobbs,1958,9,1,63
78244,Larry Staverman,1958,9,2,64
80026,Harry Marske,1958,9,3,65
80011,John McCarthy,1958,9,4,66
80015,Nick Davis,1958,9,5,67
80061,Tink Van Patton,1958,9,6,68
80037,Shorty Patterson,1958,10,1,69
77802,Jack Parr,1958,10,2,70
80025,Pete Gaudin,1958,10,3,71
80016,Larry Hedden,1958,10,4,72
80059,James Purcell,1958,10,5,73
80033,Hal Duffy,1958,11,1,74
80048,Frank Tartaton,1958,11,2,75
80027,Herb Merritt,1958,11,3,76
80057,Don Klein,1958,11,4,77
80038,Gary Simmons,1958,12,1,78
80045,Don Medsker,1958,12,2,79
80023,Jim Dew,1958,12,3,80
76293,Joe Buckhalter,1958,12,4,81
80030,Jerry Alcom,1958,13,1,82
80040,Jerry DuPont,1958,13,2,83
80046,Jim Newcomb,1958,14,1,84
78178,Adrian Smith,1958,15,1,85
80043,Jack McCarthy,1958,16,1,86
80047,John Powell,1958,17,1,87
78003,Guy Rodgers,1958,0,0,0
77082,Rod Hundley,1957,1,1,1
78391,Charlie Tyra,1957,1,2,2
77311,Jim Krebs,1957,1,3,3
78529,Win Wilfong,1957,1,4,4
77500,Brendan McCann,1957,1,5,5
78018,Lennie Rosenbluth,1957,1,6,6
76203,George H. Bon Salle,1957,1,7,7
77196,Sam Jones,1957,1,8,8
76605,Dick Duckett,1957,2,1,9
79960,Bob McCoy,1957,2,2,10
79965,Harvey Schmidt,1957,2,3,11
77792,Jim Palmer,1957,2,4,12
76758,Larry Friend,1957,2,5,13
79954,Jack Sullivan,1957,2,6,14
79983,Jim Morgan,1957,2,7,15
79939,Dick O'Neal,1957,2,8,16
77816,Jerry Paulson,1957,3,1,17
76633,Bill Ebben,1957,3,2,18
79966,Jim Spivey,1957,3,3,19
79999,John Smyth,1957,3,4,20
79944,Gary Clark,1957,3,5,21
79952,Angelo Lombardo,1957,3,6,22
79979,Vince Cohen,1957,3,7,23
79940,Chuck Schramm,1957,3,8,24
79971,Jed Dormeyer,1957,4,1,25
79957,Kurt Englebert,1957,4,2,26
76273,George Brown,1957,4,3,27
79994,Hank Nowak,1957,4,4,28
79947,Rayford Wells,1957,4,5,29
77901,Ray Radziszewski,1957,4,6,30
79982,Jerry Mallett,1957,4,7,31
79934,Jim Ashmore,1957,4,8,32
79976,Stewart Murray,1957,5,1,33
79958,Ron Kramer,1957,5,2,34
79968,Gary Thompson,1957,5,3,35
79996,Al Rochelle,1957,5,4,36
79946,Lee Marshall,1957,5,5,37
79953,Jim Radcliffe,1957,5,6,38
79985,Frank Nimmo,1957,5,7,39
79943,Grady Wallace,1957,5,8,40
79975,John Maglio,1957,6,1,41
79955,Walt Acamushko,1957,6,2,42
79964,Phil Murrell,1957,6,3,43
79989,Raymond Downs,1957,6,4,44
79945,Jim Humphreys,1957,6,5,45
79951,Alonzo Lewis,1957,6,6,46
79981,Lyndon Lee,1957,6,7,47
77272,Maury King,1957,6,8,48
79972,Chet Forte,1957,7,1,49
79956,Carl Boldt,1957,7,2,50
79961,George Ferguson,1957,7,3,51
79995,Mason Pope,1957,7,4,52
79950,Max Jameson,1957,7,5,53
79980,Dick Gaines,1957,7,6,54
79935,Dick Brott,1957,7,7,55
79970,Bob Daniels,1957,8,1,56
76197,Doug Bolstorff,1957,8,2,57
79963,John Haaven,1957,8,3,58
79988,Bill Darragh,1957,8,4,59
78064,Woody Sauldsberry,1957,8,5,60
79986,Cebe Price,1957,8,6,61
79942,Bill Von Weyhe,1957,8,7,62
79974,Dick Heise,1957,9,1,63
79959,Bob Lazor,1957,9,2,64
79967,Jim Sutton,1957,9,3,65
79991,Calvin Grosscup,1957,9,4,66
76929,Steve Hamilton,1957,9,5,67
79978,Jim Brown,1957,9,6,68
79937,Joe Gibbon,1957,9,7,69
79977,Mel Wright,1957,10,1,70
79962,Gordon Fosness,1957,10,2,71
79993,Bobby Mills,1957,10,3,72
79948,Gerry Calvert,1957,10,4,73
79984,Jack Nichols,1957,10,5,74
79936,Jack Butcher,1957,10,6,75
79973,Cliff Hafer,1957,11,1,76
79990,Gerald Dreier,1957,11,2,77
79938,Dick Neal,1957,11,3,78
79969,Jim Boothe,1957,12,1,79
79998,Bob Seitz,1957,12,2,80
79987,Jim Weeks,1957,12,3,81
79997,Ed Romanoff,1957,13,1,82
79992,Lavelle Langston,1957,14,1,83
79941,Dan Tobin,1957,0,0,0
79949,Jerry Gibson,1957,0,0,0
76877,Si Green,1956,1,1,1
78049,Bill Russell,1956,1,2,2
77818,Jim Paxson,1956,1,3,3
78128,Ron Shavlik,1956,1,4,4
77049,Joe Holup,1956,1,5,5
78216,Ron Sobie,1956,1,6,6
77352,Hal Lear,1956,1,7,7
76006,Forest Able,1956,0,0,0
76096,John Barber,1956,0,0,0
76127,Elgin Baylor,1956,0,0,0
76156,Gary Bergen,1956,0,0,0
76168,Jerry Bird,1956,0,0,0
76313,Bob Burrow,1956,0,0,0
76617,Pat Dunn,1956,0,0,0
76919,Harvey Halbrook,1956,0,0,0
76988,Tom Heinsohn,1956,0,0,0
77052,Bob Hopkins,1956,0,0,0
77196,Sam Jones,1956,0,0,0
77210,Phil Jordon,1956,0,0,0
77506,Johnny McCarthy,1956,0,0,0
77693,Willie Naulls,1956,0,0,0
77862,Dave Piontek,1956,0,0,0
77919,Jim Ray,1956,0,0,0
78013,Phil Rollins,1956,0,0,0
78256,Norm Stewart,1956,0,0,0
78285,Dan Swartz,1956,4,0,0
78312,Bill Thieben,1956,0,0,0
79873,Jim Houston,1956,9,0,0
79874,George Linn,1956,3,0,0
79875,Theophileus Lloyd,1956,10,0,0
79876,Bill Logan,1956,5,0,0
79877,Vic Molodet,1956,8,0,0
79878,Jack Adams,1956,0,0,0
79879,Art Bunte,1956,0,0,0
79880,Howard Crittendon,1956,0,0,0
79881,Jerry Harper,1956,0,0,0
79882,Ronnie Mayer,1956,0,0,0
79883,Dick Miani,1956,0,0,0
79884,Dick Miller,1956,0,0,0
79885,Ed Petrie,1956,0,0,0
79886,Tony Roybal,1956,0,0,0
79887,Joe Sexton,1956,0,0,0
79888,Max Anderson,1956,0,0,0
79889,Joe Belmont,1956,0,0,0
79890,Ronald Clark,1956,0,0,0
79891,John Fannon,1956,0,0,0
79892,Bevo Francis,1956,0,0,0
79893,Phil Wheeler,1956,0,0,0
79894,Mickey Winograd,1956,0,0,0
79895,Bruce Harris,1956,0,0,0
79896,Bob Kessler,1956,0,0,0
79897,Joe Lieber,1956,0,0,0
79898,John Schlimm,1956,0,0,0
79899,Charles Slack,1956,0,0,0
79900,Lloyd Aubrey,1956,0,0,0
79901,Phil Grawmeyer,1956,0,0,0
79902,Robert Hodgson,1956,0,0,0
79903,John Patzwald,1956,0,0,0
79904,Terry Rand,1956,0,0,0
79905,Jim Springer,1956,0,0,0
79906,Carl Widseth,1956,0,0,0
79907,Carl Cain,1956,0,0,0
79908,Gene Carpenter,1956,0,0,0
79909,Clayton Carter,1956,0,0,0
79910,Dan Mannix,1956,0,0,0
79911,Jerry Moreman,1956,0,0,0
79912,Kevin Thomas,1956,0,0,0
79913,Bill Uhl,1956,0,0,0
79914,Willie Bergines,1956,0,0,0
79915,Milt Graham,1956,0,0,0
79916,Paul Judson,1956,0,0,0
79917,Dick Julio,1956,0,0,0
79918,Dick Kenyon,1956,0,0,0
79919,Jim McLaughlin,1956,0,0,0
79920,Jess Roh,1956,0,0,0
79921,Chuck Rolles,1956,0,0,0
79922,Chester Webb,1956,0,0,0
79923,Wally Choice,1956,0,0,0
79924,Darrell Floyd,1956,0,0,0
79925,Robin Freeman,1956,0,0,0
79926,Arthur Helms,1956,0,0,0
79927,Ed Huse,1956,0,0,0
79928,Julius McCoy,1956,0,0,0
79929,Junior Morgan,1956,0,0,0
79930,Hershel Pederson,1956,0,0,0
79931,Dave Plunkett,1956,0,0,0
79932,Jim Reed,1956,0,0,0
79933,Morris Taft,1956,0,0,0
77188,K.C. Jones,1956,2,0,0
79838,Don Boldebuck,1956,6,0,0
79844,O'Neal Weaver,1956,7,0,0
79871,Bill Reigel,1956,0,0,0
77955,Dick Ricketts,1955,1,1,1
600016,Maurice Stokes,1955,1,2,2
77409,Jim Loscutoff,1955,1,3,3
78106,Ken Sears,1955,1,4,4
76429,Ed Conlin,1955,1,5,5
77055,Johnny Horan,1955,1,6,6
78249,Jack Stephens,1955,2,1,7
78388,Jack Twyman,1955,2,2,8
76561,Walter Devlin,1955,2,3,9
76989,Dick Hemric,1955,2,4,10
79816,Jerry Mullen,1955,2,5,11
77579,Chuck Mencel,1955,2,6,12
76062,Jesse Arnelle,1955,2,7,13
79861,Don Schlundt,1955,2,8,14
76708,Al Ferrari,1955,3,1,15
76723,Ed Fleming,1955,3,2,16
78072,Bob Schafer,1955,3,3,17
79809,Buzz Wilkinson,1955,3,4,18
78223,Guy Sparrow,1955,3,5,19
79839,Dick Boushka,1955,3,6,20
79859,Jack Sallee,1955,3,7,21
79828,Ron Bennink,1955,3,8,22
79868,Burdette Haldorson,1955,4,1,23
79849,Bob McKeen,1955,4,2,24
79826,Ed Wiener,1955,4,3,25
79802,Bart Leach,1955,4,4,26
79812,Ed Cole,1955,4,5,27
79841,John Miller,1955,4,6,28
79830,Dick Howard,1955,4,7,29
79855,Frank Ehmann,1955,4,8,30
79864,Bill Bagley,1955,5,1,31
79845,Bill Evans,1955,5,2,32
79820,Jack Devine,1955,5,3,33
79806,Bob Patterson,1955,5,4,34
79811,Denver Brackeen,1955,5,5,35
79837,Bill Banks,1955,5,6,36
79853,Mal Duffy,1955,5,7,37
79831,Cleo Littleton,1955,5,8,38
76061,Bob Armstrong,1955,0,0,0
76828,Tom Gola,1955,0,0,0
77188,K.C. Jones,1955,0,0,0
79798,Jim Ahearn,1955,10,0,0
79799,Mark Davis,1955,12,0,0
79800,Henry Dooley,1955,13,0,0
79801,Carl Hartman,1955,11,0,0
79803,John Mahoney,1955,6,0,0
79804,John Moore,1955,7,0,0
79805,Dean Parsons,1955,8,0,0
79807,Nick Romanoff,1955,9,0,0
79808,Bob Scuddelari,1955,14,0,0
79810,Joe Beck,1955,8,0,0
79813,Jim Fay,1955,7,0,0
79814,Mickey Harrington,1955,12,0,0
79815,Wally McCarvill,1955,10,0,0
79817,Don Payne,1955,9,0,0
79818,Howard Sessums,1955,6,0,0
79819,Charles Stickels,1955,11,0,0
79821,Al Didriksen,1955,8,0,0
79822,Jerry Koch,1955,10,0,0
79823,Lester Lane,1955,9,0,0
79824,Harry Silcox,1955,7,0,0
79825,George Swyers,1955,6,0,0
79827,Don Belcher,1955,0,0,0
79829,Tom Harrold,1955,0,0,0
79832,Happy Mahfouz,1955,0,0,0
79833,Tom Mixon,1955,0,0,0
79834,Tom Mock,1955,0,0,0
79835,Bob Reiter,1955,0,0,0
79836,Ray Warren,1955,0,0,0
79838,Don Boldebuck,1955,0,0,0
79840,Don Bragg,1955,0,0,0
79842,Jim Scott,1955,0,0,0
79843,Bill Warden,1955,0,0,0
79844,O'Neal Weaver,1955,0,0,0
79846,Harry Jorgensen,1955,0,0,0
79847,Jerry Jung,1955,0,0,0
79848,Jim McConnell,1955,0,0,0
79850,John Prudhoe,1955,0,0,0
79851,Art Quimby,1955,0,0,0
79852,Tony Vlastelica,1955,0,0,0
79854,Cliff Dwyer,1955,0,0,0
79856,Ed Galvin,1955,0,0,0
79857,Stan Glowaski,1955,0,0,0
79858,Russ Lawler,1955,0,0,0
79860,Marty Satalino,1955,0,0,0
79862,Ron Tomsic,1955,0,0,0
79863,Harvey Babetch,1955,0,0,0
79865,Dick Cable,1955,0,0,0
79866,Lynn Cole,1955,0,0,0
79867,Joe Fitt,1955,0,0,0
79869,Charles Hoxie,1955,0,0,0
79870,Ed O'Connor,1955,0,0,0
79871,Bill Reigel,1955,0,0,0
79872,Dick Welsh,1955,0,0,0
76783,Dick Garmaker,1955,0,0,0
78113,Frank Selvy,1954,1,1,1
77847,Bob Pettit,1954,1,2,2
78142,Gene Shue,1954,1,3,3
78020,Dick Rosenthal,1954,1,4,4
77791,Togo Palazzi,1954,1,5,5
77248,Johnny Kerr,1954,1,6,6
77467,Tom Marshall,1954,1,7,7
78380,Jack Turner,1954,1,8,8
77219,Ed Kalafat,1954,1,9,9
77371,Bob Leonard,1954,2,1,10
79794,Bob Mattick,1954,2,2,11
76454,Larry Costello,1954,2,3,12
79769,Arnold Short,1954,2,4,13
77648,Dwight Morrison,1954,2,5,14
76693,Dick Farley,1954,2,6,15
77682,Boris Nachamkin,1954,2,7,16
76902,Richie Guerin,1954,2,8,17
76160,Al Bianchi,1954,2,9,18
79757,Werner Killen,1954,3,1,19
79796,Walt Walowac,1954,3,2,20
79750,Ben Peters,1954,3,3,21
79762,B. H. Born,1954,3,4,22
79728,Henry Daubenschmidt,1954,3,5,23
78374,Jim Tucker,1954,3,6,24
79780,Lee Morton,1954,3,7,25
76049,Don Anielak,1954,3,8,26
79775,Don Lance,1954,3,9,27
79761,Burt Spice,1954,4,1,28
77477,Phil Martin,1954,4,2,29
77722,Chuck Noble,1954,4,3,30
79770,Mel Thompson,1954,4,4,31
79733,Ron Perry,1954,4,5,32
79786,Don McLane,1954,4,6,33
78232,Art Spoelstra,1954,4,7,34
79738,Don Lange,1954,4,8,35
79777,Gene Schwinger,1954,4,9,36
79759,Lou Scott,1954,5,1,37
79792,Paul Ebert,1954,5,2,38
79745,Rudy D'Emilio,1954,5,3,39
79763,Dutch Burch,1954,5,4,40
79727,Troy Burris,1954,5,5,41
79788,Paul Pottenburgh,1954,5,6,42
76679,Bo Erias,1954,5,7,43
79739,Jesse Priscock,1954,5,8,44
79771,Buzz Bennett,1954,5,9,45
79755,Bob Heim,1954,6,1,46
76345,Bob Carney,1954,6,2,47
79752,Len Winogard,1954,6,3,48
79767,Charles Kraak,1954,6,4,49
79732,Otto Krieghauser,1954,6,5,50
79787,Norman Pott,1954,6,6,51
76524,James Davis,1954,6,7,52
79740,Ron Rivers,1954,6,8,53
79776,Nick Revon,1954,6,9,54
79758,Joe Pehanick,1954,7,1,55
79793,Alan Kelley,1954,7,2,56
79744,Bob Brady,1954,7,3,57
79766,Bernie Janicki,1954,7,4,58
79730,Paul Estergaard,1954,7,5,59
79785,Gus Levett,1954,7,6,60
79716,Bill Hull,1954,7,7,61
79742,Solly Walker,1954,7,8,62
79773,Dan Finch,1954,7,9,63
79753,Harry Brooks,1954,8,1,64
79795,Dick Nunneley,1954,8,2,65
79747,Bob Hodges,1954,8,3,66
76164,Don Bielke,1954,8,4,67
79734,Jim Young,1954,8,5,68
79782,Mel Besdin,1954,8,6,69
79779,Paul Morrow,1954,8,7,70
79737,Cob Jarvis,1954,8,8,71
79774,Bob Hopkins,1954,8,9,72
79754,Ron Goerrs,1954,9,1,73
79790,Hal Cervini,1954,9,2,74
79748,Vince Leta,1954,9,3,75
79764,Joel Hittleman,1954,9,4,76
79784,Fletcher Johnson,1954,9,5,77
79778,Roy Irvin,1954,9,6,78
79736,Henry Duckham,1954,9,7,79
76783,Dick Garmaker,1954,9,8,80
79760,Gary Shivers,1954,10,1,81
79789,Joe Bertrand,1954,10,2,82
79751,Bill Sullivan,1954,10,3,83
79768,Phil Larson,1954,10,4,84
79729,Tony Daukas,1954,10,5,85
79783,Jack Davidson,1954,10,6,86
79781,Ed Parchinski,1954,10,7,87
79735,John Clune,1954,10,8,88
79772,John Blever,1954,10,9,89
79756,Elliott Karver,1954,11,1,90
79791,Jerry Domerschick,1954,11,2,91
79749,Frank O'Hara,1954,11,3,92
79765,Forrest Jackson,1954,11,4,93
79731,Bill Johnson,1954,11,5,94
77818,Jim Paxson,1954,11,6,95
79743,Bob Walter,1954,11,7,96
79797,Ron Weisner,1954,12,1,97
79746,John Glinski,1954,12,2,98
79741,Bill Stickel,1954,12,3,99
77049,Joe Holup,1954,13,1,100
76704,Ray Felix,1953,1,1,1
77062,Bob Houbregs,1953,1,2,2
77624,Jack Molinas,1953,1,3,3
77932,Richie Regan,1953,1,4,4
77907,Frank Ramsey,1953,1,5,5
77695,Jim Neal,1953,1,6,6
76760,Jim Fritsche,1953,1,7,7
76008,Donald Ackerman,1953,2,0,0
76069,Richard Atha,1953,0,0,0
76136,Ernie Beck,1953,0,0,0
76145,Irv Bemoras,1953,0,0,0
76196,Bill Bolger,1953,0,0,0
76611,Walter Dukes,1953,0,0,0
76626,Gene Dyker,1953,0,0,0
76701,Ron Feiereisel,1953,0,0,0
76800,Jack George,1953,0,0,0
76886,Norm Grekin,1953,3,0,0
76912,Cliff Hagan,1953,3,0,0
76998,Larry Hennessy,1953,2,0,0
77049,Joe Holup,1953,5,0,0
77247,Bill Kenville,1953,0,0,0
77292,Dick Knostman,1953,0,0,0
77725,Paul Nolen,1953,0,0,0
77922,Connie Rea,1953,0,0,0
77925,Frank Reddout,1953,0,0,0
78061,Bob Santini,1953,5,0,0
78106,Ken Sears,1953,0,0,0
78212,Joe Smyth,1953,0,0,0
78284,Norm Swanson,1953,0,0,0
78371,Lou Tsioropoulos,1953,7,0,0
79636,Jim Doherty,1953,12,0,0
79637,Lewis Gilcrease,1953,9,0,0
79638,Ted Lallier,1953,8,0,0
79639,Tom Lillis,1953,10,0,0
79640,Earle Markey,1953,4,0,0
79641,Chet Noe,1953,2,0,0
79642,Gil Reich,1953,11,0,0
79643,Vernon Stokes,1953,6,0,0
79644,Thomas Bishop,1953,4,0,0
79645,Delmer Diercks,1953,0,0,0
79646,Neil Gordon,1953,3,0,0
79647,Forrest Hamilton,1953,0,0,0
79648,Bob Matheny,1953,0,0,0
79649,Larry O'Connor,1953,0,0,0
79650,Richard Prater,1953,0,0,0
79651,Allan Schutts,1953,0,0,0
79652,Bill Dodd,1953,8,0,0
79653,John Doogan,1953,11,0,0
79654,Charles Duffley,1953,12,0,0
79655,Don Eby,1953,6,0,0
79656,Toar Hester,1953,10,0,0
79657,Fred Ihle,1953,4,0,0
79658,Bob Marske,1953,7,0,0
79659,Bob Sassone,1953,9,0,0
79660,Eddie Solomon,1953,5,0,0
79661,Jack Carby,1953,0,0,0
79662,Bob Emmercik,1953,0,0,0
79663,Russ Johnson,1953,0,0,0
79664,Bob Kraback,1953,0,0,0
79665,Dennis Murphy,1953,0,0,0
79666,Joe Piorkowski,1953,0,0,0
79667,Bill Schyman,1953,0,0,0
79668,Herman Sledzik,1953,0,0,0
79669,Bob Speight,1953,0,0,0
79670,Don Stemmerich,1953,0,0,0
79671,Elmer Tolson,1953,0,0,0
79672,Edward Walsh,1953,0,0,0
79673,Jim Bingham,1953,0,0,0
79674,Mike Bodnar,1953,0,0,0
79675,Jim Bredar,1953,0,0,0
79676,George Glasgow,1953,0,0,0
79677,William Hagan,1953,0,0,0
79678,Dean Kelley,1953,0,0,0
79679,Norb Lewinski,1953,0,0,0
79680,Dick White,1953,0,0,0
79681,Doug Atkins,1953,0,0,0
79682,Hank Budde,1953,0,0,0
79683,Bill Chambers,1953,0,0,0
79684,Harold Christensen,1953,0,0,0
79685,Ken Flowers,1953,0,0,0
79686,Bob Gelle,1953,0,0,0
79687,Bob Gussner,1953,0,0,0
79688,Walt Kearns,1953,0,0,0
79689,Hartly Kruger,1953,0,0,0
79690,Roger Kuss,1953,0,0,0
79691,Zippy Morocco,1953,0,0,0
79692,Lloyd Olmstead,1953,0,0,0
79693,Joe Richey,1953,0,0,0
79694,Pete Silas,1953,0,0,0
79695,Lloyd Thorgaard,1953,0,0,0
79696,Chuck Wolfe,1953,0,0,0
79697,Will Bales,1953,0,0,0
79698,Hugh Beins,1953,0,0,0
79699,Bill Edwards,1953,0,0,0
79700,Jim Gerber,1953,0,0,0
79701,Bob Goss,1953,0,0,0
79702,Dick Gross,1953,0,0,0
79703,Ed Kohl,1953,0,0,0
79704,John Kurz,1953,0,0,0
79705,Gene Lambert,1953,0,0,0
79706,Nick Maguire,1953,0,0,0
79707,Jim Scottie,1953,0,0,0
79708,Kendall Sheets,1953,0,0,0
79709,Tex Silverman,1953,0,0,0
79710,Paul Smaagard,1953,0,0,0
79711,Will Walls,1953,0,0,0
79712,Al Bailey,1953,0,0,0
79713,Garrett Beshear,1953,0,0,0
79714,Glen Dille,1953,0,0,0
79715,Joe Hughes,1953,0,0,0
79716,Bill Hull,1953,0,0,0
79717,Bill Jenkins,1953,0,0,0
79718,Andy McGowan,1953,0,0,0
79719,Gerald Nappy,1953,0,0,0
79720,Warren Shackelford,1953,0,0,0
79721,Paul Brandt,1953,0,0,0
79722,Joe Cipriano,1953,0,0,0
79723,Eddie O'Brien,1953,0,0,0
79724,John O'Brien,1953,0,0,0
79725,Bob Rousey,1953,0,0,0
79726,Darrell Tucker,1953,0,0,0
77843,Bob Peterson,1953,0,0,0
78616,Mark Workman,1952,1,0,1
76081,Jim Baechtold,1952,1,0,2
76894,Dick Groat,1952,1,0,3
79618,Joe Dean,1952,1,0,4
77868,Ralph Polson,1952,1,0,5
79570,Bill Stauffer,1952,1,0,6
77397,Bob Lochmueller,1952,1,0,7
79607,Chuck Darling,1952,1,0,8
77414,Clyde Lovellette,1952,1,0,9
76241,Jim Brasco,1952,0,0,0
76246,Tom Brennan,1952,0,0,0
76301,Dick Bunt,1952,0,0,0
76428,Gene Conley,1952,10,0,0
76434,Bert Cook,1952,0,0,0
76536,Walt Davis,1952,2,0,0
76557,Blaine Denning,1952,0,0,0
76891,Chuck Grigsby,1952,0,0,0
76986,Herm Hedderick,1952,4,0,0
77045,Jim Holstein,1952,0,0,0
77430,Ronnie MacGilvray,1952,0,0,0
77499,Ken McBride,1952,0,0,0
77549,George McLeod,1952,0,0,0
77551,Jack McMahon,1952,0,0,0
77563,Carl McNulty,1952,0,0,0
77573,Don Meineke,1952,0,0,0
77599,Eddie Miller,1952,0,0,0
77619,Bill Mlkvy,1952,0,0,0
77843,Bob Peterson,1952,0,0,0
77886,Bob Priddy,1952,0,0,0
77900,Moe Radovich,1952,0,0,0
77947,Gene Rhodes,1952,0,0,0
78280,Dick Surhoff,1952,0,0,0
78446,Jim Walsh,1952,0,0,0
78506,Lucian Whitaker,1952,0,0,0
78639,Robert Zawoluk,1952,0,0,0
79563,Jim Buchanan,1952,6,0,0
79564,Jim Dilling,1952,9,0,0
79565,Fred Eydt,1952,7,0,0
79566,Jim Iverson,1952,2,0,0
79567,Don Johnson,1952,5,0,0
79568,J. C. Maze,1952,3,0,0
79569,Gordon Mungier,1952,8,0,0
79571,Roy Belliveau,1952,0,0,0
79572,Ben Gibson,1952,0,0,0
79573,Bud Julian,1952,0,0,0
79574,Paul Sullivan,1952,0,0,0
79575,Bob Brown,1952,0,0,0
79576,Burr Carlson,1952,0,0,0
79577,Newt Jones,1952,0,0,0
79578,Nick Kladis,1952,0,0,0
79579,Don Scanlon,1952,0,0,0
79580,Glenn Smith,1952,0,0,0
79581,Ben Stewart,1952,0,0,0
79582,Frank Guisness,1952,0,0,0
79583,Bill Lea,1952,0,0,0
79584,Mike Magula,1952,0,0,0
79585,Bud Penwell,1952,0,0,0
79586,Art Press,1952,0,0,0
79587,Benny Purcell,1952,0,0,0
79588,Bill Carlson,1952,0,0,0
79589,Hal Cerra,1952,0,0,0
79590,Bob Clifton,1952,0,0,0
79591,Leo Corkery,1952,0,0,0
79592,Lee Terrill,1952,0,0,0
79593,Tom Ackerman,1952,0,0,0
79594,Jim Bishop,1952,0,0,0
79595,Rod Fletcher,1952,0,0,0
79596,Cliff Haag,1952,0,0,0
79597,Bob Holt,1952,0,0,0
79598,Tom Katsimpalis,1952,0,0,0
79599,Dick Means,1952,0,0,0
79600,Dwight Morrison,1952,0,0,0
79601,Ed Ramiraz,1952,0,0,0
79602,Don Schneider,1952,0,0,0
79603,Gene Smith,1952,0,0,0
79604,Middie Smith,1952,0,0,0
79605,Homer Spain,1952,0,0,0
79606,John Wallesea,1952,0,0,0
79608,Bryant Ivey,1952,0,0,0
79609,Leroy Leslie,1952,0,0,0
79610,Jewell McDowell,1952,0,0,0
79611,Sam Miranda,1952,0,0,0
79612,Jerry Romney,1952,0,0,0
79613,Ray Royce,1952,0,0,0
79614,Arnold Smith,1952,0,0,0
79615,Ray Sonnenberg,1952,0,0,0
79616,Ray Steiner,1952,0,0,0
79617,Bob Whitmer,1952,0,0,0
79619,Jay Handlan,1952,0,0,0
79620,Bill Harrell,1952,0,0,0
79621,Jim Hoverder,1952,0,0,0
79622,Gordon Stauffer,1952,0,0,0
79623,Dale Toft,1952,0,0,0
79624,Bud Donnelly,1952,0,0,0
79625,Jim Kennedy,1952,0,0,0
79626,Harry Moore,1952,0,0,0
79627,Bob Roche,1952,0,0,0
79628,Pete Brewster,1952,0,0,0
79629,Roger Johnson,1952,0,0,0
79630,Ab Nicholas,1952,0,0,0
79631,Dick Retherford,1952,0,0,0
79632,John Snee,1952,0,0,0
79633,Jim Tackett,1952,0,0,0
79634,Coyt Vance,1952,0,0,0
79635,Bobby Watson,1952,0,0,0
79534,Jim Ramstead,1952,0,0,0
79526,Gene Melchiorre,1951,1,1,1
77089,Mel Hutchins,1951,1,2,2
79544,Marcus Freiberger,1951,1,3,3
78163,Zeke Sinicola,1951,1,4,4
77513,John McConathy,1951,1,5,5
78187,Ed Smith,1951,1,6,6
76114,Ernie Barrett,1951,1,7,7
77912,Sam Ranzino,1951,1,8,8
78278,Don Sunderlage,1951,1,9,9
79284,Jack Stone,1951,2,1,10
79559,Bill Gossett,1951,2,2,11
79549,Scotty Steagall,1951,2,3,12
77256,Jack Kiley,1951,2,4,13
78066,Don Savage,1951,2,5,14
79510,Roland Minson,1951,2,6,15
79506,Bill Garrett,1951,2,7,16
77902,Ray Ragelis,1951,2,8,17
77824,Mel Payton,1951,2,9,18
77032,Lew Hitch,1951,2,10,19
79525,Bill Mann,1951,3,1,20
79557,Ron Bontemps,1951,3,2,21
79546,Glenn Kammeyer,1951,3,3,22
76705,Jake Fendley,1951,3,4,23
76837,Bato Govedarica,1951,3,5,24
79509,Joe Luchi,1951,3,6,25
79505,John Furlong,1951,3,7,26
76578,Fred Diute,1951,3,8,27
79517,Bob Schloss,1951,3,9,28
79538,Bob Payne,1951,3,10,29
79522,Bill Hagler,1951,4,1,30
78171,Jim Slaughter,1951,4,2,31
78359,Bill Tosheff,1951,4,3,32
79531,Herb Hargett,1951,4,4,33
79551,Paul Horvath,1951,4,5,34
79512,Lloyd Sandstrom,1951,4,6,35
79504,Bob Barnett,1951,4,7,36
76141,Elmer Behnke,1951,4,8,37
79516,Jud Milhon,1951,4,9,38
79537,Gale McArthur,1951,4,10,39
79524,Leroy Ishman,1951,5,1,40
79561,Bob Sakel,1951,5,2,41
79548,Bob Pierce,1951,5,3,42
79532,Leo Johnson,1951,5,4,43
79550,Glen Anderson,1951,5,5,44
79513,Tom Smith,1951,5,6,45
79507,Rip Gish,1951,5,7,46
79435,Dan Bagley,1951,5,8,47
77230,Michael Kearns,1951,5,9,48
79539,Leo Vander Kuy,1951,5,10,49
79521,Glen Duggins,1951,6,1,50
77941,John Rennicke,1951,6,2,51
79545,Marv Johnson,1951,6,3,52
79530,Frank Clasbeek,1951,6,4,53
79555,Bob Wheeler,1951,6,5,54
77536,Al McGuire,1951,6,6,55
77422,Jim Luisi,1951,6,7,56
79542,Jim Ove,1951,6,8,57
79518,Bob Swails,1951,6,9,58
79535,Deward Dopson,1951,6,10,59
79528,Tom Riach,1951,7,1,60
79556,Bob Ambler,1951,7,2,61
79543,Ted Beach,1951,7,3,62
79534,Jim Ramstead,1951,7,4,63
79554,Roy Reardon,1951,7,5,64
79511,Sid Ryen,1951,7,6,65
79503,John Azary,1951,7,7,66
79540,John Brown,1951,7,8,67
76555,George Dempsey,1951,7,9,68
79536,Ed Head,1951,7,10,69
79523,Bill Harper,1951,8,1,70
79560,Aaron Preece,1951,8,2,71
79547,George Kelly,1951,8,3,72
79533,John Manning,1951,8,4,73
79552,Tom Jockle,1951,8,5,74
79508,Hugo Kappler,1951,8,6,75
79541,George Davidson,1951,8,7,76
77849,Jim Phelan,1951,8,8,77
79520,Bob Crowe,1951,9,1,78
79562,Wayne Tucker,1951,9,2,79
79553,Ray Kirkwasser,1951,9,3,80
79514,Hugh Faulkner,1951,9,4,81
79529,Dan Torrey,1951,10,1,82
79558,John DeWitt,1951,10,2,83
79515,Paul Gerwin,1951,10,3,84
79527,Clem Pavilonis,1951,11,1,85
79519,John Burke,1951,12,1,86
78169,Whitey Skoog,1951,0,0,0
78125,Charlie Share,1950,1,1,1
77933,Don Rehfeldt,1950,1,2,2
600003,Bob Cousy,1950,1,3,3
78086,Dick Schnittker,1950,1,4,4
76744,Larry Foust,1950,1,5,5
79437,Irwin Dambrot,1950,1,6,6
78628,George Yardley,1950,1,7,7
77347,Bob Lavoy,1950,1,8,8
77559,Joe McNamee,1950,1,9,9
77773,Kevin O'Shea,1950,1,10,10
77402,Don Lofgran,1950,1,11,11
76056,Paul Arizin,1950,0,0,0
76129,Ed Beach,1950,5,0,0
76186,Leon Blevins,1950,7,0,0
76209,Costic Borsavage,1950,5,0,0
76311,Art Burris,1950,3,0,0
76326,Gerry Calabrese,1950,2,0,0
76394,Cal Christensen,1950,5,0,0
76442,Chuck Cooper,1950,2,0,0
76496,Ed Dahler,1950,2,0,0
76551,Nate DeLong,1950,9,0,0
76565,Dick Dickey,1950,3,0,0
76584,Bob Donham,1950,3,0,0
76797,Ed Gayda,1950,2,0,0
76850,Bud Grant,1950,4,0,0
77090,Joe Hutton,1950,7,0,0
77268,George King,1950,8,0,0
77394,Earl Lloyd,1950,9,0,0
77441,Norm Mager,1950,5,0,0
77444,Francis Mahoney,1950,6,0,0
77657,Chuck Mrazovich,1950,3,0,0
77675,Ken Murray,1950,4,0,0
77743,Buckshot O'Brien,1950,6,0,0
77753,Tommy O'Keefe,1950,4,0,0
77775,Wally Osterkorn,1950,2,0,0
77780,Claude Overton,1950,5,0,0
77859,John Pilch,1950,2,0,0
77959,Jim Riffey,1950,2,0,0
78067,Alan Sawyer,1950,3,0,0
78082,Herb Scherer,1950,2,0,0
78126,Bill Sharman,1950,2,0,0
79423,Dale Barnstable,1950,7,0,0
79424,Bob Cope,1950,9,0,0
79425,Matt Forman,1950,10,0,0
79426,Frank Oftring,1950,8,0,0
79427,Ken Reeves,1950,4,0,0
79428,Jack Shelton,1950,5,0,0
79429,John Brown,1950,9,0,0
79430,Stu Inman,1950,6,0,0
79431,Bud Schaeffer,1950,10,0,0
79432,Don Stroot,1950,5,0,0
79433,Lou Watson,1950,3,0,0
79434,Milt Whitehead,1950,7,0,0
79435,Dan Bagley,1950,7,0,0
79436,Dick Barnes,1950,5,0,0
79438,Don Heathington,1950,9,0,0
79439,Charles Hope,1950,8,0,0
79440,Joe Ossola,1950,4,0,0
79441,Don Parsons,1950,6,0,0
79442,Stan Weber,1950,3,0,0
79443,Bernie Adams,1950,10,0,0
79444,Buddy Cate,1950,3,0,0
79445,Dick Dallmer,1950,6,0,0
79446,Joe Kaufman,1950,9,0,0
79447,Ed Montgomery,1950,12,0,0
79448,Charles Northup,1950,7,0,0
79449,Brooks Ricca,1950,8,0,0
79450,Paul Sensky,1950,4,0,0
79451,Leo Wolfe,1950,11,0,0
79452,Warren Cartier,1950,6,0,0
79453,Jim Cathcart,1950,7,0,0
79454,Joe Greenbach,1950,8,0,0
79455,Joe Noertker,1950,10,0,0
79456,George Bush,1950,8,0,0
79457,Frank Comerford,1950,7,0,0
79458,Rick Harman,1950,6,0,0
79459,Jack Laub,1950,9,0,0
79460,Jerry Reed,1950,4,0,0
79461,Mike Zedalis,1950,10,0,0
79462,Billy Adcock,1950,8,0,0
79463,Al Henningsen,1950,9,0,0
79464,Ed Jones,1950,7,0,0
79465,Bob Metcalf,1950,6,0,0
79466,Len Rzewszewski,1950,4,0,0
79467,Ed Thompson,1950,5,0,0
79468,Newt Benson,1950,8,0,0
79469,Andy Butchko,1950,10,0,0
79470,Wayne Glasgow,1950,6,0,0
79471,Hal Haskins,1950,2,0,0
79472,Jim Reilly,1950,9,0,0
79473,Howie Williams,1950,3,0,0
79474,Harry Foley,1950,10,0,0
79475,Chet Giermak,1950,4,0,0
79476,John Givens,1950,6,0,0
79477,Dan Kahler,1950,7,0,0
79478,Carl Kraushaar,1950,8,0,0
79479,Bob Roper,1950,3,0,0
79480,George Stanich,1950,2,0,0
79481,Warren Switzer,1950,9,0,0
79482,Sonny Allen,1950,5,0,0
79483,Colin Anderson,1950,10,0,0
79484,Jimmy Doyle,1950,11,0,0
79485,Jim Line,1950,4,0,0
79486,Gene Schmidt,1950,9,0,0
79487,Jerry Stuteville,1950,8,0,0
79488,Paul Unruh,1950,2,0,0
79489,Lou Arko,1950,7,0,0
79490,Stan Christie,1950,3,0,0
79491,Bob Healey,1950,8,0,0
79492,Paul Hickey,1950,5,0,0
79493,Paul Merchant,1950,4,0,0
79494,Bob Savage,1950,9,0,0
79495,Mack Suprunowicz,1950,6,0,0
79496,Glenn Wilkes,1950,10,0,0
79497,Bob Anderson,1950,6,0,0
79498,Keith Bloom,1950,10,0,0
79499,Clarence Brannum,1950,3,0,0
79500,Loy Doty,1950,8,0,0
79501,Bill Erickson,1950,7,0,0
79502,Paul Hicks,1950,4,0,0
79341,Joe Nelson,1950,5,0,0
78124,Howie Shannon,1949,1,1,1
76897,Alex Groza,1949,1,2,2
76959,Bob Harris,1949,1,3,3
77346,Tony Lavelli,1949,1,4,4
76779,Vern Gardner,1949,1,5,5
77392,Ron Livingstone,1949,1,6,6
77537,Dick McGuire,1949,1,7,7
77199,Wallace Jones,1949,1,8,8
77249,Jack Kerris,1949,1,9,9
78063,Frank Saul,1949,1,10,10
76098,Cliff Barker,1949,5,0,0
76110,Leo Barnhorst,1949,2,0,0
76131,Ralph Beard,1949,2,0,0
76190,Nelson Bobb,1949,3,0,0
76214,Don Boven,1949,6,0,0
76452,Ray Corley,1949,5,0,0
76580,Earl Dodd,1949,5,0,0
76585,Harry Donovan,1949,2,0,0
76636,Thomas Eddleman,1949,3,0,0
76687,Bob Evans,1949,4,0,0
76835,Paul Gordon,1949,3,0,0
76962,Bob Harrison,1949,0,0,0
77218,George Kaftan,1949,2,0,0
77285,Duane Klueh,1949,8,0,0
77366,Ed Leede,1949,3,0,0
77429,Ed Macauley,1949,0,0,0
77593,Vern Mikkelsen,1949,0,0,0
77659,Joe Mullaney,1949,3,0,0
77683,Jerry Nagel,1949,4,0,0
77724,Jim Nolan,1949,2,0,0
77758,Johnny Oldham,1949,2,0,0
77779,Mac Otten,1949,3,0,0
77834,Warren Perkins,1949,4,0,0
77887,John Pritchard,1949,7,0,0
78033,Bob Royer,1949,8,0,0
78074,Marv Schatzman,1949,0,0,0
78075,Fred Schaus,1949,3,0,0
78405,Ernie Vandeweghe,1949,3,0,0
78447,Paul Walther,1949,0,0,0
79389,Ed Little,1949,0,0,0
79390,Jim Simpson,1949,0,0,0
79391,Emerson Speicher,1949,0,0,0
79392,Bill Tom,1949,0,0,0
79393,Bill Vandenburgh,1949,0,0,0
79394,Russ Washburn,1949,0,0,0
79395,Bill Weight,1949,0,0,0
79396,Don Bagley,1949,0,0,0
79397,Ken Kearns,1949,0,0,0
79398,Bill Kleine,1949,0,0,0
79399,Bill Litchfield,1949,0,0,0
79400,Bob Prewitt,1949,0,0,0
79401,Paul Courty,1949,0,0,0
79402,Carl Schaeffer,1949,0,0,0
79403,Bill Tanzler,1949,0,0,0
79404,Jack Theolan,1949,0,0,0
79405,Joe Crandall,1949,0,0,0
79406,Jack Davidson,1949,0,0,0
79407,Bob Retherford,1949,0,0,0
79408,Eddie Van Zant,1949,0,0,0
79409,Preston Ward,1949,0,0,0
79410,Maynard Haitcock,1949,0,0,0
79411,Jim Lacy,1949,0,0,0
79412,Jim Owens,1949,2,0,0
79413,Bill Evans,1949,0,0,0
79414,Tom Gallagher,1949,0,0,0
79415,Jim McMullen,1949,0,0,0
79416,Eppa Rixey,1949,0,0,0
79417,Roger Wiley,1949,0,0,0
79418,Bill Zipple,1949,0,0,0
79419,Dal Zuber,1949,0,0,0
79420,Charlie Maas,1949,0,0,0
79421,Jim O'Halloran,1949,0,0,0
79422,J.L. Parks,1949,0,0,0
76414,Jack Coleman,1949,2,0,0
77769,Johnny Orr,1949,2,0,0
78353,Andy Tonkovich,1948,1,1,1
79374,George Kok,1948,1,2,2
79327,George Hauptfuhrer,1948,1,3,3
78076,Dolph Schayes,1948,1,4,4
77590,Ed Mikan,1948,1,5,5
76298,Walter Budko,1948,1,6,6
79351,Robert Gale,1948,1,7,7
78573,Ward Williams,1948,1,8,8
79378,Chuck Hanger,1948,1,9,9
78453,Bobby Wanzer,1948,1,10,10
77918,Don Ray,1948,1,11,11
77713,Jack Nichols,1948,1,12,12
76080,Johnny Bach,1948,0,0,0
76155,Gene Berce,1948,0,0,0
76270,Darrell Brown,1948,0,0,0
76306,Jack Burmaster,1948,0,0,0
76359,Jake Carter,1948,0,0,0
76414,Jack Coleman,1948,0,0,0
76438,Bobby Cook,1948,0,0,0
76571,John Dillon,1948,0,0,0
76711,Arnie Ferrin,1948,0,0,0
76768,Billy Gabor,1948,0,0,0
76778,Earl Gardner,1948,0,0,0
76808,Dee Gibson,1948,0,0,0
76937,Alex Hannum,1948,0,0,0
76974,Marshall Hawkins,1948,0,0,0
77041,Joe Holland,1948,0,0,0
77217,Edwin Kachan,1948,0,0,0
77226,Leo Katkaveck,1948,0,0,0
77238,Tom Kelly,1948,0,0,0
77303,Andy Kostecka,1948,0,0,0
77309,Dan Kraus,1948,0,0,0
77310,Herb Krautblatt,1948,0,0,0
77317,Leo Kubiak,1948,0,0,0
77425,Ray Lumpp,1948,0,0,0
77436,Johnny Macknowski,1948,0,0,0
77529,Mel McGaha,1948,0,0,0
77616,Murray Mitchell,1948,0,0,0
77769,Johnny Orr,1948,0,0,0
77797,Estes Parham,1948,0,0,0
77801,Jack Parkinson,1948,0,0,0
77841,Ed Peterson,1948,0,0,0
77889,Roy Pugh,1948,0,0,0
77968,Goebel Ritter,1948,0,0,0
78012,Kenny Rollins,1948,0,0,0
78141,Dick Shrider,1948,0,0,0
78225,Odie Spears,1948,0,0,0
78434,Brady Walker,1948,0,0,0
78483,Dick Wehr,1948,0,0,0
78521,Murray Wier,1948,0,0,0
78525,D.C. Wilcutt,1948,0,0,0
79324,Norman Carey,1948,0,0,0
79325,Bob Curran,1948,0,0,0
79326,Neil Dooley,1948,0,0,0
79328,Jack Hauser,1948,0,0,0
79329,Guinn Phillips,1948,0,0,0
79330,Ray Wehde,1948,0,0,0
79331,Mickey Marty,1948,0,0,0
79332,Ed Mills,1948,0,0,0
79333,Don Reagan,1948,0,0,0
79334,Joe Shafer,1948,0,0,0
79335,Fred Weber,1948,0,0,0
79336,Leland Byrd,1948,0,0,0
79337,Keith Grimes,1948,0,0,0
79338,John Stanisch,1948,0,0,0
79339,William Brown,1948,0,0,0
79340,Hugh Compton,1948,0,0,0
79341,Joe Nelson,1948,0,0,0
79342,Clint Pace,1948,0,0,0
79343,Tom Short,1948,0,0,0
79344,Joe Wahl,1948,0,0,0
79345,Andy Wolfe,1948,0,0,0
79346,A. L. Bennett,1948,0,0,0
79347,Ed Faber,1948,0,0,0
79348,Verl Heap,1948,0,0,0
79349,Otto Snellbacher,1948,0,0,0
79350,Gordon Flick,1948,0,0,0
79352,John Hoppin,1948,0,0,0
79353,Dan London,1948,0,0,0
79354,D. Miller,1948,0,0,0
79355,Fred Bartell,1948,0,0,0
79356,Ed Hughes,1948,0,0,0
79357,Thorton Jenkins,1948,0,0,0
79358,C.T. Parker,1948,0,0,0
79359,Don Walker,1948,0,0,0
79360,Al Williams,1948,0,0,0
79361,Jim Black,1948,0,0,0
79362,Robert Carroll,1948,0,0,0
79363,Marvin English,1948,0,0,0
79364,Gene Fellmoth,1948,0,0,0
79365,J. W. Fullerton,1948,0,0,0
79366,Marshall Gemberling,1948,0,0,0
79367,Vince Hansen,1948,0,0,0
79368,Wayne Jones,1948,0,0,0
79369,Paul Marcincin,1948,0,0,0
79370,Link Richmond,1948,0,0,0
79371,Reede Berg,1948,0,0,0
79372,Jack Coleman,1948,0,0,0
79373,Norman Kohler,1948,0,0,0
79375,Bob Paxton,1948,0,0,0
79376,Jack Phoenix,1948,0,0,0
79377,Cliff Crandall,1948,0,0,0
79379,Ken Jastrow,1948,0,0,0
79380,Bob Lowther,1948,0,0,0
79381,Junior Skogland,1948,0,0,0
79382,Quentin Stinson,1948,0,0,0
79383,Alex Athas,1948,0,0,0
79384,Ed Keim,1948,0,0,0
79385,Lionel Melamed,1948,0,0,0
79386,Hank O'Keefe,1948,0,0,0
79387,Warren Stickel,1948,0,0,0
79388,Paul Yesavi,1948,0,0,0
76773,Harry Gallatin,1948,0,0,0
79299,Clifton McNeeley,1947,1,1,1
78109,Glen Selbo,1947,1,2,2
76649,Eddie Ehlers,1947,1,3,3
79302,Walt Dropo,1947,1,4,4
77048,Dick Holub,1947,1,5,5
76479,Francis Crossin,1947,1,6,6
79311,Jack Underman,1947,1,7,7
77088,Paul Huston,1947,1,8,8
77752,Dick O'Keefe,1947,1,9,9
79321,Larry Killick,1947,1,10,10
76161,Hank Biasatti,1947,0,0,0
76407,Paul Cloyd,1947,0,0,0
76507,Jimmy Darden,1947,0,0,0
76615,Andy Duncan,1947,0,0,0
76689,Johnny Ezersky,1947,0,0,0
76769,Elmer R. Gainer,1947,0,0,0
76773,Harry Gallatin,1947,0,0,0
77014,Jack Hewson,1947,0,0,0
77036,Paul Hoffman,1947,0,0,0
77072,Bob Hubbard,1947,0,0,0
77452,John Mandic,1947,0,0,0
77462,Saul Mariaschin,1947,0,0,0
77613,Wat Misaka,1947,0,0,0
77684,Fred Nagy,1947,0,0,0
77686,Paul Napolitano,1947,0,0,0
77853,Andy Phillip,1947,0,0,0
77867,Jim Pollard,1947,0,0,0
77938,Joseph Reiser,1947,0,0,0
77999,Red Rocha,1947,0,0,0
78023,Irv Rothenberg,1947,0,0,0
78070,Ben Schadler,1947,0,0,0
78185,Donald Smith,1947,0,0,0
78275,Gene Stump,1947,0,0,0
78344,Jack Tingle,1947,0,0,0
78402,Gene Vance,1947,0,0,0
78650,Matt Zunic,1947,0,0,0
79278,Bob Alemeida,1947,0,0,0
79279,George Felt,1947,0,0,0
79280,John Kelly,1947,0,0,0
79281,George Petrovick,1947,0,0,0
79282,Ralph Bishop,1947,0,0,0
79283,Hank Decker,1947,0,0,0
79284,Jack Stone,1947,0,0,0
79285,Ray Evans,1947,0,0,0
79286,Ed Golub,1947,0,0,0
79287,Garland Head,1947,0,0,0
79288,Ron Livingston,1947,0,0,0
79289,Dan Miller,1947,0,0,0
79290,Carl Reichert,1947,0,0,0
79291,Tom Tomlinson,1947,0,0,0
79292,Norman Butz,1947,0,0,0
79293,Jim Kaeding,1947,0,0,0
79294,Ed Koffenberger,1947,0,0,0
79295,Bob Alamo,1947,0,0,0
79296,George Brown,1947,0,0,0
79297,Dick Ives,1947,0,0,0
79298,Herman Knoche,1947,0,0,0
79300,Jack Walton,1947,0,0,0
79301,Joe Barry,1947,0,0,0
79303,Dick Furey,1947,0,0,0
79304,Bob Joyce,1947,0,0,0
79305,Roy Lipscomb,1947,0,0,0
79306,John Mills,1947,0,0,0
79307,Al Nichols,1947,0,0,0
79308,Jack Knopf,1947,0,0,0
79309,Bob Kurland,1947,0,0,0
79310,Bill Strannigan,1947,0,0,0
79312,Herb Wilkinson,1947,0,0,0
79313,Frank Broyles,1947,0,0,0
79314,Wimpy Quinn,1947,0,0,0
79315,Bill Burke,1947,0,0,0
79316,Abel Rodriguez,1947,0,0,0
79317,Robert Bolyard,1947,0,0,0
79318,Scotty Hamilton,1947,0,0,0
79319,Hugh Hampton,1947,0,0,0
79320,Bob Jake,1947,0,0,0
79322,Charles Raynor,1947,0,0,0
79323,John Rusinko,1947,0,0,0
